mtllib materials.mtl
v -0.005580932 -0.001794815 -1.349019
v -0.0142893 -0.03429484 -1.349019
v -0.005581424 -0.001794815 -0.6690186
v -0.03808099 -0.05808651 -1.349019
v -0.03808147 -0.05808663 -0.6690189
v -0.07058096 -0.06679487 -1.349019
v -0.07058144 -0.06679487 -0.6690186
v -0.103081 -0.05808651 -1.349019
v -0.1030815 -0.05808663 -0.6690187
v -0.1268726 -0.03429484 -1.349019
v -0.1268731 -0.03429496 -0.6690187
v -0.1355809 -0.001794815 -1.349019
v -0.1355814 -0.001794934 -0.6690187
v -0.1268726 0.03070521 -1.349019
v -0.126873 0.03070509 -0.6690186
v -0.09308091 0.0344969 -1.349019
v -0.07058093 0.06320512 -1.349019
v -0.07058141 0.063205 -0.6690186
v -0.0380809 0.05449677 -1.349019
v -0.03808138 0.05449677 -0.6690186
v -0.01428929 0.03070521 -1.349019
v -0.01428978 0.03070521 -0.6690186
v -0.04688844 0.03924227 -1.449019
v -0.005582392 -0.00179565 1.370981
v -0.01429076 -0.03429568 1.370981
v -0.02995825 -0.02525091 1.450982
v -0.02367347 -0.001795292 1.450982
v -0.07058099 0.04559088 -1.449019
v -0.09427336 0.03924227 -1.449019
v -0.1116176 0.02189779 -1.449019
v -0.1179659 -0.001794338 -1.449019
v -0.1116176 -0.02548647 -1.449019
v -0.09427351 -0.04283094 -1.449019
v -0.07058096 -0.04917955 -1.449019
v -0.04688847 -0.04283094 -1.449019
v -0.02954435 -0.02548647 -1.449019
v -0.02319591 -0.001794338 -1.449019
v -0.06954435 -0.008102059 -1.489019
v -0.03808245 -0.05808735 1.370981
v -0.04712898 -0.04242182 1.450982
v -0.07058242 -0.06679559 1.370981
v -0.07058448 -0.04870653 1.450982
v -0.1030824 -0.05808723 1.370981
v -0.09404016 -0.04242182 1.450982
v -0.1268741 -0.03429568 1.370981
v -0.1155826 -0.01179552 1.370982
v -0.1068742 0.02070451 1.370982
v -0.09121096 0.01166058 1.450983
v -0.09749585 -0.01179552 1.450983
v -0.08308256 0.0444963 1.370982
v -0.07404029 0.02883101 1.450983
v -0.07058239 0.06320441 1.370981
v -0.04712895 0.03883076 1.450982
v -0.01429075 0.03070438 1.370981
v -0.02995825 0.02166033 1.450982
v -0.1030817 0.05449665 0.01098144
v -0.1030822 0.05449653 0.6909817
v -0.126874 0.03070486 0.6909822
v -0.1268734 0.03070486 0.01098144
v -0.1355823 -0.001795292 0.6909817
v -0.1355818 -0.001795173 0.01098132
v -0.1268739 -0.03429532 0.6909817
v -0.1030822 -0.05808687 0.6909817
v -0.1030818 -0.05808687 0.01098132
v -0.07058221 -0.06679511 0.6909817
v -0.07058173 -0.06679511 0.01098132
v -0.03808224 -0.05808687 0.6909817
v -0.03808177 -0.05808687 0.0109812
v -0.01429063 -0.0342952 0.6909817
v -0.01429015 -0.03429508 0.01098144
v -0.005582273 -0.001795173 0.6909817
v -0.005581796 -0.001795053 0.01098132
v -0.01429063 0.03070486 0.6909817
v -0.01429014 0.03070498 0.01098132
v -0.03808218 0.05449641 0.6909817
v -0.07058227 0.06320477 0.6909817
v -0.07058176 0.06320488 0.01098144
v -0.1030814 0.03449678 -0.6690186
v -0.1068736 -0.02429509 0.0009815693
v -0.04808253 0.02449632 1.350982
v -0.004289865 -0.04429471 -0.6690186
v -0.04808182 0.03449667 0.01098156
v 0.134419 -0.001792789 -1.339019
v 0.1257106 -0.03429282 -1.339019
v 0.1344184 -0.001792908 -0.6590186
v 0.101919 -0.05808449 -1.339019
v 0.1019183 -0.05808473 -0.6590189
v 0.06941897 -0.06679285 -1.339019
v 0.06941834 -0.06679296 -0.6590186
v 0.03691894 -0.05808449 -1.339019
v 0.03691831 -0.05808473 -0.6590186
v 0.01312734 -0.03429282 -1.339019
v 0.01312672 -0.03429306 -0.6590186
v 0.004418999 -0.001792789 -1.339019
v 0.004418358 -0.001793027 -0.6590186
v 0.01312736 0.03070724 -1.339019
v 0.01312673 0.030707 -0.6590186
v 0.04691902 0.03449893 -1.339019
v 0.069419 0.06320715 -1.339019
v 0.06941837 0.06320691 -0.6590186
v 0.101919 0.05449879 -1.339019
v 0.1019184 0.05449867 -0.6590186
v 0.1257106 0.03070724 -1.339019
v 0.12571 0.03070712 -0.6590186
v 0.0931115 0.03924429 -1.439019
v 0.134417 -0.001794219 1.380982
v 0.1257086 -0.03429425 1.380981
v 0.1100411 -0.02524948 1.460982
v 0.1163259 -0.001793861 1.460983
v 0.06941895 0.0455929 -1.439019
v 0.04572658 0.03924429 -1.439019
v 0.02838233 0.02189982 -1.439019
v 0.02203402 -0.001792312 -1.439019
v 0.02838233 -0.02548444 -1.439019
v 0.04572645 -0.04282892 -1.439019
v 0.069419 -0.04917753 -1.439019
v 0.09311149 -0.04282892 -1.439019
v 0.1104556 -0.02548444 -1.439019
v 0.116804 -0.001792312 -1.439019
v 0.07045561 -0.008100152 -1.479019
v 0.1019169 -0.05808592 1.380981
v 0.09287037 -0.04242039 1.460982
v 0.06941694 -0.06679416 1.380981
v 0.06941487 -0.0487051 1.460982
v 0.03691691 -0.0580858 1.380981
v 0.04595919 -0.04242039 1.460982
v 0.01312532 -0.03429425 1.380981
v 0.02441676 -0.01179409 1.380982
v 0.03312513 0.02070594 1.380982
v 0.04878838 0.01166201 1.460983
v 0.04250349 -0.01179409 1.460983
v 0.0569168 0.04449773 1.380982
v 0.06595907 0.02883244 1.460983
v 0.06941697 0.06320584 1.380982
v 0.09287038 0.03883219 1.460982
v 0.1257086 0.03070581 1.380982
v 0.1100411 0.02166176 1.460982
v 0.0369179 0.05449843 0.02098155
v 0.03691727 0.0544982 0.7009817
v 0.01312548 0.03070652 0.7009822
v 0.01312622 0.03070664 0.02098143
v 0.004417226 -0.001793623 0.7009817
v 0.004417852 -0.001793385 0.02098131
v 0.01312558 -0.03429365 0.7009817
v 0.03691724 -0.0580852 0.7009817
v 0.03691787 -0.05808508 0.02098131
v 0.06941727 -0.06679344 0.7009817
v 0.06941789 -0.06679332 0.02098131
v 0.1019172 -0.05808532 0.7009817
v 0.1019179 -0.0580852 0.02098119
v 0.1257089 -0.03429365 0.7009817
v 0.1257095 -0.03429341 0.02098155
v 0.1344172 -0.001793623 0.7009817
v 0.1344179 -0.001793265 0.02098143
v 0.1257089 0.03070641 0.700982
v 0.1257095 0.03070676 0.02098143
v 0.1019173 0.05449796 0.700982
v 0.06941724 0.06320643 0.7009817
v 0.06941786 0.06320667 0.02098155
v 0.03691834 0.03449869 -0.6590186
v 0.03312609 -0.0242933 0.01098156
v 0.09191684 0.02449787 1.360982
v 0.1357099 -0.04429281 -0.6590185
v 0.09191784 0.03449845 0.02098167
v 0.2744193 -0.001792908 -1.339019
v 0.2657109 -0.03429294 -1.339019
v 0.2744186 -0.001793146 -0.6590186
v 0.2419193 -0.05808461 -1.339019
v 0.2419186 -0.05808496 -0.6590188
v 0.2094193 -0.06679296 -1.339019
v 0.2094186 -0.0667932 -0.6590186
v 0.1769193 -0.05808461 -1.339019
v 0.1769186 -0.05808496 -0.6590186
v 0.1531277 -0.03429294 -1.339019
v 0.153127 -0.03429329 -0.6590186
v 0.1444193 -0.001792908 -1.339019
v 0.1444186 -0.001793265 -0.6590186
v 0.1531277 0.03070712 -1.339019
v 0.153127 0.03070676 -0.6590186
v 0.1869193 0.03449881 -1.339019
v 0.2094193 0.06320703 -1.339019
v 0.2094187 0.06320667 -0.6590186
v 0.2419194 0.05449867 -1.339019
v 0.2419187 0.05449843 -0.6590186
v 0.265711 0.03070712 -1.339019
v 0.2657103 0.03070688 -0.6590186
v 0.2331118 0.03924429 -1.439019
v 0.274417 -0.001794696 1.380982
v 0.2657087 -0.03429472 1.380982
v 0.2500412 -0.02525008 1.460982
v 0.256326 -0.001794457 1.460983
v 0.2094193 0.0455929 -1.439019
v 0.1857269 0.03924429 -1.439019
v 0.1683827 0.02189982 -1.439019
v 0.1620344 -0.001792312 -1.439019
v 0.1683827 -0.02548444 -1.439019
v 0.1857268 -0.04282892 -1.439019
v 0.2094193 -0.04917753 -1.439019
v 0.2331118 -0.04282892 -1.439019
v 0.2504559 -0.02548444 -1.439019
v 0.2568044 -0.001792312 -1.439019
v 0.210456 -0.008100152 -1.479019
v 0.241917 -0.0580864 1.380982
v 0.2328704 -0.04242098 1.460982
v 0.209417 -0.06679463 1.380982
v 0.2094149 -0.0487057 1.460982
v 0.176917 -0.05808628 1.380981
v 0.1859593 -0.04242098 1.460982
v 0.1531254 -0.03429472 1.380981
v 0.1644168 -0.01179457 1.380982
v 0.1731252 0.02070546 1.380982
v 0.1887885 0.01166141 1.460983
v 0.1825036 -0.01179469 1.460983
v 0.1969169 0.04449725 1.380982
v 0.2059591 0.02883184 1.460983
v 0.2094171 0.06320536 1.380982
v 0.2328705 0.03883159 1.460982
v 0.2657087 0.03070533 1.380982
v 0.2500412 0.02166116 1.460982
v 0.1769181 0.05449808 0.02098155
v 0.1769174 0.05449772 0.700982
v 0.1531256 0.03070605 0.7009825
v 0.1531264 0.03070629 0.02098155
v 0.1444174 -0.0017941 0.7009817
v 0.1444181 -0.001793742 0.02098131
v 0.1531257 -0.03429413 0.7009817
v 0.1769174 -0.05808568 0.7009817
v 0.1769181 -0.05808544 0.02098131
v 0.2094174 -0.06679392 0.7009817
v 0.2094181 -0.06679368 0.02098131
v 0.2419174 -0.05808568 0.7009817
v 0.2419181 -0.05808544 0.02098131
v 0.265709 -0.03429401 0.700982
v 0.2657097 -0.03429365 0.02098155
v 0.2744174 -0.001793981 0.700982
v 0.2744181 -0.001793623 0.02098143
v 0.265709 0.03070605 0.700982
v 0.2657097 0.03070641 0.02098143
v 0.2419175 0.0544976 0.700982
v 0.2094174 0.06320596 0.700982
v 0.2094181 0.06320632 0.02098155
v 0.1769186 0.03449845 -0.6590185
v 0.1731263 -0.02429366 0.01098156
v 0.2319169 0.02449727 1.360982
v 0.2757102 -0.04429305 -0.6590185
v 0.2319181 0.0344981 0.02098167
v 0.4144189 -0.001792908 -1.327727
v 0.4057105 -0.03429294 -1.327727
v 0.4144181 -0.001793146 -0.6477268
v 0.3819188 -0.05808461 -1.327727
v 0.381918 -0.05808496 -0.6477269
v 0.3494189 -0.06679296 -1.327727
v 0.3494181 -0.0667932 -0.6477269
v 0.3169188 -0.05808461 -1.327727
v 0.316918 -0.05808496 -0.6477269
v 0.2931272 -0.03429294 -1.327727
v 0.2931264 -0.03429329 -0.6477269
v 0.2844189 -0.001792908 -1.327727
v 0.2844181 -0.001793265 -0.6477269
v 0.2931273 0.03070712 -1.327727
v 0.2931265 0.03070676 -0.6477268
v 0.326919 0.03449881 -1.327727
v 0.3494189 0.06320703 -1.327727
v 0.3494181 0.06320667 -0.6477268
v 0.381919 0.05449867 -1.327727
v 0.3819182 0.05449843 -0.6477268
v 0.4057106 0.03070712 -1.327727
v 0.4057097 0.03070688 -0.6477268
v 0.3731115 0.03924429 -1.427727
v 0.4144162 -0.001794696 1.392274
v 0.4057078 -0.03429472 1.392274
v 0.3900403 -0.02525008 1.472274
v 0.3963251 -0.001794457 1.472275
v 0.3494189 0.0455929 -1.427727
v 0.3257265 0.03924429 -1.427727
v 0.3083823 0.02189982 -1.427727
v 0.302034 -0.001792312 -1.427727
v 0.3083823 -0.02548444 -1.427727
v 0.3257264 -0.04282892 -1.427727
v 0.3494189 -0.04917753 -1.427727
v 0.3731114 -0.04282892 -1.427727
v 0.3904555 -0.02548444 -1.427727
v 0.396804 -0.001792312 -1.427727
v 0.3504556 -0.008100152 -1.467727
v 0.3819161 -0.0580864 1.392273
v 0.3728696 -0.04242098 1.472274
v 0.3494161 -0.06679463 1.392273
v 0.349414 -0.0487057 1.472274
v 0.3169161 -0.05808628 1.392273
v 0.3259583 -0.04242098 1.472274
v 0.2931245 -0.03429472 1.392273
v 0.3044159 -0.01179457 1.392274
v 0.3131243 0.02070546 1.392274
v 0.3287876 0.01166141 1.472275
v 0.3225027 -0.01179469 1.472275
v 0.336916 0.04449725 1.392274
v 0.3459582 0.02883184 1.472275
v 0.3494162 0.06320536 1.392274
v 0.3728696 0.03883159 1.472274
v 0.4057078 0.03070533 1.392274
v 0.3900403 0.02166116 1.472274
v 0.3169175 0.05449808 0.03227341
v 0.3169166 0.05449772 0.7122737
v 0.2931249 0.03070605 0.7122742
v 0.2931258 0.03070629 0.03227329
v 0.2844166 -0.0017941 0.7122737
v 0.2844174 -0.001793742 0.03227317
v 0.2931249 -0.03429413 0.7122737
v 0.3169166 -0.05808568 0.7122737
v 0.3169174 -0.05808544 0.03227317
v 0.3494166 -0.06679392 0.7122737
v 0.3494174 -0.06679368 0.03227317
v 0.3819166 -0.05808568 0.7122737
v 0.3819174 -0.05808544 0.03227305
v 0.4057083 -0.03429401 0.7122737
v 0.405709 -0.03429365 0.03227341
v 0.4144166 -0.001793981 0.7122737
v 0.4144174 -0.001793623 0.03227329
v 0.4057083 0.03070605 0.7122737
v 0.4057091 0.03070641 0.03227329
v 0.3819167 0.0544976 0.7122737
v 0.3494166 0.06320596 0.7122737
v 0.3494174 0.06320632 0.03227341
v 0.3169181 0.03449845 -0.6477267
v 0.3131256 -0.02429366 0.02227342
v 0.3719161 0.02449727 1.372274
v 0.4157097 -0.04429305 -0.6477267
v 0.3719174 0.0344981 0.03227353
v -0.1455809 -0.001792669 -1.359019
v -0.1542893 -0.0342927 -1.359019
v -0.1455813 -0.001792669 -0.6790186
v -0.1780809 -0.05808437 -1.359019
v -0.1780813 -0.05808449 -0.6790189
v -0.2105809 -0.06679273 -1.359019
v -0.2105813 -0.06679273 -0.6790187
v -0.2430809 -0.05808437 -1.359019
v -0.2430813 -0.05808437 -0.6790187
v -0.2668726 -0.0342927 -1.359019
v -0.2668729 -0.0342927 -0.6790187
v -0.2755809 -0.001792669 -1.359019
v -0.2755813 -0.001792669 -0.6790187
v -0.2668726 0.03070736 -1.359019
v -0.2668729 0.03070736 -0.6790187
v -0.2330809 0.03449905 -1.359019
v -0.2105809 0.06320727 -1.359019
v -0.2105813 0.06320727 -0.6790186
v -0.1780809 0.05449891 -1.359019
v -0.1780812 0.05449903 -0.6790186
v -0.1542893 0.03070736 -1.359019
v -0.1542896 0.03070748 -0.6790186
v -0.1868884 0.03924441 -1.459019
v -0.145582 -0.001793146 1.360981
v -0.1542903 -0.03429317 1.360981
v -0.1699578 -0.02524841 1.440982
v -0.163673 -0.001792789 1.440982
v -0.210581 0.04559302 -1.459019
v -0.2342733 0.03924441 -1.459019
v -0.2516176 0.02189994 -1.459019
v -0.2579659 -0.001792192 -1.459019
v -0.2516176 -0.02548432 -1.459019
v -0.2342735 -0.0428288 -1.459019
v -0.2105809 -0.04917741 -1.459019
v -0.1868885 -0.0428288 -1.459019
v -0.1695443 -0.02548432 -1.459019
v -0.1631959 -0.001792192 -1.459019
v -0.2095443 -0.008100033 -1.499019
v -0.178082 -0.05808485 1.360981
v -0.1871285 -0.04241931 1.440982
v -0.210582 -0.06679308 1.360981
v -0.210584 -0.04870403 1.440982
v -0.243082 -0.05808473 1.360981
v -0.2340397 -0.04241931 1.440982
v -0.2668736 -0.03429317 1.360981
v -0.2555822 -0.0117929 1.360982
v -0.2468738 0.02070713 1.360982
v -0.2312105 0.01166308 1.440983
v -0.2374954 -0.01179302 1.440983
v -0.2230821 0.04449892 1.360982
v -0.2140398 0.02883351 1.440983
v -0.210582 0.06320691 1.360981
v -0.1871285 0.03883326 1.440982
v -0.1542903 0.03070688 1.360981
v -0.1699578 0.02166283 1.440982
v -0.2430815 0.05449903 0.0009814501
v -0.2430819 0.05449903 0.6809818
v -0.2668737 0.03070736 0.6809822
v -0.2668732 0.03070724 0.0009814501
v -0.2755819 -0.001792789 0.6809818
v -0.2755816 -0.001792789 0.0009813309
v -0.2668736 -0.03429282 0.6809818
v -0.2430819 -0.05808449 0.6809818
v -0.2430815 -0.05808449 0.0009813309
v -0.2105819 -0.06679273 0.6809818
v -0.2105815 -0.06679273 0.0009813309
v -0.1780819 -0.05808449 0.6809818
v -0.1780815 -0.05808461 0.0009812117
v -0.1542903 -0.03429282 0.6809818
v -0.1542899 -0.03429282 0.0009814501
v -0.1455819 -0.001792789 0.6809818
v -0.1455816 -0.001792789 0.0009814501
v -0.1542903 0.03070724 0.6809818
v -0.1542899 0.03070736 0.0009814501
v -0.1780818 0.05449891 0.6809818
v -0.2105819 0.06320715 0.6809818
v -0.2105815 0.06320727 0.0009815693
v -0.2430813 0.03449905 -0.6790186
v -0.2468733 -0.02429271 -0.009018421
v -0.1880821 0.02449894 1.340982
v -0.1442897 -0.04429257 -0.6790185
v -0.1880816 0.03449893 0.0009816885
v -0.2855808 -0.001792669 -1.357727
v -0.2942892 -0.0342927 -1.357727
v -0.2855811 -0.001792431 -0.6777269
v -0.3180809 -0.05808437 -1.357727
v -0.3180811 -0.05808425 -0.677727
v -0.3505808 -0.06679273 -1.357727
v -0.3505811 -0.06679249 -0.6777269
v -0.3830809 -0.05808437 -1.357727
v -0.3830811 -0.05808425 -0.6777269
v -0.4068725 -0.0342927 -1.357727
v -0.4068727 -0.03429258 -0.6777269
v -0.4155808 -0.001792669 -1.357727
v -0.4155811 -0.00179255 -0.6777269
v -0.4068725 0.03070736 -1.357727
v -0.4068727 0.03070748 -0.6777269
v -0.3730808 0.03449905 -1.357727
v -0.3505808 0.06320727 -1.357727
v -0.3505811 0.06320739 -0.6777269
v -0.3180808 0.05449891 -1.357727
v -0.3180811 0.05449915 -0.6777269
v -0.2942892 0.03070736 -1.357727
v -0.2942894 0.0307076 -0.6777269
v -0.3268884 0.03924441 -1.457727
v -0.2855813 -0.00179255 1.362273
v -0.2942897 -0.03429258 1.362273
v -0.3099571 -0.02524781 1.442274
v -0.3036723 -0.001792192 1.442274
v -0.3505809 0.04559302 -1.457727
v -0.3742733 0.03924441 -1.457727
v -0.3916175 0.02189994 -1.457727
v -0.3979659 -0.001792192 -1.457727
v -0.3916176 -0.02548432 -1.457727
v -0.3742734 -0.0428288 -1.457727
v -0.3505809 -0.04917741 -1.457727
v -0.3268884 -0.0428288 -1.457727
v -0.3095443 -0.02548432 -1.457727
v -0.3031959 -0.001792192 -1.457727
v -0.3495443 -0.008100033 -1.497727
v -0.3180813 -0.05808425 1.362273
v -0.3271278 -0.04241872 1.442274
v -0.3505813 -0.06679249 1.362273
v -0.3505833 -0.04870343 1.442274
v -0.3830813 -0.05808413 1.362273
v -0.374039 -0.04241872 1.442274
v -0.406873 -0.03429258 1.362273
v -0.3955815 -0.01179242 1.362274
v -0.3868732 0.02070761 1.362274
v -0.3712098 0.01166368 1.442274
v -0.3774947 -0.01179242 1.442274
v -0.3630815 0.0444994 1.362274
v -0.3540392 0.0288341 1.442275
v -0.3505813 0.06320751 1.362273
v -0.3271278 0.03883386 1.442274
v -0.2942897 0.03070748 1.362273
v -0.3099571 0.02166343 1.442274
v -0.3830812 0.05449927 0.002273202
v -0.3830814 0.05449939 0.6822735
v -0.4068732 0.03070772 0.682274
v -0.4068728 0.03070748 0.002273202
v -0.4155814 -0.001792431 0.6822735
v -0.4155812 -0.00179255 0.002273083
v -0.4068731 -0.03429246 0.6822735
v -0.3830814 -0.05808401 0.6822735
v -0.3830812 -0.05808425 0.002273083
v -0.3505814 -0.06679225 0.6822735
v -0.3505811 -0.06679249 0.002273083
v -0.3180814 -0.05808401 0.6822735
v -0.3180812 -0.05808425 0.002272964
v -0.2942898 -0.03429234 0.6822735
v -0.2942896 -0.03429246 0.002273202
v -0.2855814 -0.001792312 0.6822735
v -0.2855812 -0.001792431 0.002273083
v -0.2942898 0.03070772 0.6822735
v -0.2942896 0.0307076 0.002273083
v -0.3180813 0.05449927 0.6822735
v -0.3505814 0.06320763 0.6822735
v -0.3505812 0.06320751 0.002273202
v -0.3830811 0.03449917 -0.6777269
v -0.386873 -0.02429247 -0.007726669
v -0.3280815 0.02449942 1.342274
v -0.2842895 -0.04429233 -0.6777267
v -0.3280812 0.03449929 0.002273321
v -0.4255805 -0.001792669 -1.349019
v -0.4342888 -0.0342927 -1.349019
v -0.4255807 -0.001792431 -0.6690186
v -0.4580805 -0.05808437 -1.349019
v -0.4580807 -0.05808425 -0.6690187
v -0.4905805 -0.06679273 -1.349019
v -0.4905807 -0.06679249 -0.6690186
v -0.5230805 -0.05808437 -1.349019
v -0.5230807 -0.05808425 -0.6690186
v -0.5468721 -0.0342927 -1.349019
v -0.5468724 -0.03429258 -0.6690186
v -0.5555805 -0.001792669 -1.349019
v -0.5555807 -0.00179255 -0.6690186
v -0.5468721 0.03070736 -1.349019
v -0.5468724 0.03070748 -0.6690186
v -0.5130805 0.03449905 -1.349019
v -0.4905805 0.06320727 -1.349019
v -0.4905807 0.06320739 -0.6690186
v -0.4580804 0.05449891 -1.349019
v -0.4580807 0.05449915 -0.6690186
v -0.4342888 0.03070736 -1.349019
v -0.4342891 0.0307076 -0.6690186
v -0.466888 0.03924441 -1.449019
v -0.4255809 -0.00179255 1.370981
v -0.4342893 -0.03429258 1.370981
v -0.4499567 -0.02524781 1.450982
v -0.443672 -0.001792192 1.450982
v -0.4905805 0.04559302 -1.449019
v -0.5142729 0.03924441 -1.449019
v -0.5316172 0.02189994 -1.449019
v -0.5379655 -0.001792192 -1.449019
v -0.5316172 -0.02548432 -1.449019
v -0.514273 -0.0428288 -1.449019
v -0.4905805 -0.04917741 -1.449019
v -0.466888 -0.0428288 -1.449019
v -0.4495439 -0.02548432 -1.449019
v -0.4431955 -0.001792192 -1.449019
v -0.4895439 -0.008100033 -1.489019
v -0.458081 -0.05808425 1.370981
v -0.4671275 -0.04241872 1.450982
v -0.4905809 -0.06679249 1.370981
v -0.490583 -0.04870343 1.450982
v -0.5230809 -0.05808413 1.370981
v -0.5140387 -0.04241872 1.450982
v -0.5468726 -0.03429258 1.370981
v -0.5355811 -0.01179242 1.370982
v -0.5268728 0.02070761 1.370982
v -0.5112095 0.01166368 1.450983
v -0.5174943 -0.01179242 1.450983
v -0.5030811 0.0444994 1.370982
v -0.4940388 0.0288341 1.450983
v -0.4905809 0.06320751 1.370981
v -0.4671275 0.03883386 1.450982
v -0.4342893 0.03070748 1.370981
v -0.4499567 0.02166343 1.450982
v -0.5230808 0.05449927 0.01098144
v -0.5230811 0.05449939 0.6909817
v -0.5468729 0.03070772 0.6909822
v -0.5468725 0.03070748 0.01098144
v -0.5555811 -0.001792431 0.6909817
v -0.5555809 -0.00179255 0.01098132
v -0.5468727 -0.03429246 0.6909817
v -0.5230811 -0.05808401 0.6909817
v -0.5230808 -0.05808425 0.01098132
v -0.490581 -0.06679225 0.6909817
v -0.4905808 -0.06679249 0.01098132
v -0.458081 -0.05808401 0.6909817
v -0.4580808 -0.05808425 0.0109812
v -0.4342894 -0.03429234 0.6909817
v -0.4342892 -0.03429246 0.01098144
v -0.4255811 -0.001792312 0.6909817
v -0.4255808 -0.001792431 0.01098132
v -0.4342894 0.03070772 0.6909817
v -0.4342892 0.0307076 0.01098132
v -0.458081 0.05449927 0.6909817
v -0.4905811 0.06320763 0.6909817
v -0.4905808 0.06320751 0.01098144
v -0.5230807 0.03449917 -0.6690186
v -0.5268726 -0.02429247 0.0009815693
v -0.4680811 0.02449942 1.350982
v -0.4242891 -0.04429233 -0.6690185
v -0.4680808 0.03449929 0.01098156
v -0.5655807 -0.001794577 -1.357728
v -0.5742891 -0.03429461 -1.357728
v -0.5655808 -0.001794219 -0.6777272
v -0.5980808 -0.05808628 -1.357728
v -0.5980809 -0.05808616 -0.6777273
v -0.6305807 -0.06679463 -1.357728
v -0.6305809 -0.0667944 -0.6777272
v -0.6630807 -0.05808628 -1.357728
v -0.6630809 -0.05808616 -0.6777272
v -0.6868724 -0.03429461 -1.357728
v -0.6868725 -0.03429449 -0.6777272
v -0.6955807 -0.001794577 -1.357728
v -0.6955808 -0.001794457 -0.6777272
v -0.6868724 0.03070545 -1.357728
v -0.6868725 0.03070557 -0.6777272
v -0.6530807 0.03449714 -1.357728
v -0.6305807 0.06320536 -1.357728
v -0.6305809 0.06320548 -0.6777272
v -0.5980806 0.054497 -1.357728
v -0.5980809 0.05449724 -0.6777272
v -0.5742891 0.03070545 -1.357728
v -0.5742892 0.03070581 -0.6777272
v -0.6068883 0.03924251 -1.457728
v -0.5655808 -0.001794219 1.362273
v -0.5742892 -0.03429425 1.362273
v -0.5899566 -0.02524948 1.442274
v -0.5836719 -0.001793861 1.442274
v -0.6305808 0.04559112 -1.457728
v -0.6542732 0.03924251 -1.457728
v -0.6716174 0.02189803 -1.457728
v -0.6779658 -0.0017941 -1.457727
v -0.6716174 -0.02548623 -1.457728
v -0.6542733 -0.04283071 -1.457728
v -0.6305808 -0.04917932 -1.457728
v -0.6068883 -0.04283071 -1.457728
v -0.5895442 -0.02548623 -1.457728
v -0.5831957 -0.0017941 -1.457728
v -0.6295441 -0.00810194 -1.497728
v -0.5980809 -0.05808592 1.362273
v -0.6071274 -0.04242039 1.442274
v -0.6305809 -0.06679416 1.362273
v -0.6305829 -0.0487051 1.442274
v -0.6630809 -0.05808592 1.362273
v -0.6540385 -0.04242039 1.442274
v -0.6868725 -0.03429437 1.362273
v -0.6755811 -0.01179421 1.362273
v -0.6668727 0.02070582 1.362273
v -0.6512094 0.01166201 1.442274
v -0.6574943 -0.01179409 1.442274
v -0.6430811 0.04449773 1.362273
v -0.6340387 0.02883244 1.442274
v -0.6305809 0.06320572 1.362273
v -0.6071274 0.03883219 1.442274
v -0.5742892 0.03070581 1.362273
v -0.5899566 0.02166176 1.442274
v -0.6630809 0.05449748 0.002272964
v -0.663081 0.0544976 0.6822733
v -0.6868728 0.03070593 0.6822737
v -0.6868726 0.03070569 0.002272964
v -0.6955811 -0.001794219 0.6822733
v -0.695581 -0.001794338 0.002272844
v -0.6868727 -0.03429425 0.6822733
v -0.663081 -0.0580858 0.6822733
v -0.6630809 -0.05808604 0.002272844
v -0.630581 -0.06679404 0.6822733
v -0.6305809 -0.06679428 0.002272844
v -0.598081 -0.0580858 0.6822733
v -0.5980809 -0.05808604 0.002272725
v -0.5742894 -0.03429413 0.6822733
v -0.5742893 -0.03429425 0.002272964
v -0.5655811 -0.0017941 0.6822733
v -0.565581 -0.001794219 0.002272844
v -0.5742894 0.03070593 0.6822733
v -0.5742893 0.03070581 0.002272844
v -0.598081 0.05449748 0.6822733
v -0.630581 0.06320584 0.6822733
v -0.6305809 0.06320572 0.002272964
v -0.6630809 0.03449726 -0.6777271
v -0.6668727 -0.02429426 -0.007726908
v -0.608081 0.02449775 1.342273
v -0.5642893 -0.04429412 -0.6777271
v -0.608081 0.0344975 0.002273083
v 0.5544189 0.008205056 -1.327727
v 0.5457104 -0.02429497 -1.327727
v 0.554418 0.008204699 -0.6477268
v 0.5219188 -0.04808664 -1.327727
v 0.5219179 -0.04808712 -0.647727
v 0.4894188 -0.056795 -1.327727
v 0.4894179 -0.05679536 -0.6477269
v 0.4569188 -0.04808664 -1.327727
v 0.4569179 -0.04808712 -0.6477269
v 0.4331272 -0.02429497 -1.327727
v 0.4331263 -0.02429545 -0.6477269
v 0.4244189 0.008205056 -1.327727
v 0.4244179 0.008204579 -0.6477269
v 0.4331272 0.04070508 -1.327727
v 0.4331263 0.04070461 -0.6477269
v 0.4669189 0.04449677 -1.327727
v 0.4894189 0.07320499 -1.327727
v 0.489418 0.07320452 -0.6477268
v 0.5219189 0.06449664 -1.327727
v 0.521918 0.06449628 -0.6477268
v 0.5457105 0.04070508 -1.327727
v 0.5457096 0.04070473 -0.6477268
v 0.5131114 0.04924226 -1.427727
v 0.5544157 0.008202672 1.392273
v 0.5457073 -0.02429736 1.392273
v 0.5300398 -0.01525259 1.472274
v 0.5363246 0.00820303 1.472274
v 0.4894189 0.05559087 -1.427727
v 0.4657265 0.04924226 -1.427727
v 0.4483823 0.03189778 -1.427727
v 0.4420339 0.008205652 -1.427727
v 0.4483822 -0.01548648 -1.427727
v 0.4657263 -0.03283095 -1.427727
v 0.4894189 -0.03917956 -1.427727
v 0.5131114 -0.03283107 -1.427727
v 0.5304555 -0.0154866 -1.427727
v 0.536804 0.008205533 -1.427727
v 0.4904555 0.001897812 -1.467727
v 0.5219157 -0.04808903 1.392273
v 0.5128691 -0.0324235 1.472274
v 0.4894157 -0.05679727 1.392273
v 0.4894136 -0.03870821 1.472274
v 0.4569156 -0.04808891 1.392273
v 0.4659579 -0.0324235 1.472274
v 0.433124 -0.02429736 1.392273
v 0.4444155 -0.001797199 1.392274
v 0.4531239 0.03070283 1.392274
v 0.4687871 0.0216589 1.472275
v 0.4625022 -0.001797199 1.472275
v 0.4769155 0.05449462 1.392274
v 0.4859578 0.03882933 1.472275
v 0.4894157 0.07320273 1.392273
v 0.5128691 0.04882908 1.472274
v 0.5457073 0.0407027 1.392274
v 0.5300398 0.03165865 1.472274
v 0.4569172 0.0644958 0.03227329
v 0.4569163 0.06449533 0.7122737
v 0.4331245 0.04070365 0.7122742
v 0.4331255 0.04070401 0.03227329
v 0.4244162 0.008203506 0.7122737
v 0.4244171 0.008203983 0.03227317
v 0.4331246 -0.02429652 0.7122737
v 0.4569162 -0.04808807 0.7122737
v 0.4569172 -0.04808772 0.03227317
v 0.4894163 -0.05679643 0.7122737
v 0.4894172 -0.05679595 0.03227317
v 0.5219163 -0.04808819 0.7122737
v 0.5219172 -0.04808784 0.03227305
v 0.5457079 -0.02429652 0.7122737
v 0.5457088 -0.02429605 0.03227329
v 0.5544162 0.008203506 0.7122737
v 0.5544171 0.008203983 0.03227329
v 0.5457079 0.04070354 0.7122737
v 0.5457088 0.04070401 0.03227329
v 0.5219164 0.06449509 0.7122737
v 0.4894163 0.07320356 0.7122737
v 0.4894172 0.07320404 0.03227341
v 0.4569179 0.0444963 -0.6477267
v 0.4531254 -0.01429594 0.02227342
v 0.5119156 0.03449476 1.372274
v 0.5557095 -0.03429532 -0.6477267
v 0.5119171 0.04449582 0.03227353
v 0.6944188 -0.001793027 -1.309019
v 0.6857104 -0.03429306 -1.309019
v 0.6944178 -0.001793504 -0.6290187
v 0.6619188 -0.05808473 -1.309019
v 0.6619177 -0.05808532 -0.6290188
v 0.6294188 -0.06679308 -1.309019
v 0.6294178 -0.06679356 -0.6290187
v 0.5969188 -0.05808473 -1.309019
v 0.5969177 -0.05808532 -0.6290188
v 0.5731272 -0.03429306 -1.309019
v 0.5731262 -0.03429365 -0.6290188
v 0.5644188 -0.001792908 -1.309019
v 0.5644178 -0.001793623 -0.6290187
v 0.5731272 0.03070712 -1.309019
v 0.5731262 0.03070641 -0.6290187
v 0.6069188 0.03449869 -1.309019
v 0.6294188 0.06320691 -1.309019
v 0.6294178 0.06320632 -0.6290187
v 0.6619189 0.05449855 -1.309019
v 0.6619179 0.05449808 -0.6290185
v 0.6857105 0.030707 -1.309019
v 0.6857095 0.03070652 -0.6290185
v 0.6531114 0.03924417 -1.409019
v 0.6944152 -0.001795769 1.410982
v 0.6857069 -0.0342958 1.410982
v 0.6700394 -0.02525115 1.490982
v 0.6763241 -0.00179553 1.490983
v 0.6294188 0.04559278 -1.409019
v 0.6057265 0.03924417 -1.409019
v 0.5883822 0.0218997 -1.409019
v 0.5820339 -0.001792431 -1.409019
v 0.5883822 -0.02548456 -1.409019
v 0.6057264 -0.04282904 -1.409019
v 0.6294188 -0.04917765 -1.409019
v 0.6531113 -0.04282904 -1.409019
v 0.6704555 -0.02548456 -1.409019
v 0.6768039 -0.001792431 -1.409019
v 0.6304555 -0.008100152 -1.449019
v 0.6619152 -0.05808747 1.410982
v 0.6528686 -0.04242206 1.490982
v 0.6294152 -0.06679571 1.410981
v 0.6294131 -0.04870677 1.490982
v 0.5969152 -0.05808735 1.410981
v 0.6059574 -0.04242206 1.490982
v 0.5731236 -0.0342958 1.410981
v 0.5844151 -0.01179564 1.410982
v 0.5931234 0.02070439 1.410982
v 0.6087866 0.01166034 1.490983
v 0.6025017 -0.01179576 1.490983
v 0.6169151 0.04449618 1.410982
v 0.6259573 0.02883077 1.490983
v 0.6294153 0.06320429 1.410982
v 0.6528686 0.03883052 1.490982
v 0.6857069 0.03070426 1.410982
v 0.6700394 0.02166009 1.490982
v 0.596917 0.05449748 0.05098152
v 0.596916 0.05449688 0.7309819
v 0.5731242 0.03070521 0.7309822
v 0.5731252 0.03070569 0.05098152
v 0.5644159 -0.001794934 0.7309817
v 0.5644169 -0.001794338 0.05098128
v 0.5731243 -0.03429496 0.7309817
v 0.5969159 -0.05808651 0.7309817
v 0.5969169 -0.05808604 0.05098128
v 0.6294159 -0.06679475 0.7309817
v 0.6294169 -0.06679428 0.05098128
v 0.6619159 -0.05808651 0.7309817
v 0.6619169 -0.05808604 0.05098128
v 0.6857076 -0.03429484 0.7309819
v 0.6857085 -0.03429425 0.05098152
v 0.6944159 -0.001794815 0.7309819
v 0.6944169 -0.001794219 0.0509814
v 0.6857076 0.03070521 0.7309819
v 0.6857086 0.03070581 0.05098152
v 0.661916 0.05449677 0.7309819
v 0.6294159 0.06320512 0.7309819
v 0.6294169 0.06320572 0.05098152
v 0.5969178 0.0344981 -0.6290185
v 0.5931251 -0.02429426 0.04098153
v 0.6519152 0.0244962 1.390982
v 0.6957093 -0.0442934 -0.6290185
v 0.6519169 0.0344975 0.05098164
v -0.5680648 0.0570035 -1.005966
v -0.5499942 0.01423872 -1.007985
v -0.545226 0.0005887747 -0.9900628
v -0.5632964 0.04335356 -0.9880444
v -0.5604568 -0.03082943 -1.012327
v -0.5556885 -0.04447937 -0.9944053
v -0.595456 -0.06098616 -1.017335
v -0.5906876 -0.0746361 -0.999413
v -0.6416234 -0.06471276 -1.021095
v -0.636855 -0.07836282 -1.003173
v -0.6813245 -0.04058588 -1.022172
v -0.6765561 -0.05423582 -1.00425
v -0.6993949 0.002179027 -1.020153
v -0.6946266 -0.01147091 -1.002231
v -0.6889324 0.04724705 -1.015811
v -0.6841642 0.03359711 -0.9978889
v -0.6539333 0.0774039 -1.010803
v -0.6491649 0.06375396 -0.9928811
v -0.6077659 0.0811305 -1.007043
v -0.6029975 0.06748056 -0.9891209
v -0.4492754 0.07117295 -1.000054
v -0.4183011 0.03663492 -1.00273
v -0.4337589 0.02552521 -0.9857506
v -0.4647333 0.06006336 -0.9830745
v -0.4135788 -0.00933075 -1.007661
v -0.4290366 -0.02044046 -0.9906813
v -0.4369121 -0.04916644 -1.012963
v -0.45237 -0.06027615 -0.9959835
v -0.4793887 -0.06765652 -1.016611
v -0.4948466 -0.07876623 -0.9996318
v -0.5247838 -0.0577383 -1.017212
v -0.5402417 -0.06884801 -1.000233
v -0.5557581 -0.02320015 -1.014536
v -0.571216 -0.03430986 -0.9975566
v -0.5604805 0.0227654 -1.009605
v -0.5759383 0.01165569 -0.9926259
v -0.537147 0.06260121 -1.004303
v -0.5526049 0.0514915 -0.9873237
v -0.4946705 0.08109128 -1.000655
v -0.5101284 0.06998158 -0.9836754
v -0.3937171 0.05914116 -1.00014
v -0.35026 0.07474601 -0.9949044
v -0.3550393 0.07324052 -0.9835308
v -0.3984964 0.05763555 -0.9887666
v -0.3055452 0.06209743 -0.9946681
v -0.3103245 0.06059194 -0.9832945
v -0.2766524 0.02602661 -0.9995215
v -0.2814317 0.02452099 -0.9881479
v -0.2746176 -0.01968849 -1.007611
v -0.2793969 -0.0211941 -0.9962372
v -0.3002181 -0.05758631 -1.015846
v -0.3049973 -0.05909193 -1.004472
v -0.3436753 -0.07319129 -1.021082
v -0.3484545 -0.0746969 -1.009708
v -0.38839 -0.06054258 -1.021318
v -0.3931692 -0.06204832 -1.009945
v -0.4172828 -0.02447188 -1.016465
v -0.422062 -0.02597749 -1.005091
v -0.4193176 0.02124333 -1.008375
v -0.4240968 0.01973772 -0.9970019
v -0.2421178 0.07041991 -1.000954
v -0.1928023 0.07872033 -1.000765
v -0.1890761 0.07554746 -0.9884238
v -0.2383916 0.06724715 -0.9886128
v -0.1480363 0.05656815 -1.003263
v -0.1443101 0.05339539 -0.9909216
v -0.124919 0.01242483 -1.007493
v -0.1211928 0.009251952 -0.9951519
v -0.1322803 -0.03684855 -1.01184
v -0.1285541 -0.04002142 -0.9994992
v -0.1673084 -0.07243109 -1.014644
v -0.1635823 -0.07560396 -1.002303
v -0.2166239 -0.08073151 -1.014833
v -0.2128977 -0.08390427 -1.002492
v -0.2613899 -0.05857933 -1.012335
v -0.2576637 -0.0617522 -0.999994
v -0.2845072 -0.01443589 -1.008105
v -0.280781 -0.01760864 -0.9957636
v -0.277146 0.03483748 -1.003757
v -0.2734197 0.03166461 -0.9914164
v -0.107102 0.06633699 -1.002025
v -0.05949539 0.08147562 -0.9997064
v -0.07690939 0.08023274 -0.9849162
v -0.124516 0.06509411 -0.9872351
v -0.01216953 0.06573784 -0.9960269
v -0.02958351 0.06449509 -0.9812366
v 0.01679863 0.02513516 -0.9923922
v -0.0006153584 0.02389228 -0.9776021
v 0.01634428 -0.02482378 -0.9901908
v -0.00106971 -0.02606678 -0.9754007
v -0.01335905 -0.06505632 -0.9902635
v -0.03077304 -0.0662992 -0.9754733
v -0.06096572 -0.08019495 -0.9925824
v -0.07837972 -0.08143783 -0.9777923
v -0.1082915 -0.0644573 -0.996262
v -0.1257055 -0.06570017 -0.9814718
v -0.1372597 -0.02385449 -0.9998965
v -0.1546737 -0.02509737 -0.9851064
v -0.1368054 0.02610445 -1.002098
v -0.1542194 0.02486157 -0.9873078
v 0.1927537 0.07910991 -0.9927182
v 0.2426011 0.08255792 -0.9947907
v 0.2362147 0.07898831 -0.9805741
v 0.1863672 0.0755403 -0.9785016
v 0.2849666 0.05602431 -0.9962319
v 0.2785802 0.05245459 -0.9820153
v 0.303668 0.009643912 -0.996491
v 0.2972816 0.00607419 -0.9822744
v 0.2915621 -0.03886747 -0.9954692
v 0.2851756 -0.0424372 -0.9812527
v 0.2532728 -0.07098007 -0.9935568
v 0.2468863 -0.07454979 -0.9793403
v 0.2034253 -0.07442808 -0.9914842
v 0.1970389 -0.0779978 -0.9772677
v 0.1610599 -0.04789436 -0.9900432
v 0.1546734 -0.05146408 -0.9758266
v 0.1423584 -0.001513958 -0.989784
v 0.135972 -0.005083799 -0.9755675
v 0.1544644 0.04699731 -0.9908057
v 0.1480779 0.04342771 -0.9765891
v 0.04144982 0.07457089 -0.9884196
v 0.09028655 0.0852474 -0.9870297
v 0.09879172 0.08435321 -0.9708993
v 0.04995498 0.07367659 -0.9722891
v 0.1360861 0.0651747 -0.9863671
v 0.1445912 0.06428027 -0.9702367
v 0.1613545 0.02201962 -0.9866849
v 0.1698596 0.02112532 -0.9705545
v 0.1564401 -0.02773392 -0.9878616
v 0.1649452 -0.02862823 -0.9717312
v 0.1232201 -0.06508172 -0.989448
v 0.1317253 -0.06597614 -0.9733176
v 0.07438335 -0.07575834 -0.9908378
v 0.0828885 -0.07665265 -0.9747074
v 0.02858387 -0.05568552 -0.9915004
v 0.03708902 -0.05657983 -0.97537
v 0.003315449 -0.01253057 -0.9911826
v 0.01182061 -0.01342487 -0.9750522
v 0.008229822 0.03722298 -0.9900059
v 0.01673496 0.03632867 -0.9738755
v 0.3175466 0.07996523 -0.9835432
v 0.3664493 0.09014249 -0.9811138
v 0.3697358 0.08376276 -0.9629305
v 0.3208331 0.07358551 -0.9653599
v 0.4120634 0.06964767 -0.9806035
v 0.4153499 0.06326795 -0.9624202
v 0.436966 0.02630901 -0.9822073
v 0.4402525 0.01992929 -0.9640239
v 0.431645 -0.0233196 -0.9853125
v 0.4349315 -0.02969933 -0.9671292
v 0.398133 -0.06028163 -0.9887331
v 0.4014195 -0.06666136 -0.9705498
v 0.3492303 -0.07045889 -0.9911625
v 0.3525168 -0.07683849 -0.9729791
v 0.3036162 -0.04996407 -0.9916727
v 0.3069027 -0.05634367 -0.9734893
v 0.2787136 -0.006625414 -0.9900689
v 0.2820002 -0.01300502 -0.9718856
v 0.2840346 0.0430032 -0.9869637
v 0.2873211 0.0366236 -0.9687805
v 0.469004 0.09047878 -0.9644357
v 0.5188186 0.09386218 -0.9616049
v 0.4991098 0.08434212 -0.9528693
v 0.4492953 0.08095884 -0.9557002
v 0.5611436 0.06727993 -0.9598929
v 0.5414348 0.05776 -0.9511573
v 0.5798123 0.02088571 -0.9599535
v 0.5601035 0.01136577 -0.9512179
v 0.5676941 -0.02759945 -0.9617637
v 0.5479852 -0.03711939 -0.9530282
v 0.5294174 -0.05965602 -0.9646321
v 0.5097086 -0.06917596 -0.9558965
v 0.4796029 -0.06303942 -0.9674629
v 0.4598941 -0.07255936 -0.9587273
v 0.4372779 -0.03645718 -0.9691749
v 0.4175691 -0.04597712 -0.9604393
v 0.4186091 0.009937048 -0.9691142
v 0.3989003 0.0004171133 -0.9603787
v 0.4307275 0.05842221 -0.9673041
v 0.4110186 0.04890227 -0.9585685
v 0.605236 0.0845964 -0.9405472
v 0.6551391 0.08381128 -0.937384
v 0.6440324 0.07232845 -0.9287123
v 0.5941292 0.07311344 -0.9318755
v 0.6952095 0.05388951 -0.937326
v 0.6841027 0.04240656 -0.9286543
v 0.7101414 0.006260037 -0.9403954
v 0.6990346 -0.005222917 -0.9317237
v 0.6942315 -0.04088426 -0.9454197
v 0.6831247 -0.05236721 -0.9367479
v 0.6535568 -0.06953573 -0.9504798
v 0.64245 -0.08101881 -0.941808
v 0.6036537 -0.06875062 -0.953643
v 0.5925468 -0.08023369 -0.9449713
v 0.5635834 -0.03882885 -0.953701
v 0.5524765 -0.05031192 -0.9450293
v 0.5486513 0.008800626 -0.9506317
v 0.5375445 -0.002682328 -0.9419599
v 0.5645612 0.05594492 -0.9456074
v 0.5534544 0.04446197 -0.9369356
v -0.5686255 -0.04894948 -0.9925337
v -0.5507699 -0.005662441 -0.9908514
v -0.5554301 -0.01787853 -1.010038
v -0.5732856 -0.06116557 -1.011721
v -0.5616987 0.03989744 -0.9913753
v -0.5663589 0.02768135 -1.010562
v -0.5972376 0.07032788 -0.9939051
v -0.6018977 0.05811179 -1.013092
v -0.6438117 0.07400548 -0.9974747
v -0.6484718 0.06178939 -1.016662
v -0.6836314 0.0495255 -1.000721
v -0.6882915 0.03730941 -1.019907
v -0.7014871 0.006238461 -1.002403
v -0.7061472 -0.00597775 -1.02159
v -0.6905582 -0.03932154 -1.001879
v -0.6952183 -0.05153751 -1.021066
v -0.6550193 -0.06975198 -0.999349
v -0.6596795 -0.08196807 -1.018536
v -0.6084452 -0.07342958 -0.9957795
v -0.6131054 -0.08564556 -1.014966
v -0.4691134 -0.06533277 -0.9887357
v -0.4381757 -0.03014541 -0.9883884
v -0.4224661 -0.03972006 -1.006362
v -0.4534039 -0.07490742 -1.006709
v -0.433801 0.01649463 -0.9893897
v -0.4180915 0.006919861 -1.007363
v -0.4576604 0.05677187 -0.9913574
v -0.4419508 0.04719734 -1.009331
v -0.5006404 0.07530248 -0.9935398
v -0.4849308 0.06572771 -1.011513
v -0.546324 0.06500793 -0.9951033
v -0.5306145 0.05543327 -1.013077
v -0.5772618 0.02982056 -0.9954507
v -0.5615522 0.02024579 -1.013424
v -0.5816364 -0.01681936 -0.9944494
v -0.5659268 -0.02639401 -1.012423
v -0.557777 -0.05709696 -0.9924816
v -0.5420674 -0.06667149 -1.010455
v -0.5147971 -0.07562733 -0.9902993
v -0.4990874 -0.08520198 -1.008273
v -0.4023411 -0.06184781 -0.9940863
v -0.3584 -0.07760787 -0.9900594
v -0.3535491 -0.07810473 -1.001603
v -0.3974902 -0.06234479 -1.00563
v -0.3134251 -0.0645448 -0.9886297
v -0.3085742 -0.06504166 -1.000174
v -0.2845956 -0.02764845 -0.9903433
v -0.2797448 -0.02814543 -1.001887
v -0.2829232 0.01898813 -0.9945458
v -0.2780723 0.01849103 -1.00609
v -0.3090467 0.05755115 -0.9996318
v -0.3041959 0.05705416 -1.011176
v -0.3529879 0.07331109 -1.003659
v -0.3481371 0.07281399 -1.015203
v -0.3979627 0.06024802 -1.005088
v -0.3931119 0.05975103 -1.016632
v -0.4267922 0.02335155 -1.003375
v -0.4219414 0.02285469 -1.014919
v -0.4284647 -0.02328491 -0.9991724
v -0.4236138 -0.02378178 -1.010716
v -0.240832 -0.07016897 -0.9943699
v -0.1910384 -0.07810867 -0.9947727
v -0.1947473 -0.08026922 -1.007452
v -0.2445409 -0.07232952 -1.007049
v -0.146089 -0.0552634 -0.9952748
v -0.1497979 -0.05742395 -1.007954
v -0.123153 -0.01035941 -0.9956844
v -0.1268619 -0.01251984 -1.008364
v -0.1309912 0.03945172 -0.9958452
v -0.1347001 0.03729117 -1.008524
v -0.1666096 0.07514369 -0.9956955
v -0.1703185 0.07298315 -1.008375
v -0.2164032 0.08308339 -0.9952927
v -0.2201121 0.08092272 -1.007972
v -0.2613525 0.06023812 -0.9947906
v -0.2650614 0.05807757 -1.00747
v -0.2842885 0.01533401 -0.994381
v -0.2879974 0.01317334 -1.00706
v -0.2764504 -0.034477 -0.9942202
v -0.2801593 -0.03663766 -1.006899
v -0.1260371 -0.06716537 -0.9925267
v -0.07791132 -0.08217192 -0.99138
v -0.0603179 -0.0820055 -1.006303
v -0.1084438 -0.06699908 -1.00745
v -0.03033617 -0.06627882 -0.9862201
v -0.01274279 -0.06611252 -1.001143
v -0.001483917 -0.0255568 -0.9790177
v 0.01610947 -0.02539051 -0.993941
v -0.002375036 0.02443957 -0.9725239
v 0.01521835 0.02460587 -0.9874472
v -0.03266919 0.06461358 -0.9692191
v -0.0150758 0.06477988 -0.9841424
v -0.08079502 0.07961988 -0.9703657
v -0.06320167 0.07978618 -0.985289
v -0.1283701 0.0637269 -0.9755257
v -0.1107767 0.0638932 -0.990449
v -0.1572224 0.02300501 -0.9827281
v -0.139629 0.02317131 -0.9976514
v -0.1563313 -0.02699149 -0.9892219
v -0.1387379 -0.02682519 -1.004145
v 0.04992273 -0.07560062 -0.9778265
v 0.09925202 -0.0860343 -0.9772277
v 0.09071155 -0.08562124 -0.9935302
v 0.04138225 -0.07518733 -0.9941289
v 0.145256 -0.06554031 -0.9747307
v 0.1367156 -0.06512725 -0.9910331
v 0.1703627 -0.02194667 -0.9712891
v 0.1618222 -0.02153349 -0.9875915
v 0.1649822 0.02809548 -0.9682175
v 0.1564417 0.02850878 -0.9845199
v 0.1311697 0.06547177 -0.9666892
v 0.1226292 0.06588495 -0.9829916
v 0.08184038 0.07590556 -0.9672879
v 0.07329991 0.07631886 -0.9835903
v 0.03583643 0.05541158 -0.969785
v 0.02729595 0.05582488 -0.9860874
v 0.01072972 0.01181793 -0.9732266
v 0.002189249 0.01223111 -0.989529
v 0.0161102 -0.03822434 -0.9762982
v 0.00756973 -0.03781116 -0.9926006
v 0.1874875 -0.0757916 -0.9838986
v 0.2377796 -0.0786581 -0.9861562
v 0.2442734 -0.08097124 -1.000729
v 0.1939814 -0.07810485 -0.9984717
v 0.2802693 -0.05152202 -0.9852269
v 0.2867631 -0.05383527 -0.9998001
v 0.298727 -0.004748344 -0.9814657
v 0.3052208 -0.007061601 -0.9960389
v 0.2861025 0.0437969 -0.9763092
v 0.2925963 0.04148364 -0.9908824
v 0.2472179 0.07557118 -0.9717271
v 0.2537117 0.0732578 -0.9863003
v 0.1969258 0.07843757 -0.9694695
v 0.2034197 0.07612431 -0.9840426
v 0.1544362 0.05130136 -0.9703987
v 0.16093 0.04898822 -0.9849719
v 0.1359785 0.004527807 -0.97416
v 0.1424723 0.002214551 -0.9887331
v 0.148603 -0.04401743 -0.9793164
v 0.1550968 -0.04633069 -0.9938896
v 0.3230246 -0.07382286 -0.970204
v 0.3724143 -0.08384359 -0.968518
v 0.3691862 -0.08872104 -0.9873405
v 0.3197964 -0.07870018 -0.9890265
v 0.4182281 -0.06291413 -0.9661382
v 0.4149999 -0.06779158 -0.9849607
v 0.4429665 -0.01902878 -0.9639737
v 0.4397383 -0.02390611 -0.9827963
v 0.4371804 0.03104997 -0.9628511
v 0.4339522 0.0261724 -0.9816737
v 0.4030799 0.06819332 -0.9631994
v 0.3998517 0.06331587 -0.982022
v 0.3536901 0.07821405 -0.9648855
v 0.350462 0.07333672 -0.9837081
v 0.3078764 0.05728459 -0.9672652
v 0.3046483 0.05240726 -0.9860878
v 0.2831379 0.01339924 -0.9694297
v 0.2799098 0.008521676 -0.9882523
v 0.288924 -0.03667939 -0.9705523
v 0.2856959 -0.04155684 -0.9893749
v 0.4525942 -0.08097696 -0.9608219
v 0.5028443 -0.08419919 -0.9581479
v 0.5228122 -0.09284794 -0.9676927
v 0.4725622 -0.0896256 -0.9703667
v 0.5452874 -0.05728507 -0.9540468
v 0.5652554 -0.06593382 -0.9635916
v 0.5637116 -0.01051486 -0.9500851
v 0.5836797 -0.01916373 -0.9596299
v 0.5510796 0.03824675 -0.947776
v 0.5710477 0.02959812 -0.9573208
v 0.5122164 0.07037473 -0.9480014
v 0.5321845 0.06172597 -0.9575463
v 0.4619663 0.07359707 -0.9506755
v 0.4819344 0.06494832 -0.9602203
v 0.4195233 0.04668283 -0.9547766
v 0.4394913 0.0380342 -0.9643214
v 0.401099 -8.738041E-05 -0.9587383
v 0.421067 -0.008736014 -0.9682832
v 0.4137309 -0.04884887 -0.9610475
v 0.433699 -0.05749774 -0.9705922
v 0.5985163 -0.07391918 -0.9358648
v 0.6488194 -0.07298148 -0.9324993
v 0.6601312 -0.08368015 -0.942169
v 0.6098282 -0.08461773 -0.9455345
v 0.6889634 -0.04258955 -0.929779
v 0.7002752 -0.05328822 -0.9394487
v 0.7036145 0.005648255 -0.9287431
v 0.7149262 -0.005050421 -0.9384127
v 0.6871766 0.05330646 -0.929787
v 0.6984884 0.04260778 -0.9394567
v 0.6459284 0.08218145 -0.9325123
v 0.6572402 0.07148266 -0.942182
v 0.5956253 0.08124399 -0.9358778
v 0.6069371 0.07054508 -0.9455475
v 0.5554814 0.05085194 -0.9385981
v 0.5667932 0.04015326 -0.9482678
v 0.5408303 0.00261426 -0.939634
v 0.5521421 -0.008084655 -0.9493037
v 0.5572681 -0.04504418 -0.93859
v 0.56858 -0.05574274 -0.9482597
v -0.5772681 0.06126559 -1.022763
v -0.5595464 0.01794422 -1.020612
v -0.5550684 0.005862832 -1.001296
v -0.5727901 0.04918396 -1.003447
v -0.5705973 -0.02758849 -1.020872
v -0.5661193 -0.03966987 -1.001557
v -0.6061999 -0.05794072 -1.023444
v -0.6017219 -0.07002199 -1.004129
v -0.6527551 -0.06151891 -1.027346
v -0.6482772 -0.07360041 -1.008031
v -0.6924804 -0.03695643 -1.031087
v -0.6880026 -0.04903781 -1.011772
v -0.7102022 0.006364822 -1.033238
v -0.7057244 -0.005716562 -1.013923
v -0.6991513 0.05189764 -1.032978
v -0.6946734 0.03981614 -1.013662
v -0.6635487 0.08224988 -1.030405
v -0.6590707 0.07016838 -1.01109
v -0.6169935 0.08582795 -1.026503
v -0.6125156 0.07374668 -1.007188
v -0.5677521 -0.04309583 -0.998212
v -0.5495479 -0.0003969669 -1.000417
v -0.5542157 -0.01417077 -1.018271
v -0.5724198 -0.05686963 -1.016066
v -0.5598514 0.04466486 -1.005185
v -0.564519 0.03089106 -1.023038
v -0.594727 0.07487726 -1.010693
v -0.5993947 0.06110346 -1.028547
v -0.6408534 0.07870054 -1.014839
v -0.6455212 0.06492662 -1.032693
v -0.680612 0.05467403 -1.016039
v -0.6852796 0.04090011 -1.033892
v -0.6988161 0.01197505 -1.013834
v -0.7034838 -0.001798868 -1.031687
v -0.6885126 -0.03308678 -1.009066
v -0.6931803 -0.04686046 -1.02692
v -0.6536369 -0.0632993 -1.003558
v -0.6583047 -0.0770731 -1.021411
v -0.6075106 -0.06712234 -0.9994116
v -0.6121782 -0.08089614 -1.017265
v -0.4692772 -0.06003511 -0.9923517
v -0.4381873 -0.0256027 -0.9950516
v -0.4226297 -0.03688407 -1.011825
v -0.4537195 -0.07131624 -1.009126
v -0.4332995 0.02031088 -1.000297
v -0.4177419 0.009029508 -1.01707
v -0.4564805 0.06016803 -1.006083
v -0.4409229 0.04888666 -1.022857
v -0.4988761 0.07874501 -1.010201
v -0.4833185 0.06746364 -1.026975
v -0.5442926 0.06894588 -1.011078
v -0.528735 0.05766451 -1.027852
v -0.5753825 0.03451359 -1.008378
v -0.5598248 0.0232321 -1.025152
v -0.5802703 -0.01139987 -1.003133
v -0.5647128 -0.02268124 -1.019907
v -0.5570893 -0.05125725 -0.9973465
v -0.5415317 -0.06253874 -1.01412
v -0.5146936 -0.06983423 -0.9932283
v -0.499136 -0.0811156 -1.010002
v -0.4573909 0.07471943 -1.016928
v -0.4265547 0.03945184 -1.016072
v -0.442429 0.03005779 -0.9981486
v -0.4732654 0.0653255 -0.9990042
v -0.4223019 -0.007206082 -1.016684
v -0.4381763 -0.01660013 -0.9987598
v -0.4462571 -0.04743242 -1.018528
v -0.4621315 -0.05682635 -1.000605
v -0.4892702 -0.06586218 -1.020902
v -0.5051447 -0.07525623 -1.002978
v -0.5349116 -0.0554558 -1.022897
v -0.5507861 -0.06484985 -1.004974
v -0.5657481 -0.02018809 -1.023753
v -0.5816224 -0.02958226 -1.005829
v -0.5700008 0.02646971 -1.023142
v -0.5858752 0.01707566 -1.005218
v -0.5460455 0.06669605 -1.021297
v -0.5619199 0.05730212 -1.003374
v -0.5030323 0.0851258 -1.018924
v -0.5189067 0.07573187 -1.001
v -0.4015224 0.06201375 -1.01532
v -0.3575701 0.07768464 -1.011074
v -0.3625112 0.07728934 -0.9995643
v -0.4064636 0.06161845 -1.003811
v -0.312644 0.06451082 -1.009196
v -0.3175852 0.06411552 -0.9976868
v -0.2839047 0.02752423 -1.010405
v -0.2888459 0.02712882 -0.9988953
v -0.2823294 -0.0191474 -1.014238
v -0.2872706 -0.01954293 -1.002728
v -0.3085199 -0.05767727 -1.019231
v -0.313461 -0.05807269 -1.007722
v -0.3524723 -0.07334793 -1.023478
v -0.3574134 -0.07374334 -1.011968
v -0.3973981 -0.06017411 -1.025355
v -0.4023394 -0.06056964 -1.013846
v -0.4261376 -0.02318764 -1.024147
v -0.4310788 -0.02358294 -1.012637
v -0.4277129 0.02348411 -1.020314
v -0.4326541 0.02308881 -1.008804
v -0.4029919 -0.05783069 -0.9975492
v -0.3596198 -0.07351315 -0.991858
v -0.3547571 -0.07511878 -1.003182
v -0.398129 -0.05943644 -1.008874
v -0.3148733 -0.06098473 -0.9913721
v -0.3100106 -0.06259036 -1.002697
v -0.2858439 -0.02503085 -0.996277
v -0.2809811 -0.02663636 -1.007601
v -0.2836198 0.02061546 -1.004699
v -0.278757 0.01900971 -1.016024
v -0.3090505 0.05851853 -1.013422
v -0.3041877 0.05691278 -1.024746
v -0.3524224 0.07420087 -1.019113
v -0.3475597 0.07259512 -1.030437
v -0.397169 0.06167245 -1.019599
v -0.3923062 0.0600667 -1.030923
v -0.4261985 0.02571845 -1.014694
v -0.4213357 0.0241127 -1.026018
v -0.4284225 -0.01992762 -1.006272
v -0.4235598 -0.02153337 -1.017596
v -0.2485395 0.07157183 -1.015631
v -0.1987224 0.07937276 -1.015709
v -0.1951176 0.07729924 -1.002985
v -0.2449346 0.06949818 -1.002908
v -0.1538341 0.05640233 -1.015689
v -0.1502292 0.0543288 -1.002965
v -0.1310204 0.01143408 -1.015578
v -0.1274155 0.00936079 -1.002854
v -0.1389953 -0.03835523 -1.015419
v -0.1353905 -0.04042864 -1.002695
v -0.1747127 -0.07394803 -1.015272
v -0.1711079 -0.07602143 -1.002548
v -0.2245299 -0.08174896 -1.015194
v -0.2209251 -0.08382249 -1.002471
v -0.2694181 -0.05877852 -1.015215
v -0.2658133 -0.06085193 -1.002491
v -0.2922319 -0.01381028 -1.015326
v -0.288627 -0.01588392 -1.002602
v -0.2842569 0.03597891 -1.015485
v -0.280652 0.03390551 -1.002761
v -0.2429202 -0.06787586 -0.9960824
v -0.1936309 -0.07630861 -0.9954482
v -0.1972705 -0.07956564 -1.007793
v -0.2465598 -0.0711329 -1.008427
v -0.1487857 -0.0542978 -0.9977683
v -0.1524252 -0.05755496 -1.010113
v -0.1255139 -0.01025105 -1.002157
v -0.1291535 -0.0135082 -1.014502
v -0.1327046 0.03900731 -1.006937
v -0.1363441 0.03575015 -1.019282
v -0.1676111 0.07466245 -1.010283
v -0.1712506 0.07140529 -1.022628
v -0.2169004 0.08309519 -1.010918
v -0.22054 0.07983804 -1.023263
v -0.2617456 0.06108439 -1.008597
v -0.2653852 0.05782723 -1.020942
v -0.2850174 0.01703751 -1.004209
v -0.288657 0.01378059 -1.016554
v -0.2778267 -0.03222084 -0.9994287
v -0.2814663 -0.03547788 -1.011774
v -0.1290532 -0.0660218 -0.9938396
v -0.0815081 -0.08127153 -0.9910365
v -0.06398395 -0.08267498 -1.005682
v -0.111529 -0.06742513 -1.008485
v -0.03416854 -0.06563485 -0.987111
v -0.0166444 -0.06703818 -1.001756
v -0.005116716 -0.02508426 -0.9835624
v 0.01240747 -0.02648771 -0.9982074
v -0.005449325 0.02489126 -0.9817462
v 0.01207484 0.02348769 -0.9963912
v -0.0350394 0.06520259 -0.9823561
v -0.01751524 0.06379902 -0.9970011
v -0.0825845 0.0804522 -0.9851592
v -0.06506035 0.07904875 -0.9998041
v -0.129924 0.06481552 -0.9890847
v -0.1123998 0.06341207 -1.00373
v -0.1589759 0.02426505 -0.9926332
v -0.1414517 0.02286148 -1.007278
v -0.1586433 -0.02571046 -0.9944494
v -0.1411191 -0.02711391 -1.009094
v -0.1124587 0.06586838 -1.014938
v -0.06430164 0.08075237 -1.013533
v -0.08200923 0.08108079 -0.9987481
v -0.1301663 0.0661968 -1.000153
v -0.01681212 0.06477022 -1.007884
v -0.03451964 0.06509852 -0.9930987
v 0.01187049 0.02402616 -1.000147
v -0.005837053 0.02435458 -0.9853623
v 0.01079045 -0.02591634 -0.9932789
v -0.006917119 -0.02558804 -0.9784939
v -0.01963975 -0.06598139 -0.989902
v -0.03734732 -0.06565297 -0.9751171
v -0.0677968 -0.08086526 -0.9913066
v -0.08550432 -0.08053684 -0.9765216
v -0.1152863 -0.06488299 -0.9969559
v -0.1329938 -0.06455457 -0.9821711
v -0.1439689 -0.02413917 -1.004692
v -0.1616765 -0.02381074 -0.9899074
v -0.1428889 0.02580345 -1.011561
v -0.1605965 0.02613187 -0.9967757
v 0.04527268 -0.07496381 -0.9774781
v 0.09406738 -0.08576214 -0.9756287
v 0.08568458 -0.08675683 -0.9918172
v 0.03688987 -0.07595849 -0.9936666
v 0.139916 -0.06580937 -0.9747648
v 0.1315332 -0.06680405 -0.9909533
v 0.1653058 -0.02272689 -0.9752166
v 0.156923 -0.02372169 -0.9914051
v 0.1605388 0.02702928 -0.9768113
v 0.152156 0.02603459 -0.9929998
v 0.1274359 0.06445408 -0.97894
v 0.1190531 0.0634594 -0.9951284
v 0.07864115 0.07525241 -0.9807894
v 0.07025835 0.07425773 -0.9969779
v 0.03279258 0.05529964 -0.9816532
v 0.02440979 0.05430496 -0.9978417
v 0.007402748 0.01221716 -0.9812015
v -0.0009800494 0.01122248 -0.99739
v 0.0121697 -0.03753912 -0.9796067
v 0.003786907 -0.03853381 -0.9957952
v 0.03728217 0.07375133 -1.00052
v 0.08663416 0.08405542 -0.9996189
v 0.09504962 0.08457005 -0.9832545
v 0.04569764 0.07426631 -0.9841554
v 0.1325604 0.06345618 -0.9966092
v 0.1409759 0.06397104 -0.9802449
v 0.1575187 0.019822 -0.9926406
v 0.1659341 0.02033687 -0.9762761
v 0.1519757 -0.03018034 -0.9892285
v 0.1603912 -0.02966547 -0.9728642
v 0.1180487 -0.06745172 -0.9876767
v 0.1264642 -0.06693697 -0.9713123
v 0.06869672 -0.07775581 -0.9885775
v 0.07711215 -0.07724094 -0.9722131
v 0.02277048 -0.05715668 -0.9915872
v 0.03118594 -0.0566417 -0.9752228
v -0.002187774 -0.01352239 -0.995556
v 0.006227702 -0.01300764 -0.9791915
v 0.003355205 0.03647995 -0.9989679
v 0.01177067 0.03699493 -0.9826035
v 0.1817232 -0.07724571 -0.9826198
v 0.2315753 -0.080845 -0.9842799
v 0.2380614 -0.08454072 -0.998419
v 0.1882093 -0.08094156 -0.9967588
v 0.2740242 -0.05443823 -0.9855956
v 0.2805103 -0.05813408 -0.9997346
v 0.2928558 -0.008112311 -0.9860641
v 0.2993419 -0.01180804 -1.000203
v 0.280877 0.04043829 -0.9855067
v 0.2873631 0.03674245 -0.9996457
v 0.2426634 0.07266855 -0.9841361
v 0.2491495 0.06897259 -0.9982752
v 0.1928112 0.07626772 -0.9824759
v 0.1992973 0.07257187 -0.996615
v 0.1503624 0.04986107 -0.9811603
v 0.1568485 0.04616523 -0.9952993
v 0.1315308 0.003535032 -0.9806918
v 0.1380169 -0.0001608133 -0.9948308
v 0.1435096 -0.04501557 -0.9812492
v 0.1499957 -0.04871118 -0.9953882
v 0.1899178 0.07622075 -1.003703
v 0.2402336 0.07893312 -1.005593
v 0.233621 0.07674932 -0.9910536
v 0.1833053 0.07403684 -0.9891636
v 0.2826393 0.05168962 -1.004128
v 0.2760268 0.04950571 -0.9895881
v 0.3009374 0.004896164 -0.9998667
v 0.2943249 0.002712131 -0.9853269
v 0.2881387 -0.04357374 -0.9944375
v 0.2815262 -0.04575753 -0.9798978
v 0.2491319 -0.07520592 -0.989914
v 0.2425193 -0.07739007 -0.9753742
v 0.1988161 -0.07791841 -0.988024
v 0.1922036 -0.08010232 -0.9734843
v 0.1564104 -0.05067492 -0.9894894
v 0.1497979 -0.05285871 -0.9749497
v 0.1381123 -0.003881454 -0.9937506
v 0.1314997 -0.006065369 -0.9792109
v 0.1509109 0.04458845 -0.9991798
v 0.1442984 0.04240441 -0.9846401
v 0.3160884 -0.0755558 -0.9684526
v 0.3649424 -0.08584702 -0.9655669
v 0.3617787 -0.0923568 -0.9837259
v 0.3129247 -0.08206558 -0.9866115
v 0.410608 -0.06547284 -0.9648601
v 0.4074443 -0.07198262 -0.9830191
v 0.4356424 -0.0222156 -0.966602
v 0.4324787 -0.02872539 -0.9847609
v 0.4304834 0.02740204 -0.9701272
v 0.4273197 0.02089226 -0.9882863
v 0.3971016 0.06442761 -0.9740894
v 0.3939379 0.05791795 -0.9922484
v 0.3482476 0.07471883 -0.976975
v 0.3450838 0.06820917 -0.995134
v 0.302582 0.05434477 -0.9776819
v 0.2994183 0.04783499 -0.9958408
v 0.2775476 0.01108754 -0.97594
v 0.2743839 0.004577637 -0.9940989
v 0.2827066 -0.03853011 -0.9724147
v 0.2795428 -0.04503989 -0.9905737
v 0.3156573 0.07654655 -0.993289
v 0.3650602 0.08644581 -0.9912972
v 0.3681293 0.08170378 -0.9724136
v 0.3187265 0.07180464 -0.9744053
v 0.4107959 0.06541061 -0.9884031
v 0.4138651 0.06066883 -0.9695194
v 0.4353949 0.02147603 -0.985712
v 0.4384641 0.01673424 -0.9668282
v 0.4294613 -0.02857649 -0.9842519
v 0.4325305 -0.03331852 -0.9653681
v 0.3952615 -0.06562877 -0.9845805
v 0.3983307 -0.07037067 -0.9656967
v 0.3458586 -0.07552791 -0.9865723
v 0.3489277 -0.08026981 -0.9676886
v 0.3001229 -0.05449295 -0.9894664
v 0.3031921 -0.05923474 -0.9705827
v 0.2755239 -0.01055825 -0.9921575
v 0.278593 -0.01530015 -0.9732738
v 0.2814575 0.0394944 -0.9936177
v 0.2845266 0.03475249 -0.9747339
v 0.4444511 -0.08320391 -0.9577426
v 0.4942327 -0.0867008 -0.9545004
v 0.5139818 -0.09634089 -0.9630101
v 0.4642003 -0.09284401 -0.9662523
v 0.5366169 -0.06022131 -0.9526638
v 0.556366 -0.06986153 -0.9611735
v 0.5554143 -0.0138799 -0.9529342
v 0.5751634 -0.02351999 -0.961444
v 0.5434449 0.03462267 -0.9552085
v 0.5631942 0.02498269 -0.9637182
v 0.5052809 0.06676042 -0.9586178
v 0.52503 0.0571202 -0.9671276
v 0.4554992 0.07025731 -0.9618601
v 0.4752483 0.06061721 -0.9703698
v 0.4131151 0.04377782 -0.9636967
v 0.4328642 0.03413773 -0.9722065
v 0.3943176 -0.002563715 -0.9634262
v 0.4140668 -0.01220369 -0.971936
v 0.406287 -0.05106628 -0.9611519
v 0.4260361 -0.06070638 -0.9696617
v 0.4683042 0.08719957 -0.973531
v 0.5185409 0.09030569 -0.9704927
v 0.4984758 0.08178473 -0.961037
v 0.4482391 0.07867861 -0.9640754
v 0.5608761 0.0633086 -0.9658577
v 0.5408111 0.05478752 -0.956402
v 0.5791394 0.01652026 -0.9613963
v 0.5590743 0.007999063 -0.9519407
v 0.5663545 -0.03218794 -0.9588128
v 0.5462894 -0.0407089 -0.9493571
v 0.5274051 -0.06421089 -0.9590937
v 0.5073401 -0.07273197 -0.9496381
v 0.4771685 -0.06731689 -0.9621321
v 0.4571034 -0.07583821 -0.9526764
v 0.4348333 -0.04031992 -0.9667671
v 0.4147682 -0.04884088 -0.9573115
v 0.41657 0.006468654 -0.9712285
v 0.3965049 -0.002052426 -0.9617728
v 0.4293548 0.05517662 -0.973812
v 0.4092897 0.04665542 -0.9643564
v 0.60536 0.08200884 -0.9475991
v 0.6556329 0.08096051 -0.9438372
v 0.644217 0.07036698 -0.934174
v 0.5939443 0.07141554 -0.9379359
v 0.69567 0.0504812 -0.9405741
v 0.6842542 0.03988767 -0.9309109
v 0.7101787 0.00221324 -0.9390563
v 0.6987629 -0.008380294 -0.9293932
v 0.6936171 -0.04540682 -0.9398636
v 0.6822013 -0.05600035 -0.9302004
v 0.6523112 -0.07418954 -0.9426875
v 0.6408954 -0.0847832 -0.9330243
v 0.6020384 -0.0731411 -0.9464495
v 0.5906225 -0.08373487 -0.9367862
v 0.5620012 -0.04266202 -0.9497125
v 0.5505854 -0.05325544 -0.9400493
v 0.5474925 0.005606174 -0.9512303
v 0.5360767 -0.004987478 -0.941567
v 0.5640541 0.05322611 -0.9504231
v 0.5526383 0.04263258 -0.9407599
v 0.589118 -0.07556999 -0.9328578
v 0.6389973 -0.07489634 -0.9293144
v 0.6501387 -0.08647561 -0.937812
v 0.6002595 -0.08714926 -0.9413553
v 0.6791489 -0.045084 -0.9291747
v 0.6902904 -0.05666316 -0.9376723
v 0.6942363 0.002479911 -0.9324921
v 0.7053778 -0.009099364 -0.9409896
v 0.6784966 0.0496273 -0.9379993
v 0.6896381 0.03804815 -0.9464968
v 0.6379419 0.07834983 -0.9435929
v 0.6490834 0.06677055 -0.9520904
v 0.5880626 0.07767606 -0.9471363
v 0.5992042 0.0660969 -0.9556338
v 0.547911 0.04786372 -0.9472761
v 0.5590526 0.03628445 -0.9557735
v 0.5328236 0.0002998114 -0.9439586
v 0.5439652 -0.01127934 -0.9524562
v 0.5485633 -0.04684758 -0.9384514
v 0.5597048 -0.05842686 -0.9469489
v -0.5843688 0.06698096 -0.1955506
v -0.5666471 0.02365959 -0.1933997
v -0.5621691 0.0115782 -0.1740843
v -0.5798908 0.05489933 -0.1762353
v -0.577698 -0.02187312 -0.1936601
v -0.57322 -0.0339545 -0.1743448
v -0.6133006 -0.05222535 -0.1962326
v -0.6088226 -0.06430662 -0.1769173
v -0.6598558 -0.05580354 -0.2001344
v -0.6553779 -0.06788504 -0.180819
v -0.6995811 -0.03124106 -0.2038752
v -0.6951033 -0.04332244 -0.1845599
v -0.7173029 0.01208019 -0.2060262
v -0.7128251 -1.192093E-06 -0.186711
v -0.706252 0.05761302 -0.2057656
v -0.7017741 0.04553151 -0.1864504
v -0.6706494 0.08796525 -0.2031932
v -0.6661714 0.07588375 -0.1838781
v -0.6240942 0.09154332 -0.1992915
v -0.6196163 0.07946205 -0.1799761
v -0.5748528 -0.03738046 -0.171
v -0.5566486 0.005318403 -0.1732051
v -0.5613164 -0.008455396 -0.1910589
v -0.5795205 -0.05115426 -0.1888539
v -0.5669521 0.05038023 -0.1779726
v -0.5716197 0.03660643 -0.1958263
v -0.6018277 0.08059263 -0.1834813
v -0.6064954 0.06681883 -0.2013351
v -0.6479541 0.08441591 -0.1876272
v -0.6526219 0.07064199 -0.2054809
v -0.6877127 0.0603894 -0.1888268
v -0.6923803 0.04661548 -0.2066805
v -0.7059168 0.01769042 -0.1866217
v -0.7105845 0.003916502 -0.2044754
v -0.6956133 -0.02737141 -0.1818544
v -0.700281 -0.04114509 -0.1997081
v -0.6607376 -0.05758393 -0.1763456
v -0.6654054 -0.07135773 -0.1941993
v -0.6146113 -0.06140697 -0.1721996
v -0.6192789 -0.07518077 -0.1900533
v -0.4763779 -0.05431974 -0.1651398
v -0.445288 -0.01988733 -0.1678396
v -0.4297304 -0.0311687 -0.1846135
v -0.4608202 -0.06560087 -0.1819136
v -0.4404002 0.02602625 -0.1730846
v -0.4248426 0.01474488 -0.1898584
v -0.4635812 0.0658834 -0.1788714
v -0.4480236 0.05460203 -0.1956452
v -0.5059768 0.08446038 -0.1829895
v -0.4904192 0.07317901 -0.1997633
v -0.5513933 0.07466125 -0.1838661
v -0.5358357 0.06337988 -0.20064
v -0.5824832 0.04022896 -0.1811663
v -0.5669255 0.02894747 -0.1979401
v -0.587371 -0.005684495 -0.1759213
v -0.5718135 -0.01696587 -0.1926951
v -0.56419 -0.04554188 -0.1701345
v -0.5486324 -0.05682337 -0.1869084
v -0.5217943 -0.06411886 -0.1660163
v -0.5062367 -0.07540023 -0.1827902
v -0.4644916 0.0804348 -0.1897162
v -0.4336554 0.04516721 -0.1888605
v -0.4495297 0.03577316 -0.1709367
v -0.4803661 0.07104087 -0.1717924
v -0.4294026 -0.001490712 -0.1894717
v -0.445277 -0.01088476 -0.1715479
v -0.4533578 -0.04171705 -0.1913164
v -0.4692322 -0.05111098 -0.1733927
v -0.4963709 -0.06014681 -0.1936899
v -0.5122454 -0.06954086 -0.1757661
v -0.5420123 -0.04974043 -0.1956856
v -0.5578868 -0.05913448 -0.1777619
v -0.5728488 -0.01447272 -0.1965413
v -0.5887231 -0.02386689 -0.1786175
v -0.5771015 0.03218508 -0.1959301
v -0.5929759 0.02279103 -0.1780063
v -0.5531462 0.07241142 -0.1940854
v -0.5690206 0.06301749 -0.1761616
v -0.510133 0.09084117 -0.1917119
v -0.5260074 0.08144724 -0.1737882
v -0.4086231 0.06772912 -0.1881086
v -0.3646708 0.08340001 -0.183862
v -0.3696119 0.08300471 -0.1723526
v -0.4135643 0.06733382 -0.1765991
v -0.3197447 0.07022619 -0.1819844
v -0.3246859 0.06983089 -0.1704749
v -0.2910054 0.0332396 -0.183193
v -0.2959466 0.03284419 -0.1716834
v -0.2894301 -0.01343203 -0.187026
v -0.2943713 -0.01382756 -0.1755166
v -0.3156206 -0.0519619 -0.1920195
v -0.3205617 -0.05235732 -0.18051
v -0.359573 -0.06763256 -0.1962661
v -0.3645141 -0.06802797 -0.1847566
v -0.4044988 -0.05445874 -0.1981436
v -0.4094401 -0.05485427 -0.1866342
v -0.4332383 -0.01747227 -0.1969351
v -0.4381795 -0.01786757 -0.1854256
v -0.4348136 0.02919948 -0.193102
v -0.4397548 0.02880418 -0.1815926
v -0.4100926 -0.05211532 -0.1703372
v -0.3667205 -0.06779778 -0.164646
v -0.3618578 -0.06940341 -0.1759704
v -0.4052297 -0.05372107 -0.1816616
v -0.321974 -0.05526936 -0.1641601
v -0.3171113 -0.05687499 -0.1754845
v -0.2929446 -0.01931548 -0.169065
v -0.2880818 -0.02092099 -0.1803894
v -0.2907205 0.02633083 -0.1774873
v -0.2858577 0.02472508 -0.1888117
v -0.3161512 0.0642339 -0.1862098
v -0.3112884 0.06262815 -0.1975341
v -0.3595231 0.07991624 -0.1919008
v -0.3546604 0.07831061 -0.2032253
v -0.4042697 0.06738782 -0.1923867
v -0.3994069 0.06578207 -0.2037112
v -0.4332992 0.03143382 -0.1874819
v -0.4284364 0.02982807 -0.1988063
v -0.4355232 -0.01421225 -0.1790596
v -0.4306605 -0.015818 -0.190384
v -0.2556402 0.0772872 -0.1884193
v -0.2058231 0.08508813 -0.1884972
v -0.2022183 0.08301461 -0.1757735
v -0.2520353 0.07521355 -0.1756957
v -0.1609348 0.0621177 -0.1884768
v -0.1573299 0.06004417 -0.1757531
v -0.1381211 0.01714945 -0.1883658
v -0.1345162 0.01507616 -0.1756421
v -0.146096 -0.03263986 -0.1882068
v -0.1424912 -0.03471327 -0.1754831
v -0.1818134 -0.06823266 -0.1880603
v -0.1782086 -0.07030606 -0.1753366
v -0.2316306 -0.07603359 -0.1879823
v -0.2280258 -0.07810712 -0.1752586
v -0.2765188 -0.05306315 -0.1880028
v -0.272914 -0.05513656 -0.1752791
v -0.2993326 -0.008094907 -0.1881137
v -0.2957277 -0.01016855 -0.17539
v -0.2913576 0.04169428 -0.1882728
v -0.2877527 0.03962088 -0.1755491
v -0.250021 -0.06216049 -0.1688704
v -0.2007316 -0.07059324 -0.1682361
v -0.2043712 -0.07385027 -0.1805811
v -0.2536605 -0.06541753 -0.1812153
v -0.1558864 -0.04858243 -0.1705564
v -0.1595259 -0.05183959 -0.1829013
v -0.1326146 -0.004535675 -0.1749448
v -0.1362542 -0.00779283 -0.1872896
v -0.1398053 0.04472268 -0.1797251
v -0.1434448 0.04146552 -0.1920699
v -0.1747118 0.08037782 -0.1830714
v -0.1783513 0.07712066 -0.1954162
v -0.2240011 0.08881056 -0.1837056
v -0.2276407 0.08555341 -0.1960505
v -0.2688463 0.06679976 -0.1813854
v -0.2724859 0.0635426 -0.1937304
v -0.2921181 0.02275288 -0.1769972
v -0.2957577 0.01949596 -0.1893419
v -0.2849274 -0.02650547 -0.1722168
v -0.288567 -0.02976251 -0.1845616
v -0.1361538 -0.06030643 -0.1666276
v -0.08860874 -0.07555616 -0.1638246
v -0.07108459 -0.07695961 -0.1784695
v -0.1186297 -0.06170976 -0.1812726
v -0.04126918 -0.05991948 -0.159899
v -0.02374503 -0.06132281 -0.174544
v -0.01221734 -0.01936889 -0.1563505
v 0.00530684 -0.02077234 -0.1709955
v -0.01254997 0.03060663 -0.1545343
v 0.004974201 0.02920306 -0.1691793
v -0.04214004 0.07091796 -0.1551442
v -0.02461588 0.06951439 -0.1697892
v -0.08968514 0.08616757 -0.1579473
v -0.07216099 0.08476424 -0.1725922
v -0.1370247 0.07053101 -0.1618727
v -0.1195005 0.06912744 -0.1765177
v -0.1660765 0.02998042 -0.1654214
v -0.1485524 0.02857685 -0.1800663
v -0.1657439 -0.01999509 -0.1672375
v -0.1482197 -0.02139854 -0.1818825
v -0.1195594 0.07158375 -0.1877258
v -0.07140234 0.08646774 -0.1863211
v -0.08910993 0.08679616 -0.1715362
v -0.137267 0.07191217 -0.1729407
v -0.02391282 0.07048559 -0.1806718
v -0.04162034 0.07081389 -0.1658868
v 0.004769787 0.02974153 -0.1729354
v -0.01293775 0.03006995 -0.1581504
v 0.003689751 -0.02020097 -0.166067
v -0.01401782 -0.01987267 -0.1512821
v -0.02674046 -0.06026602 -0.1626902
v -0.04444802 -0.0599376 -0.1479052
v -0.0748975 -0.07514989 -0.1640947
v -0.09260502 -0.07482147 -0.1493098
v -0.122387 -0.05916762 -0.169744
v -0.1400945 -0.0588392 -0.1549592
v -0.1510696 -0.0184238 -0.1774805
v -0.1687772 -0.01809537 -0.1626955
v -0.1499896 0.03151882 -0.1843489
v -0.1676972 0.03184724 -0.1695639
v 0.03817204 -0.06924856 -0.1502662
v 0.08696675 -0.08004677 -0.1484168
v 0.07858394 -0.08104146 -0.1646053
v 0.02978924 -0.07024312 -0.1664547
v 0.1328153 -0.060094 -0.1475528
v 0.1244325 -0.06108868 -0.1637414
v 0.1582052 -0.01701152 -0.1480047
v 0.1498223 -0.01800632 -0.1641932
v 0.1534382 0.03274465 -0.1495994
v 0.1450554 0.03174996 -0.1657878
v 0.1203352 0.07016945 -0.151728
v 0.1119524 0.06917477 -0.1679164
v 0.07154049 0.08096778 -0.1535774
v 0.06315769 0.0799731 -0.1697659
v 0.02569194 0.06101501 -0.1544412
v 0.01730913 0.06002033 -0.1706297
v 0.0003021061 0.01793253 -0.1539896
v -0.008080691 0.01693785 -0.1701781
v 0.005069062 -0.03182375 -0.1523949
v -0.003313735 -0.03281844 -0.1685833
v 0.03018153 0.0794667 -0.1733079
v 0.07953352 0.08977079 -0.172407
v 0.08794898 0.09028542 -0.1560425
v 0.038597 0.07998168 -0.1569434
v 0.1254598 0.06917155 -0.1693972
v 0.1338753 0.06968641 -0.1530329
v 0.150418 0.02553737 -0.1654285
v 0.1588335 0.02605224 -0.1490642
v 0.144875 -0.02446496 -0.1620165
v 0.1532905 -0.0239501 -0.1456522
v 0.1109481 -0.06173635 -0.1604646
v 0.1193636 -0.0612216 -0.1441003
v 0.06159608 -0.07204044 -0.1613656
v 0.07001151 -0.07152557 -0.1450012
v 0.01566984 -0.05144131 -0.1643753
v 0.0240853 -0.05092633 -0.1480107
v -0.009288415 -0.007807016 -0.168344
v -0.0008729398 -0.007292271 -0.1519796
v -0.003745437 0.04219532 -0.171756
v 0.004670024 0.0427103 -0.1553916
v 0.1746225 -0.07153034 -0.1554078
v 0.2244747 -0.07512963 -0.157068
v 0.2309608 -0.07882535 -0.171207
v 0.1811086 -0.07522619 -0.1695468
v 0.2669236 -0.04872286 -0.1583836
v 0.2734097 -0.05241871 -0.1725227
v 0.2857552 -0.002396941 -0.1588522
v 0.2922412 -0.006092668 -0.1729913
v 0.2737764 0.04615366 -0.1582947
v 0.2802625 0.04245782 -0.1724337
v 0.2355628 0.07838392 -0.1569241
v 0.2420489 0.07468796 -0.1710632
v 0.1857106 0.08198309 -0.155264
v 0.1921967 0.07828724 -0.169403
v 0.1432617 0.05557644 -0.1539483
v 0.1497478 0.0518806 -0.1680874
v 0.1244302 0.009250402 -0.1534798
v 0.1309163 0.005554557 -0.1676188
v 0.1364089 -0.0393002 -0.1540372
v 0.142895 -0.04299581 -0.1681763
v 0.1828171 0.08193612 -0.1764914
v 0.2331329 0.08464849 -0.1783814
v 0.2265203 0.08246469 -0.1638417
v 0.1762046 0.07975221 -0.1619518
v 0.2755386 0.05740499 -0.176916
v 0.2689261 0.05522108 -0.1623763
v 0.2938367 0.01061153 -0.1726549
v 0.2872242 0.008427501 -0.1581151
v 0.281038 -0.03785837 -0.1672256
v 0.2744255 -0.04004216 -0.1526859
v 0.2420312 -0.06949055 -0.1627021
v 0.2354186 -0.0716747 -0.1481624
v 0.1917154 -0.07220304 -0.1608121
v 0.1851029 -0.07438695 -0.1462724
v 0.1493097 -0.04495955 -0.1622776
v 0.1426972 -0.04714334 -0.1477379
v 0.1310116 0.001833916 -0.1665387
v 0.124399 -0.0003499985 -0.151999
v 0.1438102 0.05030382 -0.1719679
v 0.1371977 0.04811978 -0.1574283
v 0.3089877 -0.06984043 -0.1412406
v 0.3578417 -0.08013165 -0.138355
v 0.354678 -0.08664143 -0.156514
v 0.305824 -0.07635021 -0.1593996
v 0.4035073 -0.05975747 -0.1376482
v 0.4003436 -0.06626725 -0.1558071
v 0.4285417 -0.01650023 -0.13939
v 0.425378 -0.02301002 -0.157549
v 0.4233827 0.03311741 -0.1429152
v 0.420219 0.02660763 -0.1610743
v 0.3900009 0.07014298 -0.1468775
v 0.3868372 0.06363332 -0.1650364
v 0.3411469 0.0804342 -0.1497631
v 0.3379832 0.07392454 -0.167922
v 0.2954813 0.06006014 -0.1504699
v 0.2923176 0.05355036 -0.1686289
v 0.2704469 0.01680291 -0.1487281
v 0.2672832 0.01029301 -0.166887
v 0.2756059 -0.03281474 -0.1452028
v 0.2724422 -0.03932452 -0.1633618
v 0.3085566 0.08226192 -0.166077
v 0.3579595 0.09216118 -0.1640853
v 0.3610286 0.08741915 -0.1452016
v 0.3116258 0.07752001 -0.1471933
v 0.4036952 0.07112598 -0.1611911
v 0.4067644 0.0663842 -0.1423074
v 0.4282942 0.0271914 -0.1585
v 0.4313634 0.02244961 -0.1396163
v 0.4223606 -0.02286112 -0.1570399
v 0.4254298 -0.02760315 -0.1381562
v 0.3881608 -0.0599134 -0.1573684
v 0.39123 -0.0646553 -0.1384847
v 0.3387579 -0.06981254 -0.1593603
v 0.341827 -0.07455444 -0.1404766
v 0.2930222 -0.04877758 -0.1622545
v 0.2960914 -0.05351937 -0.1433707
v 0.2684232 -0.004842877 -0.1649455
v 0.2714923 -0.009584785 -0.1460619
v 0.2743568 0.04520977 -0.1664057
v 0.2774259 0.04046786 -0.147522
v 0.4373504 -0.07748854 -0.1305306
v 0.4871321 -0.08098543 -0.1272885
v 0.5068812 -0.09062552 -0.1357981
v 0.4570996 -0.08712864 -0.1390404
v 0.5295162 -0.05450594 -0.1254518
v 0.5492654 -0.06414616 -0.1339616
v 0.5483136 -0.008164525 -0.1257223
v 0.5680628 -0.01780462 -0.134232
v 0.5363443 0.04033804 -0.1279966
v 0.5560935 0.03069806 -0.1365063
v 0.4981802 0.07247579 -0.1314058
v 0.5179293 0.06283557 -0.1399156
v 0.4483985 0.07597268 -0.1346481
v 0.4681477 0.06633258 -0.1431578
v 0.4060144 0.04949319 -0.1364846
v 0.4257635 0.0398531 -0.1449945
v 0.387217 0.003151655 -0.1362143
v 0.4069661 -0.006488323 -0.144724
v 0.3991863 -0.04535091 -0.13394
v 0.4189354 -0.05499101 -0.1424497
v 0.4612035 0.09291494 -0.1463192
v 0.5114402 0.09602106 -0.1432807
v 0.4913751 0.0875001 -0.1338251
v 0.4411384 0.08439398 -0.1368635
v 0.5537754 0.06902397 -0.1386458
v 0.5337104 0.06050289 -0.1291901
v 0.5720387 0.02223563 -0.1341845
v 0.5519736 0.01371443 -0.1247288
v 0.5592538 -0.02647257 -0.1316009
v 0.5391887 -0.03499353 -0.1221452
v 0.5203044 -0.05849552 -0.1318818
v 0.5002394 -0.0670166 -0.1224262
v 0.4700678 -0.06160152 -0.1349202
v 0.4500027 -0.07012284 -0.1254646
v 0.4277326 -0.03460455 -0.1395552
v 0.4076675 -0.04312551 -0.1300995
v 0.4094693 0.01218402 -0.1440166
v 0.3894042 0.003662944 -0.1345609
v 0.4222541 0.06089199 -0.1466001
v 0.402189 0.05237079 -0.1371444
v 0.5982593 0.08772421 -0.1203872
v 0.6485322 0.08667588 -0.1166253
v 0.6371163 0.07608235 -0.1069621
v 0.5868436 0.07713091 -0.110724
v 0.6885693 0.05619657 -0.1133622
v 0.6771535 0.04560304 -0.103699
v 0.703078 0.00792861 -0.1118444
v 0.6916622 -0.002664924 -0.1021813
v 0.6865164 -0.03969145 -0.1126517
v 0.6751006 -0.05028498 -0.1029885
v 0.6452105 -0.06847417 -0.1154757
v 0.6337947 -0.07906783 -0.1058124
v 0.5949377 -0.06742573 -0.1192375
v 0.5835218 -0.0780195 -0.1095743
v 0.5549005 -0.03694665 -0.1225007
v 0.5434847 -0.04754007 -0.1128374
v 0.5403918 0.01132154 -0.1240184
v 0.528976 0.0007278919 -0.1143551
v 0.5569534 0.05894148 -0.1232111
v 0.5455376 0.04834795 -0.1135479
v 0.5820174 -0.06985462 -0.1056459
v 0.6318966 -0.06918097 -0.1021025
v 0.6430382 -0.08076024 -0.1106
v 0.5931589 -0.08143389 -0.1141434
v 0.6720482 -0.03936863 -0.1019628
v 0.6831897 -0.05094779 -0.1104603
v 0.6871357 0.008195281 -0.1052802
v 0.6982772 -0.003383994 -0.1137776
v 0.671396 0.05534267 -0.1107874
v 0.6825374 0.04376352 -0.1192849
v 0.6308413 0.0840652 -0.1163809
v 0.6419828 0.07248592 -0.1248785
v 0.5809619 0.08339143 -0.1199243
v 0.5921035 0.07181227 -0.1284219
v 0.5408104 0.05357909 -0.1200641
v 0.5519519 0.04199982 -0.1285616
v 0.525723 0.006015182 -0.1167468
v 0.5368645 -0.005563974 -0.1252443
v 0.5414627 -0.04113221 -0.1112396
v 0.5526042 -0.05271149 -0.119737
v -0.5757262 -0.04323411 -0.1653217
v -0.5578706 5.292892E-05 -0.1636395
v -0.5625308 -0.01216316 -0.1828265
v -0.5803863 -0.0554502 -0.1845088
v -0.5687994 0.04561281 -0.1641634
v -0.5734596 0.03339672 -0.1833504
v -0.6043383 0.07604325 -0.1666932
v -0.6089984 0.06382716 -0.1858802
v -0.6509124 0.07972085 -0.1702627
v -0.6555725 0.06750476 -0.1894498
v -0.6907321 0.05524087 -0.1735085
v -0.6953923 0.04302478 -0.1926956
v -0.7085878 0.01195383 -0.1751907
v -0.7132479 -0.0002623796 -0.1943778
v -0.6976589 -0.03360617 -0.1746669
v -0.702319 -0.04582214 -0.1938539
v -0.66212 -0.06403661 -0.172137
v -0.6667802 -0.0762527 -0.1913241
v -0.6155459 -0.06771421 -0.1685675
v -0.6202061 -0.07993019 -0.1877545
v -0.5751655 0.06271887 -0.1787546
v -0.5570949 0.01995409 -0.180773
v -0.5523267 0.006304145 -0.1628509
v -0.5703971 0.04906893 -0.1608324
v -0.5675575 -0.02511406 -0.1851155
v -0.5627892 -0.038764 -0.1671933
v -0.6025567 -0.05527079 -0.1901232
v -0.5977883 -0.06892073 -0.172201
v -0.6487241 -0.05899739 -0.1938834
v -0.6439557 -0.07264745 -0.1759613
v -0.6884252 -0.03487051 -0.1949599
v -0.6836568 -0.04852045 -0.1770378
v -0.7064956 0.007894397 -0.1929414
v -0.7017273 -0.005755544 -0.1750193
v -0.6960331 0.05296242 -0.188599
v -0.6912649 0.03931248 -0.1706769
v -0.661034 0.08311927 -0.1835912
v -0.6562656 0.06946933 -0.1656692
v -0.6148666 0.08684587 -0.179831
v -0.6100982 0.07319593 -0.1619089
v -0.4563761 0.07688832 -0.172842
v -0.4254018 0.04235029 -0.175518
v -0.4408596 0.03124058 -0.1585387
v -0.471834 0.06577873 -0.1558627
v -0.4206795 -0.003615379 -0.1804488
v -0.4361373 -0.01472509 -0.1634694
v -0.4440129 -0.04345107 -0.185751
v -0.4594707 -0.05456078 -0.1687716
v -0.4864894 -0.06194115 -0.1893992
v -0.5019473 -0.07305086 -0.1724199
v -0.5318846 -0.05202293 -0.1900002
v -0.5473424 -0.06313264 -0.1730208
v -0.5628588 -0.01748478 -0.1873242
v -0.5783167 -0.02859449 -0.1703448
v -0.5675812 0.02848077 -0.1823934
v -0.583039 0.01737106 -0.165414
v -0.5442477 0.06831658 -0.1770912
v -0.5597056 0.05720687 -0.1601118
v -0.5017712 0.08680665 -0.173443
v -0.5172291 0.07569695 -0.1564636
v -0.4762141 -0.05961752 -0.1615238
v -0.4452764 -0.02443004 -0.1611764
v -0.4295668 -0.03400469 -0.1791497
v -0.4605046 -0.06919205 -0.1794972
v -0.4409017 0.02221 -0.1621778
v -0.4251922 0.01263523 -0.1801512
v -0.4647611 0.06248736 -0.1641455
v -0.4490515 0.05291271 -0.1821189
v -0.5077411 0.08101785 -0.1663278
v -0.4920315 0.07144308 -0.1843013
v -0.5534247 0.0707233 -0.1678914
v -0.5377152 0.06114864 -0.1858648
v -0.5843625 0.03553593 -0.1682388
v -0.5686529 0.02596116 -0.1862122
v -0.5887371 -0.01110399 -0.1672374
v -0.5730275 -0.02067864 -0.1852108
v -0.5648777 -0.05138159 -0.1652697
v -0.5491681 -0.06095612 -0.183243
v -0.5218978 -0.06991196 -0.1630874
v -0.5061882 -0.07948661 -0.1810607
v -0.4094418 -0.05613244 -0.1668744
v -0.3655007 -0.0718925 -0.1628474
v -0.3606498 -0.07238936 -0.1743914
v -0.4045909 -0.05662942 -0.1784183
v -0.3205258 -0.05882943 -0.1614177
v -0.3156749 -0.05932629 -0.1729617
v -0.2916963 -0.02193308 -0.1631315
v -0.2868455 -0.02243006 -0.1746753
v -0.2900239 0.0247035 -0.1673338
v -0.285173 0.0242064 -0.1788778
v -0.3161474 0.06326652 -0.1724199
v -0.3112966 0.06276953 -0.1839639
v -0.3600886 0.07902646 -0.1764469
v -0.3552378 0.07852936 -0.1879908
v -0.4050634 0.06596339 -0.1778766
v -0.4002126 0.0654664 -0.1894205
v -0.4338929 0.02906692 -0.176163
v -0.4290421 0.02857006 -0.1877068
v -0.4355654 -0.01756954 -0.1719605
v -0.4307145 -0.01806641 -0.1835043
v -0.4008178 0.06485653 -0.1729283
v -0.3573607 0.08046138 -0.1676925
v -0.36214 0.07895589 -0.1563189
v -0.4055971 0.06335092 -0.1615547
v -0.3126459 0.0678128 -0.1674563
v -0.3174252 0.06630731 -0.1560826
v -0.2837531 0.03174198 -0.1723096
v -0.2885324 0.03023636 -0.160936
v -0.2817183 -0.01397312 -0.1803989
v -0.2864976 -0.01547873 -0.1690253
v -0.3073188 -0.05187094 -0.1886342
v -0.312098 -0.05337656 -0.1772606
v -0.350776 -0.06747591 -0.1938699
v -0.3555552 -0.06898153 -0.1824964
v -0.3954907 -0.05482721 -0.1941062
v -0.4002699 -0.05633295 -0.1827327
v -0.4243835 -0.01875651 -0.1892529
v -0.4291627 -0.02026212 -0.1778793
v -0.4264183 0.0269587 -0.1811637
v -0.4311975 0.02545309 -0.16979
v -0.2479327 -0.0644536 -0.167158
v -0.1981391 -0.0723933 -0.1675608
v -0.201848 -0.07455385 -0.18024
v -0.2516416 -0.06661415 -0.1798372
v -0.1531897 -0.04954803 -0.1680629
v -0.1568986 -0.05170858 -0.1807421
v -0.1302537 -0.004644036 -0.1684726
v -0.1339626 -0.006804466 -0.1811519
v -0.1380919 0.04516709 -0.1686333
v -0.1418008 0.04300654 -0.1813126
v -0.1737103 0.08085907 -0.1684836
v -0.1774192 0.07869852 -0.1811628
v -0.2235039 0.08879876 -0.1680808
v -0.2272128 0.08663809 -0.18076
v -0.2684532 0.06595349 -0.1675787
v -0.2721621 0.06379294 -0.1802579
v -0.2913892 0.02104938 -0.1671691
v -0.2950981 0.01888871 -0.1798482
v -0.2835511 -0.02876163 -0.1670084
v -0.28726 -0.03092229 -0.1796876
v -0.2492185 0.07613528 -0.1737419
v -0.199903 0.0844357 -0.1735529
v -0.1961768 0.08126283 -0.161212
v -0.2454923 0.07296252 -0.1614009
v -0.155137 0.06228352 -0.1760507
v -0.1514108 0.05911076 -0.1637096
v -0.1320197 0.0181402 -0.180281
v -0.1282935 0.01496732 -0.16794
v -0.139381 -0.03113317 -0.1846282
v -0.1356548 -0.03430605 -0.1722873
v -0.1744091 -0.06671572 -0.1874318
v -0.170683 -0.06988859 -0.1750909
v -0.2237246 -0.07501614 -0.1876209
v -0.2199984 -0.0781889 -0.1752799
v -0.2684906 -0.05286396 -0.1851231
v -0.2647644 -0.05603683 -0.1727822
v -0.2916079 -0.008720517 -0.1808927
v -0.2878817 -0.01189327 -0.1685518
v -0.2842467 0.04055285 -0.1765455
v -0.2805204 0.03737998 -0.1642045
v -0.1142027 0.07205236 -0.1748135
v -0.06659609 0.08719099 -0.1724945
v -0.08401009 0.08594811 -0.1577044
v -0.1316167 0.07080948 -0.1600233
v -0.01927023 0.07145321 -0.168815
v -0.03668422 0.07021046 -0.1540248
v 0.009697929 0.03085053 -0.1651803
v -0.00771606 0.02960765 -0.1503903
v 0.009243578 -0.01910841 -0.162979
v -0.008170411 -0.02035141 -0.1481888
v -0.02045976 -0.05934095 -0.1630516
v -0.03787374 -0.06058383 -0.1482614
v -0.06806642 -0.07447958 -0.1653706
v -0.08548042 -0.07572246 -0.1505804
v -0.1153922 -0.05874193 -0.1690501
v -0.1328062 -0.0599848 -0.1542599
v -0.1443604 -0.01813912 -0.1726847
v -0.1617744 -0.019382 -0.1578945
v -0.1439061 0.03181982 -0.1748861
v -0.1613201 0.03057694 -0.1600959
v -0.1331378 -0.06145 -0.1653148
v -0.08501202 -0.07645655 -0.1641682
v -0.06741861 -0.07629013 -0.1790916
v -0.1155444 -0.06128371 -0.1802381
v -0.03743687 -0.06056356 -0.1590081
v -0.01984349 -0.06039715 -0.1739316
v -0.008584604 -0.01984143 -0.1518058
v 0.009008765 -0.01967514 -0.1667291
v -0.009475738 0.03015506 -0.145312
v 0.008117646 0.03032124 -0.1602354
v -0.03976989 0.07032895 -0.1420074
v -0.0221765 0.07049525 -0.1569306
v -0.08789575 0.08533525 -0.1431538
v -0.07030237 0.08550167 -0.1580772
v -0.1354708 0.06944227 -0.1483139
v -0.1178775 0.06960857 -0.1632371
v -0.1643231 0.02872038 -0.1555163
v -0.1467297 0.02888668 -0.1704396
v -0.163432 -0.02127612 -0.1620101
v -0.1458386 -0.02110982 -0.1769334
v 0.03434917 0.08028626 -0.1612078
v 0.08318591 0.09096277 -0.1598178
v 0.09169108 0.09006858 -0.1436875
v 0.04285434 0.07939196 -0.1450773
v 0.1289854 0.07089007 -0.1591552
v 0.1374906 0.06999564 -0.1430249
v 0.1542538 0.02773499 -0.1594731
v 0.162759 0.02684069 -0.1433426
v 0.1493395 -0.02201855 -0.1606498
v 0.1578446 -0.02291286 -0.1445194
v 0.1161195 -0.05936635 -0.1622361
v 0.1246246 -0.06026077 -0.1461056
v 0.06728271 -0.07004297 -0.163626
v 0.07578786 -0.07093728 -0.1474955
v 0.02148323 -0.04997015 -0.1642885
v 0.02998838 -0.05086446 -0.1481581
v -0.003785193 -0.006815195 -0.1639708
v 0.004719973 -0.007709503 -0.1478404
v 0.00112918 0.04293835 -0.162794
v 0.009634316 0.04204404 -0.1466635
v 0.04282203 -0.06988525 -0.1506146
v 0.09215131 -0.08031893 -0.1500158
v 0.08361085 -0.07990587 -0.1663183
v 0.03428155 -0.06947196 -0.166917
v 0.1381553 -0.05982494 -0.1475189
v 0.1296149 -0.05941188 -0.1638212
v 0.163262 -0.0162313 -0.1440772
v 0.1547215 -0.01581812 -0.1603795
v 0.1578815 0.03381085 -0.1410056
v 0.149341 0.03422415 -0.157308
v 0.124069 0.07118714 -0.1394773
v 0.1155285 0.07160032 -0.1557797
v 0.07473968 0.08162093 -0.140076
v 0.06619921 0.08203423 -0.1563784
v 0.02873573 0.06112695 -0.142573
v 0.02019525 0.06154025 -0.1588755
v 0.003629014 0.0175333 -0.1460147
v -0.004911453 0.01794648 -0.162317
v 0.009009495 -0.03250897 -0.1490862
v 0.0004690289 -0.03209579 -0.1653887
v 0.1856531 0.08482528 -0.1655064
v 0.2355005 0.08827329 -0.1675789
v 0.229114 0.08470368 -0.1533623
v 0.1792666 0.08125567 -0.1512897
v 0.277866 0.06173968 -0.1690199
v 0.2714795 0.05816996 -0.1548034
v 0.2965674 0.01535928 -0.1692791
v 0.290181 0.01178956 -0.1550626
v 0.2844614 -0.0331521 -0.1682574
v 0.2780749 -0.03672183 -0.1540408
v 0.2461721 -0.0652647 -0.166345
v 0.2397857 -0.06883442 -0.1521283
v 0.1963247 -0.06871271 -0.1642724
v 0.1899382 -0.07228243 -0.1500559
v 0.1539592 -0.04217899 -0.1628313
v 0.1475728 -0.04574871 -0.1486148
v 0.1352578 0.004201412 -0.1625721
v 0.1288713 0.0006315708 -0.1483556
v 0.1473638 0.05271268 -0.1635939
v 0.1409773 0.04914308 -0.1493773
v 0.1803868 -0.07007623 -0.1566867
v 0.2306789 -0.07294273 -0.1589442
v 0.2371727 -0.07525587 -0.1735175
v 0.1868807 -0.07238948 -0.1712598
v 0.2731686 -0.04580665 -0.158015
v 0.2796624 -0.0481199 -0.1725882
v 0.2916263 0.0009670258 -0.1542538
v 0.2981201 -0.001346231 -0.1688271
v 0.2790018 0.04951227 -0.1490973
v 0.2854956 0.04719901 -0.1636705
v 0.2401172 0.08128655 -0.1445152
v 0.246611 0.07897317 -0.1590884
v 0.1898251 0.08415294 -0.1422576
v 0.196319 0.08183968 -0.1568308
v 0.1473355 0.05701673 -0.1431868
v 0.1538293 0.05470359 -0.15776
v 0.1288778 0.01024318 -0.146948
v 0.1353716 0.007929921 -0.1615212
v 0.1415023 -0.03830206 -0.1521045
v 0.1479961 -0.04061532 -0.1666777
v 0.310446 0.0856806 -0.1563313
v 0.3593486 0.09585786 -0.1539018
v 0.3626351 0.08947814 -0.1357186
v 0.3137324 0.07930088 -0.138148
v 0.4049627 0.07536304 -0.1533916
v 0.4082493 0.06898332 -0.1352084
v 0.4298653 0.03202438 -0.1549954
v 0.4331518 0.02564466 -0.1368121
v 0.4245444 -0.01760423 -0.1581006
v 0.4278309 -0.02398396 -0.1399173
v 0.3910323 -0.05456626 -0.1615212
v 0.3943189 -0.06094599 -0.1433378
v 0.3421296 -0.06474352 -0.1639506
v 0.3454162 -0.07112312 -0.1457672
v 0.2965156 -0.0442487 -0.1644608
v 0.2998021 -0.0506283 -0.1462774
v 0.271613 -0.0009100437 -0.1628571
v 0.2748995 -0.007289648 -0.1446737
v 0.2769339 0.04871857 -0.1597518
v 0.2802204 0.04233897 -0.1415685
v 0.3159239 -0.06810749 -0.1429921
v 0.3653136 -0.07812822 -0.1413062
v 0.3620855 -0.08300567 -0.1601287
v 0.3126957 -0.07298481 -0.1618147
v 0.4111274 -0.05719876 -0.1389264
v 0.4078992 -0.06207621 -0.1577489
v 0.4358658 -0.01331341 -0.1367618
v 0.4326376 -0.01819074 -0.1555845
v 0.4300797 0.03676534 -0.1356393
v 0.4268515 0.03188777 -0.1544619
v 0.3959792 0.07390869 -0.1359875
v 0.392751 0.06903124 -0.1548102
v 0.3465894 0.08392942 -0.1376736
v 0.3433613 0.07905209 -0.1564962
v 0.3007757 0.06299996 -0.1400534
v 0.2975475 0.05812263 -0.1588759
v 0.2760372 0.01911461 -0.1422179
v 0.2728091 0.01423705 -0.1610404
v 0.2818233 -0.03096402 -0.1433403
v 0.2785952 -0.03584146 -0.162163
v 0.4619033 0.09619415 -0.1372238
v 0.5117178 0.09957755 -0.134393
v 0.492009 0.09005749 -0.1256574
v 0.4421945 0.08667421 -0.1284883
v 0.5540428 0.07299531 -0.1326809
v 0.5343341 0.06347537 -0.1239454
v 0.5727116 0.02660108 -0.1327416
v 0.5530028 0.01708114 -0.124006
v 0.5605932 -0.02188408 -0.1345518
v 0.5408845 -0.03140402 -0.1258162
v 0.5223167 -0.05394065 -0.1374202
v 0.5026079 -0.06346071 -0.1286845
v 0.4725021 -0.05732405 -0.1402509
v 0.4527933 -0.06684399 -0.1315154
v 0.4301772 -0.03074193 -0.141963
v 0.4104683 -0.04026175 -0.1332275
v 0.4115084 0.01565242 -0.1419023
v 0.3917996 0.006132483 -0.1331668
v 0.4236267 0.06413758 -0.1400921
v 0.4039179 0.05461764 -0.1313566
v 0.4454934 -0.07526159 -0.1336101
v 0.4957435 -0.07848382 -0.130936
v 0.5157115 -0.08713257 -0.1404809
v 0.4654614 -0.08391023 -0.1431549
v 0.5381866 -0.0515697 -0.126835
v 0.5581546 -0.06021845 -0.1363797
v 0.5566109 -0.004799485 -0.1228732
v 0.576579 -0.01344836 -0.132418
v 0.5439789 0.04396212 -0.1205642
v 0.563947 0.03531349 -0.130109
v 0.5051157 0.0760901 -0.1207896
v 0.5250837 0.06744134 -0.1303345
v 0.4548656 0.07931244 -0.1234636
v 0.4748336 0.07066369 -0.1330085
v 0.4124225 0.0523982 -0.1275648
v 0.4323906 0.04374957 -0.1371095
v 0.3939982 0.00562799 -0.1315265
v 0.4139663 -0.003020644 -0.1410713
v 0.4066302 -0.0431335 -0.1338356
v 0.4265982 -0.05178237 -0.1433804
v 0.5914156 -0.06820381 -0.1086528
v 0.6417187 -0.06726611 -0.1052873
v 0.6530305 -0.07796478 -0.114957
v 0.6027275 -0.07890236 -0.1183225
v 0.6818627 -0.03687418 -0.1025671
v 0.6931745 -0.04757285 -0.1122367
v 0.6965138 0.01136363 -0.1015311
v 0.7078255 0.0006649494 -0.1112008
v 0.6800759 0.05902183 -0.1025752
v 0.6913877 0.04832315 -0.1122448
v 0.6388277 0.08789682 -0.1053004
v 0.6501395 0.07719803 -0.1149701
v 0.5885246 0.08695936 -0.1086659
v 0.5998363 0.07626057 -0.1183356
v 0.5483807 0.05656731 -0.1113862
v 0.5596925 0.04586864 -0.1210558
v 0.5337296 0.00832963 -0.1124221
v 0.5450414 -0.002369285 -0.1220919
v 0.5501674 -0.03932881 -0.1113782
v 0.5614793 -0.05002737 -0.1210479
v 0.5981354 0.09031177 -0.1133353
v 0.6480385 0.08952665 -0.110172
v 0.6369317 0.07804382 -0.1015003
v 0.5870285 0.07882881 -0.1046635
v 0.6881088 0.05960488 -0.1101141
v 0.677002 0.04812193 -0.1014422
v 0.7030407 0.01197541 -0.1131834
v 0.691934 0.0004924536 -0.1045116
v 0.6871308 -0.03516889 -0.1182077
v 0.6760241 -0.04665184 -0.1095359
v 0.6464561 -0.06382036 -0.1232678
v 0.6353493 -0.07530344 -0.1145961
v 0.596553 -0.06303525 -0.126431
v 0.5854461 -0.07451832 -0.1177592
v 0.5564827 -0.03311348 -0.126489
v 0.5453758 -0.04459655 -0.1178173
v 0.5415508 0.014516 -0.1234196
v 0.5304439 0.003033042 -0.1147479
v 0.5574606 0.06166029 -0.1183953
v 0.5463538 0.05017734 -0.1097237
v -0.5648527 -0.04673135 1.139
v -0.5466485 -0.004032493 1.136795
v -0.5513163 -0.01780629 1.118941
v -0.5695204 -0.06050515 1.121147
v -0.556952 0.04102933 1.132028
v -0.5616196 0.02725554 1.114174
v -0.5918276 0.07124174 1.126519
v -0.5964953 0.05746794 1.108665
v -0.637954 0.07506502 1.122373
v -0.6426218 0.0612911 1.104519
v -0.6777126 0.0510385 1.121174
v -0.6823802 0.03726459 1.10332
v -0.6959167 0.008339524 1.123379
v -0.7005844 -0.005434394 1.105525
v -0.6856132 -0.0367223 1.128146
v -0.6902809 -0.05049598 1.110292
v -0.6507375 -0.06693482 1.133655
v -0.6554053 -0.08070862 1.115801
v -0.6046112 -0.07075787 1.137801
v -0.6092788 -0.08453166 1.119947
v -0.5743687 0.05763006 1.11445
v -0.5566469 0.01430869 1.116601
v -0.552169 0.002227306 1.135916
v -0.5698907 0.04554844 1.133765
v -0.5676979 -0.03122401 1.11634
v -0.5632199 -0.0433054 1.135656
v -0.6033005 -0.06157625 1.113768
v -0.5988225 -0.07365751 1.133083
v -0.6498557 -0.06515443 1.109866
v -0.6453778 -0.07723594 1.129181
v -0.689581 -0.04059196 1.106125
v -0.6851032 -0.05267334 1.12544
v -0.7073028 0.002729297 1.103974
v -0.702825 -0.009352088 1.123289
v -0.6962519 0.04826212 1.104235
v -0.691774 0.03618062 1.12355
v -0.6606493 0.07861435 1.106807
v -0.6561713 0.06653285 1.126122
v -0.6140941 0.08219242 1.110709
v -0.6096162 0.07011116 1.130024
v -0.4663778 -0.06367064 1.144861
v -0.4352879 -0.02923822 1.142161
v -0.4197303 -0.0405196 1.125387
v -0.4508201 -0.07495177 1.128087
v -0.4304 0.01667535 1.136916
v -0.4148425 0.005393982 1.120142
v -0.4535811 0.0565325 1.131129
v -0.4380235 0.04525113 1.114355
v -0.4959767 0.07510948 1.127011
v -0.4804191 0.06382811 1.110237
v -0.5413932 0.06531036 1.126134
v -0.5258356 0.05402899 1.10936
v -0.5724831 0.03087807 1.128834
v -0.5569254 0.01959658 1.11206
v -0.5773709 -0.01503539 1.134079
v -0.5618134 -0.02631676 1.117305
v -0.5541899 -0.05489278 1.139866
v -0.5386323 -0.06617427 1.123092
v -0.5117942 -0.07346976 1.143984
v -0.4962366 -0.08475113 1.12721
v -0.4544915 0.0710839 1.120284
v -0.4236552 0.03581631 1.12114
v -0.4395296 0.02642226 1.139064
v -0.470366 0.06168997 1.138208
v -0.4194025 -0.01084161 1.120529
v -0.4352769 -0.02023566 1.138452
v -0.4433577 -0.05106795 1.118684
v -0.4592321 -0.06046188 1.136608
v -0.4863708 -0.0694977 1.11631
v -0.5022453 -0.07889175 1.134234
v -0.5320122 -0.05909133 1.114315
v -0.5478867 -0.06848538 1.132239
v -0.5628487 -0.02382362 1.113459
v -0.578723 -0.03321767 1.131383
v -0.5671014 0.02283418 1.11407
v -0.5829757 0.01344013 1.131994
v -0.5431461 0.06306052 1.115915
v -0.5590205 0.05366659 1.133839
v -0.5001329 0.08149028 1.118288
v -0.5160073 0.07209635 1.136212
v -0.398623 0.05837822 1.121892
v -0.3546707 0.07404912 1.126138
v -0.3596118 0.07365382 1.137648
v -0.4035642 0.05798292 1.133401
v -0.3097446 0.06087518 1.128016
v -0.3146858 0.06048 1.139525
v -0.2810053 0.02388871 1.126807
v -0.2859465 0.02349329 1.138317
v -0.27943 -0.02278292 1.122974
v -0.2843712 -0.02317846 1.134484
v -0.3056205 -0.06131279 1.117981
v -0.3105616 -0.06170821 1.12949
v -0.3495729 -0.07698345 1.113734
v -0.354514 -0.07737887 1.125244
v -0.3944987 -0.06380963 1.111857
v -0.39944 -0.06420517 1.123366
v -0.4232382 -0.02682316 1.113065
v -0.4281794 -0.02721846 1.124575
v -0.4248135 0.01984859 1.116898
v -0.4297547 0.01945329 1.128408
v -0.4000925 -0.06146622 1.139663
v -0.3567204 -0.07714868 1.145354
v -0.3518577 -0.07875431 1.13403
v -0.3952296 -0.06307197 1.128339
v -0.3119739 -0.06462026 1.14584
v -0.3071112 -0.06622589 1.134516
v -0.2829445 -0.02866638 1.140935
v -0.2780817 -0.03027189 1.129611
v -0.2807204 0.01697993 1.132513
v -0.2758576 0.01537418 1.121189
v -0.3061511 0.054883 1.123791
v -0.3012883 0.05327725 1.112466
v -0.349523 0.07056534 1.118099
v -0.3446603 0.06895971 1.106775
v -0.3942696 0.05803692 1.117613
v -0.3894068 0.05643117 1.106289
v -0.423299 0.02208292 1.122518
v -0.4184363 0.02047718 1.111194
v -0.4255231 -0.02356315 1.130941
v -0.4206603 -0.0251689 1.119616
v -0.24564 0.0679363 1.121581
v -0.195823 0.07573724 1.121503
v -0.1922181 0.07366371 1.134227
v -0.2420352 0.06586266 1.134305
v -0.1509346 0.0527668 1.121523
v -0.1473298 0.05069327 1.134247
v -0.1281209 0.007798553 1.121634
v -0.1245161 0.005725265 1.134358
v -0.1360959 -0.04199076 1.121794
v -0.1324911 -0.04406416 1.134517
v -0.1718133 -0.07758355 1.12194
v -0.1682085 -0.07965696 1.134664
v -0.2216304 -0.08538449 1.122018
v -0.2180256 -0.0874579 1.134742
v -0.2665187 -0.06241405 1.121997
v -0.2629139 -0.06448746 1.134721
v -0.2893325 -0.0174458 1.121887
v -0.2857275 -0.01951945 1.13461
v -0.2813575 0.03234339 1.121728
v -0.2777525 0.03026986 1.134451
v -0.2400208 -0.07151139 1.14113
v -0.1907315 -0.07994413 1.141764
v -0.194371 -0.08320117 1.129419
v -0.2436603 -0.07476854 1.128785
v -0.1458862 -0.05793333 1.139444
v -0.1495258 -0.06119049 1.127099
v -0.1226144 -0.01388669 1.135056
v -0.126254 -0.01714373 1.122711
v -0.1298051 0.03537178 1.130275
v -0.1334446 0.03211462 1.117931
v -0.1647116 0.07102692 1.126929
v -0.1683512 0.06776977 1.114584
v -0.2140009 0.07945967 1.126295
v -0.2176405 0.07620251 1.11395
v -0.2588462 0.05744886 1.128615
v -0.2624857 0.05419171 1.11627
v -0.2821179 0.01340199 1.133003
v -0.2857576 0.01014507 1.120658
v -0.2749272 -0.03585637 1.137783
v -0.2785669 -0.0391134 1.125439
v -0.1261538 -0.06965733 1.143373
v -0.07860869 -0.08490705 1.146176
v -0.06108454 -0.08631051 1.131531
v -0.1086296 -0.07106066 1.128728
v -0.03126913 -0.06927037 1.150101
v -0.01374498 -0.0706737 1.135456
v -0.002217293 -0.02871978 1.15365
v 0.01530689 -0.03012323 1.139005
v -0.002549917 0.02125573 1.155466
v 0.01497425 0.01985216 1.140821
v -0.03213999 0.06156707 1.154856
v -0.01461583 0.0601635 1.140211
v -0.07968509 0.07681668 1.152053
v -0.06216094 0.07541323 1.137408
v -0.1270246 0.06118011 1.148127
v -0.1095004 0.05977654 1.133483
v -0.1560765 0.02062953 1.144579
v -0.1385523 0.01922596 1.129934
v -0.1557439 -0.02934599 1.142763
v -0.1382197 -0.03074944 1.128118
v -0.1095592 0.06223285 1.122275
v -0.06140217 0.07711685 1.123679
v -0.07910976 0.07744527 1.138464
v -0.1272668 0.06256127 1.13706
v -0.01391265 0.06113458 1.129328
v -0.03162017 0.061463 1.144113
v 0.01476996 0.02039063 1.137065
v -0.002937585 0.02071905 1.15185
v 0.01368992 -0.02955186 1.143933
v -0.004017651 -0.02922356 1.158718
v -0.01674028 -0.06961691 1.14731
v -0.03444785 -0.06928849 1.162095
v -0.06489733 -0.08450079 1.145906
v -0.08260486 -0.08417237 1.160691
v -0.1123868 -0.06851852 1.140256
v -0.1300944 -0.0681901 1.155041
v -0.1410694 -0.02777469 1.13252
v -0.158777 -0.02744627 1.147305
v -0.1399894 0.02216792 1.125651
v -0.157697 0.02249634 1.140436
v 0.04817209 -0.07859945 1.159734
v 0.0969668 -0.08939767 1.161584
v 0.08858399 -0.09039235 1.145395
v 0.03978929 -0.07959402 1.143546
v 0.1428154 -0.06944489 1.162447
v 0.1344326 -0.07043958 1.146259
v 0.1682052 -0.02636242 1.161996
v 0.1598224 -0.02735722 1.145807
v 0.1634382 0.02339375 1.160401
v 0.1550554 0.02239907 1.144212
v 0.1303353 0.06081855 1.158272
v 0.1219525 0.05982387 1.142084
v 0.08154054 0.07161689 1.156423
v 0.07315774 0.07062221 1.140234
v 0.03569199 0.05166411 1.155559
v 0.02730918 0.05066943 1.139371
v 0.01030216 0.008581638 1.156011
v 0.001919359 0.007586956 1.139822
v 0.01506911 -0.04117465 1.157606
v 0.006686315 -0.04216933 1.141417
v 0.04018158 0.0701158 1.136692
v 0.08953357 0.0804199 1.137593
v 0.09794903 0.08093452 1.153958
v 0.04859705 0.07063079 1.153057
v 0.1354598 0.05982065 1.140603
v 0.1438753 0.06033552 1.156968
v 0.1604181 0.01618648 1.144572
v 0.1688335 0.01670134 1.160936
v 0.1548751 -0.03381586 1.147984
v 0.1632906 -0.033301 1.164348
v 0.1209481 -0.07108724 1.149536
v 0.1293636 -0.0705725 1.1659
v 0.07159613 -0.08139133 1.148635
v 0.08001156 -0.08087647 1.164999
v 0.02566989 -0.06079221 1.145625
v 0.03408535 -0.06027722 1.16199
v 0.0007116348 -0.01715791 1.141656
v 0.00912711 -0.01664317 1.158021
v 0.006254613 0.03284442 1.138244
v 0.01467007 0.03335941 1.154609
v 0.1846226 -0.08088124 1.154592
v 0.2344747 -0.08448052 1.152932
v 0.2409608 -0.08817625 1.138793
v 0.1911087 -0.08457708 1.140453
v 0.2769236 -0.05807376 1.151617
v 0.2834097 -0.0617696 1.137478
v 0.2957552 -0.01174784 1.151148
v 0.3022413 -0.01544356 1.137009
v 0.2837764 0.03680277 1.151706
v 0.2902625 0.03310692 1.137566
v 0.2455628 0.06903303 1.153076
v 0.2520489 0.06533706 1.138937
v 0.1957106 0.07263219 1.154736
v 0.2021967 0.06893635 1.140597
v 0.1532618 0.04622555 1.156052
v 0.1597479 0.0425297 1.141913
v 0.1344302 -0.0001004934 1.15652
v 0.1409163 -0.003796339 1.142382
v 0.146409 -0.0486511 1.155963
v 0.1528951 -0.05234671 1.141824
v 0.1928173 0.07258523 1.133509
v 0.243133 0.07529759 1.131619
v 0.2365205 0.0731138 1.146159
v 0.1862047 0.07040131 1.148049
v 0.2855388 0.0480541 1.133084
v 0.2789262 0.04587018 1.147624
v 0.3038369 0.001260638 1.137345
v 0.2972243 -0.0009233952 1.151885
v 0.2910382 -0.04720926 1.142775
v 0.2844256 -0.04939306 1.157314
v 0.2520314 -0.07884145 1.147298
v 0.2454188 -0.0810256 1.161838
v 0.2017156 -0.08155394 1.149188
v 0.195103 -0.08373785 1.163728
v 0.1593099 -0.05431044 1.147723
v 0.1526973 -0.05649424 1.162263
v 0.1410117 -0.00751698 1.143462
v 0.1343991 -0.009700894 1.158001
v 0.1538104 0.04095292 1.138032
v 0.1471978 0.03876889 1.152572
v 0.3189879 -0.07919133 1.16876
v 0.3678419 -0.08948255 1.171645
v 0.3646782 -0.09599233 1.153486
v 0.3158242 -0.08570099 1.150601
v 0.4135075 -0.06910837 1.172352
v 0.4103438 -0.07561815 1.154193
v 0.4385419 -0.02585113 1.17061
v 0.4353782 -0.03236091 1.152451
v 0.4333829 0.02376652 1.167085
v 0.4302192 0.01725674 1.148926
v 0.4000011 0.06079209 1.163123
v 0.3968374 0.05428243 1.144964
v 0.3511471 0.07108331 1.160237
v 0.3479834 0.06457365 1.142078
v 0.3054815 0.05070925 1.15953
v 0.3023178 0.04419947 1.141371
v 0.2804471 0.007452011 1.161272
v 0.2772834 0.000942111 1.143113
v 0.2856061 -0.04216564 1.164797
v 0.2824423 -0.04867542 1.146639
v 0.3185568 0.07291102 1.143923
v 0.3679597 0.08281028 1.145915
v 0.3710288 0.07806826 1.164799
v 0.3216259 0.06816912 1.162807
v 0.4136954 0.06177509 1.148809
v 0.4167645 0.0570333 1.167693
v 0.4382944 0.0178405 1.1515
v 0.4413635 0.01309872 1.170384
v 0.4323608 -0.03221202 1.15296
v 0.4354299 -0.03695405 1.171844
v 0.3981609 -0.06926429 1.152632
v 0.4012301 -0.0740062 1.171516
v 0.3487581 -0.07916343 1.15064
v 0.3518272 -0.08390534 1.169524
v 0.3030224 -0.05812848 1.147746
v 0.3060915 -0.06287026 1.16663
v 0.2784233 -0.01419377 1.145055
v 0.2814925 -0.01893568 1.163938
v 0.284357 0.03585887 1.143595
v 0.2874261 0.03111696 1.162478
v 0.4473506 -0.08683944 1.17947
v 0.4971322 -0.09033632 1.182712
v 0.5168813 -0.09997654 1.174202
v 0.4670997 -0.09647954 1.17096
v 0.5395163 -0.06385684 1.184548
v 0.5592655 -0.07349706 1.176039
v 0.5583138 -0.01751542 1.184278
v 0.5780629 -0.02715552 1.175768
v 0.5463444 0.03098714 1.182004
v 0.5660936 0.02134717 1.173494
v 0.5081803 0.0631249 1.178594
v 0.5279295 0.05348468 1.170085
v 0.4583987 0.06662178 1.175352
v 0.4781478 0.05698168 1.166843
v 0.4160146 0.0401423 1.173516
v 0.4357637 0.0305022 1.165006
v 0.3972171 -0.006199241 1.173786
v 0.4169663 -0.01583922 1.165276
v 0.4091864 -0.05470181 1.17606
v 0.4289356 -0.0643419 1.16755
v 0.4712036 0.08356404 1.163681
v 0.5214403 0.08667016 1.166719
v 0.5013753 0.0781492 1.176175
v 0.4511386 0.07504308 1.173137
v 0.5637756 0.05967307 1.171354
v 0.5437105 0.05115199 1.18081
v 0.5820388 0.01288474 1.175816
v 0.5619738 0.004363537 1.185271
v 0.569254 -0.03582346 1.178399
v 0.549189 -0.04434443 1.187855
v 0.5303047 -0.06784642 1.178118
v 0.5102396 -0.0763675 1.187574
v 0.4800679 -0.07095242 1.17508
v 0.4600029 -0.07947373 1.184536
v 0.4377327 -0.04395533 1.170445
v 0.4176676 -0.05247641 1.179901
v 0.4194695 0.002833128 1.165984
v 0.3994044 -0.005687952 1.175439
v 0.4322543 0.05154109 1.1634
v 0.4121892 0.04301989 1.172856
v 0.6082596 0.07837331 1.189613
v 0.6585323 0.07732499 1.193375
v 0.6471165 0.06673145 1.203038
v 0.5968437 0.06778002 1.199276
v 0.6985695 0.04684567 1.196638
v 0.6871537 0.03625214 1.206301
v 0.7130781 -0.001422405 1.198156
v 0.7016624 -0.01201582 1.207819
v 0.6965165 -0.04904234 1.197348
v 0.6851007 -0.05963588 1.207012
v 0.6552106 -0.07782507 1.194525
v 0.6437948 -0.08841872 1.204188
v 0.6049378 -0.07677662 1.190763
v 0.593522 -0.0873704 1.200426
v 0.5649007 -0.04629755 1.1875
v 0.5534849 -0.05689096 1.197163
v 0.550392 0.001970649 1.185982
v 0.5389762 -0.008623123 1.195645
v 0.5669536 0.04959059 1.186789
v 0.5555378 0.03899705 1.196452
v 0.5920175 -0.07920551 1.204354
v 0.6418968 -0.07853186 1.207898
v 0.6530383 -0.09011114 1.1994
v 0.6031591 -0.09078479 1.195857
v 0.6820484 -0.04871953 1.208037
v 0.6931899 -0.06029868 1.19954
v 0.6971358 -0.001155615 1.20472
v 0.7082773 -0.01273489 1.196222
v 0.6813961 0.04599178 1.199213
v 0.6925377 0.03441262 1.190715
v 0.6408414 0.0747143 1.193619
v 0.651983 0.06313503 1.185122
v 0.5909622 0.07404053 1.190076
v 0.6021037 0.06246138 1.181578
v 0.5508106 0.0442282 1.189936
v 0.5619521 0.03264892 1.181439
v 0.5357231 -0.003335714 1.193253
v 0.5468647 -0.01491487 1.184756
v 0.5514628 -0.05048311 1.198761
v 0.5626044 -0.06206238 1.190263
v -0.565726 -0.05258501 1.144678
v -0.5478705 -0.009297967 1.146361
v -0.5525306 -0.02151406 1.127174
v -0.5703862 -0.0648011 1.125491
v -0.5587993 0.03626192 1.145837
v -0.5634595 0.02404583 1.12665
v -0.5943382 0.06669235 1.143307
v -0.5989983 0.05447626 1.12412
v -0.6409123 0.07036996 1.139737
v -0.6455724 0.05815387 1.120551
v -0.680732 0.04588997 1.136492
v -0.6853921 0.03367388 1.117305
v -0.6985877 0.002602935 1.134809
v -0.7032478 -0.009613276 1.115622
v -0.6876588 -0.04295707 1.135333
v -0.6923189 -0.05517304 1.116146
v -0.6521199 -0.0733875 1.137863
v -0.6567801 -0.08560348 1.118676
v -0.6055458 -0.07706511 1.141433
v -0.610206 -0.08928108 1.122246
v -0.5651654 0.05336797 1.131246
v -0.5470948 0.01060319 1.129227
v -0.5423266 -0.003046751 1.147149
v -0.560397 0.03971803 1.149168
v -0.5575573 -0.03446496 1.124885
v -0.5527891 -0.0481149 1.142807
v -0.5925566 -0.06462169 1.119877
v -0.5877882 -0.07827163 1.137799
v -0.638724 -0.06834829 1.116117
v -0.6339556 -0.08199835 1.134039
v -0.6784251 -0.0442214 1.11504
v -0.6736567 -0.05787134 1.132963
v -0.6964955 -0.001456499 1.117059
v -0.6917272 -0.01510644 1.134981
v -0.686033 0.04361153 1.121401
v -0.6812648 0.02996159 1.139323
v -0.6510339 0.07376838 1.126409
v -0.6462655 0.06011844 1.144331
v -0.6048665 0.07749498 1.130169
v -0.6000981 0.06384504 1.148091
v -0.446376 0.06753743 1.137158
v -0.4154017 0.0329994 1.134482
v -0.4308595 0.02188969 1.151462
v -0.4618339 0.05642784 1.154138
v -0.4106794 -0.01296628 1.129552
v -0.4261372 -0.02407598 1.146531
v -0.4340127 -0.05280197 1.124249
v -0.4494706 -0.06391168 1.141229
v -0.4764893 -0.07129204 1.120601
v -0.4919471 -0.08240175 1.137581
v -0.5218844 -0.06137383 1.12
v -0.5373423 -0.07248354 1.136979
v -0.5528587 -0.02683568 1.122676
v -0.5683166 -0.03794539 1.139655
v -0.5575811 0.01912987 1.127607
v -0.5730389 0.008020163 1.144586
v -0.5342476 0.05896568 1.132909
v -0.5497055 0.04785597 1.149888
v -0.4917711 0.07745576 1.136557
v -0.507229 0.06634605 1.153537
v -0.466214 -0.0689683 1.148476
v -0.4352763 -0.03378093 1.148824
v -0.4195667 -0.0433557 1.130851
v -0.4505045 -0.07854295 1.130503
v -0.4309016 0.01285911 1.147823
v -0.4151921 0.003284335 1.129849
v -0.454761 0.05313647 1.145855
v -0.4390514 0.04356182 1.127882
v -0.497741 0.07166696 1.143673
v -0.4820314 0.06209219 1.125699
v -0.5434246 0.06137252 1.142109
v -0.5277151 0.05179775 1.124136
v -0.5743624 0.02618504 1.141762
v -0.5586528 0.01661026 1.123788
v -0.578737 -0.02045488 1.142763
v -0.5630274 -0.03002954 1.12479
v -0.5548776 -0.06073248 1.144731
v -0.539168 -0.07030702 1.126757
v -0.5118977 -0.07926285 1.146913
v -0.496188 -0.0888375 1.12894
v -0.3994417 -0.06548333 1.143126
v -0.3555005 -0.0812434 1.147153
v -0.3506497 -0.08174026 1.135609
v -0.3945908 -0.06598043 1.131582
v -0.3105257 -0.06818032 1.148583
v -0.3056748 -0.06867719 1.137039
v -0.2816962 -0.03128397 1.146869
v -0.2768454 -0.03178096 1.135325
v -0.2800238 0.01535261 1.142666
v -0.2751729 0.0148555 1.131122
v -0.3061473 0.05391562 1.13758
v -0.3012965 0.05341864 1.126037
v -0.3500885 0.06967545 1.133553
v -0.3452376 0.06917846 1.12201
v -0.3950633 0.05661249 1.132124
v -0.3902124 0.05611551 1.12058
v -0.4238928 0.01971602 1.133837
v -0.419042 0.01921916 1.122294
v -0.4255653 -0.02692044 1.13804
v -0.4207144 -0.0274173 1.126496
v -0.3908177 0.05550563 1.137072
v -0.3473606 0.07111049 1.142308
v -0.3521399 0.06960487 1.153681
v -0.395597 0.05400002 1.148445
v -0.3026458 0.0584619 1.142544
v -0.3074251 0.05695641 1.153918
v -0.273753 0.02239108 1.137691
v -0.2785323 0.02088547 1.149064
v -0.2717182 -0.02332401 1.129601
v -0.2764975 -0.02482963 1.140975
v -0.2973187 -0.06122184 1.121366
v -0.3020979 -0.06272745 1.13274
v -0.3407759 -0.07682681 1.11613
v -0.3455551 -0.07833242 1.127504
v -0.3854906 -0.06417823 1.115894
v -0.3902698 -0.06568384 1.127268
v -0.4143834 -0.0281074 1.120747
v -0.4191626 -0.02961302 1.132121
v -0.4164182 0.01760781 1.128837
v -0.4211974 0.01610219 1.14021
v -0.2379325 -0.0738045 1.142842
v -0.188139 -0.08174419 1.142439
v -0.1918478 -0.08390474 1.12976
v -0.2416414 -0.07596505 1.130163
v -0.1431895 -0.05889893 1.141937
v -0.1468984 -0.06105947 1.129258
v -0.1202536 -0.01399493 1.141528
v -0.1239624 -0.01615536 1.128848
v -0.1280918 0.03581619 1.141367
v -0.1318006 0.03365564 1.128688
v -0.1637101 0.07150817 1.141517
v -0.167419 0.06934762 1.128837
v -0.2135038 0.07944787 1.141919
v -0.2172126 0.0772872 1.12924
v -0.2584531 0.0566026 1.142422
v -0.2621619 0.05444205 1.129742
v -0.281389 0.01169848 1.142831
v -0.2850979 0.009537816 1.130152
v -0.2735509 -0.03811252 1.142992
v -0.2772598 -0.04027319 1.130313
v -0.2392183 0.06678438 1.136258
v -0.1899028 0.07508481 1.136447
v -0.1861767 0.07191193 1.148788
v -0.2354921 0.06361163 1.148599
v -0.1451369 0.05293262 1.13395
v -0.1414107 0.04975986 1.146291
v -0.1220195 0.008789301 1.129719
v -0.1182933 0.005616426 1.14206
v -0.1293808 -0.04048407 1.125372
v -0.1256546 -0.04365695 1.137713
v -0.164409 -0.07606661 1.122568
v -0.1606828 -0.07923949 1.13491
v -0.2137245 -0.08436704 1.122379
v -0.2099983 -0.08753991 1.13472
v -0.2584904 -0.06221485 1.124877
v -0.2547642 -0.06538773 1.137218
v -0.2816077 -0.01807141 1.129108
v -0.2778815 -0.02124417 1.141449
v -0.2742465 0.03120196 1.133455
v -0.2705202 0.02802908 1.145796
v -0.1042025 0.06270146 1.135187
v -0.05659592 0.07784009 1.137506
v -0.07400993 0.07659721 1.152296
v -0.1216165 0.06145859 1.149977
v -0.009270057 0.06210232 1.141185
v -0.02668405 0.06085956 1.155975
v 0.0196981 0.02149963 1.14482
v 0.00228411 0.02025676 1.15961
v 0.01924375 -0.02845931 1.147021
v 0.001829758 -0.02970231 1.161811
v -0.01045959 -0.06869185 1.146949
v -0.02787358 -0.06993473 1.161739
v -0.05806625 -0.08383048 1.14463
v -0.07548025 -0.08507335 1.15942
v -0.1053921 -0.06809282 1.14095
v -0.1228061 -0.0693357 1.15574
v -0.1343603 -0.02749002 1.137316
v -0.1517742 -0.0287329 1.152106
v -0.1339059 0.02246892 1.135114
v -0.1513199 0.02122605 1.149904
v -0.1231377 -0.0708009 1.144686
v -0.07501185 -0.08580744 1.145832
v -0.05741844 -0.08564103 1.130909
v -0.1055443 -0.0706346 1.129762
v -0.0274367 -0.06991446 1.150992
v -0.00984332 -0.06974804 1.136069
v 0.001415566 -0.02919233 1.158194
v 0.01900893 -0.02902603 1.143271
v 0.0005244315 0.02080417 1.164688
v 0.01811782 0.02097034 1.149765
v -0.02976972 0.06097806 1.167993
v -0.01217633 0.06114435 1.15307
v -0.07789558 0.07598436 1.166846
v -0.0603022 0.07615077 1.151923
v -0.1254706 0.06009138 1.161687
v -0.1078773 0.06025767 1.146763
v -0.1543229 0.01936948 1.154484
v -0.1367296 0.01953578 1.139561
v -0.1534318 -0.03062701 1.14799
v -0.1358384 -0.03046072 1.133067
v 0.04434922 0.07093537 1.148793
v 0.09318596 0.08161187 1.150182
v 0.1016911 0.08071756 1.166313
v 0.05285439 0.07004106 1.164923
v 0.1389855 0.06153917 1.150845
v 0.1474906 0.06064475 1.166975
v 0.1642539 0.0183841 1.150527
v 0.172759 0.01748979 1.166658
v 0.1593395 -0.03136945 1.149351
v 0.1678447 -0.03226376 1.165481
v 0.1261195 -0.06871724 1.147764
v 0.1346247 -0.06961167 1.163895
v 0.07728276 -0.07939386 1.146374
v 0.08578791 -0.08028817 1.162505
v 0.03148328 -0.05932105 1.145712
v 0.03998843 -0.06021535 1.161842
v 0.006214857 -0.01616609 1.14603
v 0.01472002 -0.0170604 1.16216
v 0.01112923 0.03358746 1.147206
v 0.01963437 0.03269315 1.163337
v 0.0528222 -0.07923615 1.159386
v 0.1021515 -0.08966982 1.159985
v 0.09361102 -0.08925676 1.143682
v 0.04428172 -0.07882285 1.143083
v 0.1481555 -0.06917584 1.162482
v 0.139615 -0.06876278 1.146179
v 0.1732622 -0.02558219 1.165923
v 0.1647217 -0.0251689 1.149621
v 0.1678817 0.02445996 1.168995
v 0.1593412 0.02487326 1.152692
v 0.1340692 0.06183624 1.170523
v 0.1255287 0.06224942 1.154221
v 0.08473985 0.07227004 1.169924
v 0.07619938 0.07268333 1.153622
v 0.0387359 0.05177605 1.167427
v 0.03019542 0.05218935 1.151125
v 0.01362918 0.008182406 1.163986
v 0.005088717 0.008595586 1.147683
v 0.01900966 -0.04185987 1.160914
v 0.0104692 -0.04144669 1.144612
v 0.1956531 0.07547438 1.144494
v 0.2455005 0.07892239 1.142421
v 0.2391141 0.07535279 1.156638
v 0.1892667 0.07190478 1.158711
v 0.287866 0.05238879 1.14098
v 0.2814796 0.04881907 1.155197
v 0.3065674 0.006008387 1.140721
v 0.300181 0.002438664 1.154938
v 0.2944615 -0.042503 1.141743
v 0.288075 -0.04607272 1.155959
v 0.2561722 -0.0746156 1.143655
v 0.2497857 -0.07818532 1.157872
v 0.2063247 -0.07806361 1.145728
v 0.1999383 -0.08163333 1.159944
v 0.1639593 -0.05152988 1.147169
v 0.1575728 -0.05509961 1.161386
v 0.1452578 -0.005149484 1.147428
v 0.1388714 -0.008719325 1.161645
v 0.1573638 0.04336178 1.146406
v 0.1509773 0.03979218 1.160623
v 0.190387 -0.07942712 1.153314
v 0.2406791 -0.08229363 1.151056
v 0.2471729 -0.08460677 1.136483
v 0.1968808 -0.08174038 1.13874
v 0.2831688 -0.05515754 1.151985
v 0.2896626 -0.0574708 1.137412
v 0.3016264 -0.00838387 1.155747
v 0.3081203 -0.01069713 1.141173
v 0.2890019 0.04016137 1.160903
v 0.2954957 0.03784811 1.14633
v 0.2501174 0.07193565 1.165485
v 0.2566112 0.06962228 1.150912
v 0.1998253 0.07480204 1.167743
v 0.2063191 0.07248878 1.15317
v 0.1573356 0.04766583 1.166813
v 0.1638295 0.0453527 1.15224
v 0.1388779 0.0008922815 1.163052
v 0.1453718 -0.001420975 1.148479
v 0.1515024 -0.04765296 1.157896
v 0.1579963 -0.04996622 1.143323
v 0.3204461 0.07632971 1.153669
v 0.3693488 0.08650696 1.156098
v 0.3726352 0.08012724 1.174282
v 0.3237326 0.0699501 1.171852
v 0.4149629 0.06601214 1.156609
v 0.4182494 0.05963242 1.174792
v 0.4398655 0.02267349 1.155005
v 0.443152 0.01629376 1.173188
v 0.4345445 -0.02695513 1.1519
v 0.437831 -0.03333485 1.170083
v 0.4010325 -0.06391716 1.148479
v 0.404319 -0.07029688 1.166663
v 0.3521298 -0.07409441 1.14605
v 0.3554164 -0.08047402 1.164233
v 0.3065157 -0.0535996 1.145539
v 0.3098022 -0.0599792 1.163723
v 0.2816132 -0.01026094 1.147143
v 0.2848997 -0.01664066 1.165326
v 0.2869341 0.03936768 1.150248
v 0.2902206 0.03298807 1.168432
v 0.3259241 -0.07745838 1.167008
v 0.3753138 -0.08747911 1.168694
v 0.3720856 -0.09235668 1.149872
v 0.3226959 -0.08233571 1.148186
v 0.4211275 -0.06654966 1.171074
v 0.4178994 -0.07142711 1.152251
v 0.4458659 -0.02266431 1.173238
v 0.4426378 -0.02754164 1.154416
v 0.4400798 0.02741444 1.174361
v 0.4368517 0.02253687 1.155538
v 0.4059793 0.06455779 1.174013
v 0.4027511 0.05968034 1.15519
v 0.3565896 0.07457852 1.172327
v 0.3533614 0.06970119 1.153504
v 0.3107758 0.05364907 1.169947
v 0.3075477 0.04877174 1.151124
v 0.2860374 0.009763718 1.167782
v 0.2828093 0.00488615 1.14896
v 0.2918235 -0.04031491 1.16666
v 0.2885954 -0.04519236 1.147837
v 0.4719034 0.08684325 1.172777
v 0.521718 0.09022665 1.175607
v 0.5020092 0.0807066 1.184343
v 0.4521947 0.07732332 1.181512
v 0.564043 0.06364441 1.177319
v 0.5443342 0.05412447 1.186055
v 0.5827118 0.01725018 1.177259
v 0.5630029 0.007730246 1.185995
v 0.5705935 -0.03123498 1.175449
v 0.5508846 -0.04075491 1.184184
v 0.5323168 -0.06329155 1.17258
v 0.5126081 -0.0728116 1.181316
v 0.4825023 -0.06667495 1.169749
v 0.4627935 -0.07619488 1.178485
v 0.4401773 -0.04009271 1.168037
v 0.4204685 -0.04961276 1.176773
v 0.4215086 0.006301522 1.168098
v 0.4017997 -0.003218412 1.176834
v 0.4336268 0.05478668 1.169908
v 0.413918 0.04526675 1.178644
v 0.4554936 -0.08461249 1.17639
v 0.5057437 -0.08783472 1.179064
v 0.5257117 -0.09648347 1.16952
v 0.4754616 -0.09326112 1.166845
v 0.5481868 -0.0609206 1.183165
v 0.5681548 -0.06956935 1.173621
v 0.5666111 -0.01415038 1.187127
v 0.5865791 -0.02279925 1.177582
v 0.553979 0.03461123 1.189436
v 0.5739471 0.02596259 1.179891
v 0.5151159 0.0667392 1.189211
v 0.5350839 0.05809045 1.179666
v 0.4648657 0.06996155 1.186537
v 0.4848338 0.06131279 1.176992
v 0.4224227 0.04304731 1.182436
v 0.4423907 0.03439867 1.172891
v 0.4039984 -0.003722906 1.178474
v 0.4239664 -0.01237154 1.168929
v 0.4166303 -0.05248439 1.176165
v 0.4365984 -0.06113327 1.16662
v 0.6014159 -0.0775547 1.201347
v 0.6517189 -0.076617 1.204713
v 0.6630307 -0.0873158 1.195043
v 0.6127276 -0.08825326 1.191678
v 0.6918628 -0.04622507 1.207433
v 0.7031746 -0.05692375 1.197764
v 0.706514 0.00201273 1.208469
v 0.7178258 -0.008685946 1.198799
v 0.690076 0.04967093 1.207425
v 0.7013878 0.03897226 1.197755
v 0.6488279 0.07854605 1.2047
v 0.6601397 0.06784713 1.19503
v 0.5985247 0.07760847 1.201334
v 0.6098366 0.06690955 1.191665
v 0.5583808 0.04721642 1.198614
v 0.5696927 0.03651774 1.188944
v 0.5437298 -0.001021266 1.197578
v 0.5550416 -0.01172018 1.187909
v 0.5601677 -0.04867971 1.198622
v 0.5714794 -0.05937827 1.188953
v 0.6081355 0.08096087 1.196665
v 0.6580386 0.08017576 1.199828
v 0.6469318 0.06869292 1.2085
v 0.5970287 0.06947803 1.205337
v 0.698109 0.05025399 1.199886
v 0.6870022 0.03877103 1.208558
v 0.7130409 0.002624512 1.196817
v 0.7019341 -0.008858442 1.205489
v 0.697131 -0.04451966 1.191793
v 0.6860242 -0.05600274 1.200464
v 0.6564564 -0.07317126 1.186732
v 0.6453495 -0.08465433 1.195404
v 0.6065531 -0.07238615 1.183569
v 0.5954463 -0.08386922 1.192241
v 0.5664828 -0.04246438 1.183511
v 0.5553761 -0.05394745 1.192183
v 0.5515509 0.0051651 1.186581
v 0.540444 -0.006317854 1.195252
v 0.5674608 0.05230927 1.191605
v 0.5563539 0.04082644 1.200277
vn 0.9659257 -0.2588196 4.340057E-07
vn 0.7071065 -0.7071071 1.473849E-07
vn 0.2588187 -0.965926 -1.526511E-07
vn -0.2588195 -0.9659258 -4.290776E-07
vn -0.707107 -0.7071066 -6.096292E-07
vn -0.9659259 -0.2588187 -6.009507E-07
vn -0.9659257 0.2588196 -4.367193E-07
vn -0.111508 0.9937636 1.050435E-07
vn -0.7870699 0.6168638 -4.464427E-07
vn 0.2588194 0.9659258 4.260645E-07
vn 0.7071071 0.7071065 5.969926E-07
vn 0.965926 0.2588186 5.980481E-07
vn 0.6970912 0.697086 -0.167735
vn 0.9436762 -0.252856 0.2133988
vn 0.2551557 0.9522405 -0.167731
vn -0.2551546 0.9522407 -0.1677314
vn -0.6970903 0.6970868 -0.1677352
vn -0.9522403 0.2551526 -0.1677363
vn -0.95224 -0.255152 -0.1677388
vn -0.6970916 -0.6970838 -0.167742
vn -0.2551551 -0.9522388 -0.1677414
vn 0.2551556 -0.9522387 -0.1677415
vn 0.6970907 -0.6970848 -0.1677421
vn 0.9522396 -0.255154 -0.1677388
vn 0.95224 0.2551539 -0.1677363
vn 0.1585821 0.5918256 -0.7903128
vn 0.6908213 -0.690818 0.2133929
vn 0.2528538 -0.9436806 0.2133819
vn -0.252856 -0.9436831 0.2133685
vn -0.690828 -0.6908223 0.2133574
vn -0.8287621 0.4158964 0.374411
vn -0.943687 0.2528574 0.2133497
vn -0.6908243 0.690827 0.2133543
vn -0.7712254 0.5153187 0.3737085
vn 0.690819 0.6908213 0.2133895
vn 0.943677 0.2528553 0.2133965
vn 4.284302E-05 -1.424277E-05 1
vn -0.7071065 0.7071072 -1.601817E-07
vn -0.9659257 0.2588196 -4.367193E-07
vn -0.9659259 -0.2588187 -6.009507E-07
vn -0.707107 -0.7071066 -6.096292E-07
vn -0.2588195 -0.9659258 -4.290776E-07
vn 0.2588187 -0.965926 -1.526511E-07
vn 0.7071065 -0.7071071 1.473849E-07
vn 0.9659257 -0.2588196 4.340057E-07
vn 0.965926 0.2588186 5.980481E-07
vn 0.7071071 0.7071065 5.969926E-07
vn 0.2588194 0.9659258 4.260645E-07
vn -0.2588187 0.9659259 1.459424E-07
vn 0.965926 0.2588186 5.980481E-07
vn 0.7071071 0.7071065 5.969926E-07
vn 0.2588194 0.9659258 4.260645E-07
vn -0.2588187 0.9659259 1.459424E-07
vn -0.7067648 0.7067612 0.03118065
vn -0.965425 0.2586851 0.03219889
vn -0.9659259 -0.2588187 -6.009507E-07
vn -0.707107 -0.7071066 -6.096292E-07
vn -0.2588195 -0.9659258 -4.290776E-07
vn 0.2588187 -0.965926 -1.526511E-07
vn 0.7071065 -0.7071071 1.473849E-07
vn 0.9659257 -0.2588196 4.340057E-07
vn 0.9659257 -0.2588196 4.340057E-07
vn 0.965926 0.2588186 5.980481E-07
vn 0.7071071 0.7071065 5.969926E-07
vn 0.2588194 0.9659258 4.260645E-07
vn -0.2588187 0.9659259 1.459424E-07
vn -0.7071065 0.7071072 -1.601817E-07
vn -0.9659257 0.2588196 -4.367193E-07
vn -0.9659259 -0.2588187 -6.009507E-07
vn -0.707107 -0.7071066 -6.096292E-07
vn -0.2588195 -0.9659258 -4.290776E-07
vn 0.2588187 -0.965926 -1.526511E-07
vn 0.7071065 -0.7071071 1.473849E-07
vn -0.1573842 0.9875348 -0.00231442
vn -0.6620014 0.7494394 -0.009735692
vn -0.661872 0.7492929 -0.02203817
vn -0.1573181 0.9871212 -0.02903284
vn -0.6229169 -0.7817359 -0.02938565
vn -0.9922603 -0.1203695 -0.0305062
vn -0.6100841 -0.7917675 0.03002828
vn -0.9942607 -0.1023321 0.031206
vn 0.8418978 0.5329915 -0.08442882
vn -0.09797238 0.9852506 -0.140295
vn -0.2041657 0.9780621 0.04136396
vn 0.8718535 0.4884848 0.03541428
vn 0.9994371 0.03037273 -0.01425013
vn 0.3778142 -0.925683 -0.01916859
vn 0.999437 0.03037267 0.01425139
vn 0.377814 -0.9256831 0.01916873
vn 0.1114549 0.9932905 -0.03085301
vn 0.786723 0.6165912 -0.02970381
vn 0.1114554 0.9932904 0.03085368
vn 0.7867228 0.6165914 0.02970506
vn -0.7864823 0.6164036 0.03862926
vn -0.1113773 0.9925974 0.04843078
vn 0.9313041 -0.1764337 -0.3186595
vn 0.1465319 0.9368595 -0.3175261
vn -0.1575601 0.587998 -0.7933682
vn -0.4365806 0.4365739 -0.7866389
vn -0.6153076 0.1648713 -0.7708528
vn -0.6406198 -0.171653 -0.7484261
vn -0.487405 -0.4873897 -0.7244913
vn -0.1831401 -0.6834728 -0.706629
vn 0.1843749 -0.6880722 -0.701828
vn 0.496412 -0.4964011 -0.7121525
vn 0.6567773 -0.1759839 -0.7332621
vn -0.9436848 -0.2528645 0.2133506
vn -0.2528664 0.9436808 0.2133666
vn -0.831031 0.5552695 0.0326076
vn -0.8932865 0.4482848 0.0328653
vn 0.9659258 -0.2588195 5.527328E-07
vn 0.7071065 -0.7071071 1.263114E-07
vn 0.2588187 -0.965926 -3.078785E-07
vn -0.2588194 -0.9659258 -6.768659E-07
vn -0.707107 -0.7071066 -8.835837E-07
vn -0.9659259 -0.2588187 -8.276655E-07
vn -0.9659257 0.2588196 -5.554464E-07
vn -0.111508 0.9937636 2.924195E-07
vn -0.78707 0.6168638 -4.58494E-07
vn 0.2588194 0.9659258 6.738528E-07
vn 0.7071071 0.7071065 8.709471E-07
vn 0.9659259 0.2588186 8.247629E-07
vn 0.6970912 0.697086 -0.1677347
vn 0.9436762 -0.252856 0.2133989
vn 0.2551557 0.9522405 -0.1677308
vn -0.2551546 0.9522407 -0.1677313
vn -0.6970903 0.6970869 -0.1677352
vn -0.9522403 0.2551527 -0.1677364
vn -0.95224 -0.255152 -0.1677391
vn -0.6970916 -0.6970838 -0.1677422
vn -0.255155 -0.9522388 -0.1677416
vn 0.2551556 -0.9522386 -0.1677417
vn 0.6970907 -0.6970847 -0.1677422
vn 0.9522396 -0.2551539 -0.1677387
vn 0.95224 0.255154 -0.1677361
vn 0.1585822 0.5918258 -0.7903126
vn 0.6908213 -0.690818 0.2133928
vn 0.2528538 -0.9436807 0.2133818
vn -0.252856 -0.9436831 0.2133683
vn -0.690828 -0.6908223 0.2133571
vn -0.8287622 0.4158964 0.3744109
vn -0.943687 0.2528574 0.2133496
vn -0.6908243 0.6908269 0.2133543
vn -0.7712255 0.5153186 0.3737085
vn 0.6908189 0.6908213 0.2133898
vn 0.9436769 0.2528552 0.2133967
vn 4.26344E-05 -1.442158E-05 1
vn -0.7071065 0.7071072 -1.391082E-07
vn -0.9659257 0.2588196 -5.554464E-07
vn -0.9659259 -0.2588187 -8.276655E-07
vn -0.707107 -0.7071066 -8.835837E-07
vn -0.2588194 -0.9659258 -6.768659E-07
vn 0.2588187 -0.965926 -3.078785E-07
vn 0.7071065 -0.7071071 1.263114E-07
vn 0.9659258 -0.2588195 5.527328E-07
vn 0.9659259 0.2588186 8.247629E-07
vn 0.7071071 0.7071065 8.709471E-07
vn 0.2588194 0.9659258 6.738528E-07
vn -0.2588187 0.9659259 3.011698E-07
vn 0.9659259 0.2588186 8.247629E-07
vn 0.7071071 0.7071065 8.709471E-07
vn 0.2588194 0.9659258 6.738528E-07
vn -0.2588187 0.9659259 3.011698E-07
vn -0.7067648 0.7067612 0.03118067
vn -0.965425 0.2586851 0.03219878
vn -0.9659259 -0.2588187 -8.276655E-07
vn -0.707107 -0.7071066 -8.835837E-07
vn -0.2588194 -0.9659258 -6.768659E-07
vn 0.2588187 -0.965926 -3.078785E-07
vn 0.7071065 -0.7071071 1.263114E-07
vn 0.9659258 -0.2588195 5.527328E-07
vn 0.9659258 -0.2588195 5.527328E-07
vn 0.9659259 0.2588186 8.247629E-07
vn 0.7071071 0.7071065 8.709471E-07
vn 0.2588194 0.9659258 6.738528E-07
vn -0.2588187 0.9659259 3.011698E-07
vn -0.7071065 0.7071072 -1.391082E-07
vn -0.9659257 0.2588196 -5.554464E-07
vn -0.9659259 -0.2588187 -8.276655E-07
vn -0.707107 -0.7071066 -8.835837E-07
vn -0.2588194 -0.9659258 -6.768659E-07
vn 0.2588187 -0.965926 -3.078785E-07
vn 0.7071065 -0.7071071 1.263114E-07
vn -0.1573842 0.9875348 -0.002314243
vn -0.6620014 0.7494394 -0.009735654
vn -0.661872 0.7492929 -0.02203813
vn -0.1573181 0.9871211 -0.02903266
vn -0.6229169 -0.7817358 -0.02938592
vn -0.9922604 -0.1203696 -0.0305064
vn -0.6100841 -0.7917675 0.03002801
vn -0.9942607 -0.1023321 0.0312058
vn 0.8418978 0.5329915 -0.08442856
vn -0.09797235 0.9852507 -0.1402949
vn -0.2041657 0.9780621 0.04136413
vn 0.8718535 0.4884848 0.03541454
vn 0.999437 0.03037276 -0.01424994
vn 0.3778142 -0.925683 -0.01916872
vn 0.9994371 0.0303727 0.01425158
vn 0.377814 -0.9256831 0.01916861
vn 0.1114549 0.9932905 -0.03085279
vn 0.786723 0.6165913 -0.02970354
vn 0.1114553 0.9932904 0.03085391
vn 0.7867228 0.6165914 0.02970533
vn -0.7864823 0.6164036 0.03862925
vn -0.1113773 0.9925974 0.04843096
vn 0.9313042 -0.1764336 -0.3186594
vn 0.1465319 0.9368595 -0.3175258
vn -0.1575599 0.5879982 -0.7933682
vn -0.4365805 0.436574 -0.7866389
vn -0.6153074 0.1648714 -0.7708529
vn -0.6406196 -0.1716529 -0.7484263
vn -0.4874049 -0.4873897 -0.7244915
vn -0.1831399 -0.6834727 -0.7066292
vn 0.1843751 -0.6880721 -0.7018281
vn 0.4964121 -0.496401 -0.7121525
vn 0.6567774 -0.1759838 -0.733262
vn -0.9436849 -0.2528646 0.2133504
vn -0.2528664 0.9436807 0.2133667
vn -0.831031 0.5552695 0.03260757
vn -0.8932865 0.4482848 0.03286523
vn 0.9659258 -0.2588196 5.563126E-07
vn 0.7071065 -0.7071072 2.094431E-08
vn 0.2588185 -0.9659259 -4.939594E-07
vn -0.2588196 -0.9659258 -8.938005E-07
vn -0.7071071 -0.7071066 -1.073245E-06
vn -0.965926 -0.2588186 -9.39233E-07
vn -0.9659257 0.2588197 -5.590262E-07
vn -0.1115079 0.9937636 4.930883E-07
vn -0.7870699 0.6168639 -3.767193E-07
vn 0.2588195 0.9659257 8.907874E-07
vn 0.7071072 0.7071065 1.060608E-06
vn 0.965926 0.2588185 9.363304E-07
vn 0.6970913 0.697086 -0.1677345
vn 0.9436762 -0.2528562 0.213399
vn 0.2551558 0.9522405 -0.1677306
vn -0.2551545 0.9522408 -0.1677311
vn -0.6970902 0.6970869 -0.1677351
vn -0.9522403 0.2551528 -0.1677364
vn -0.9522401 -0.2551519 -0.1677392
vn -0.6970917 -0.6970838 -0.1677424
vn -0.2551551 -0.9522387 -0.1677418
vn 0.2551555 -0.9522386 -0.1677419
vn 0.6970907 -0.6970848 -0.1677423
vn 0.9522396 -0.255154 -0.1677387
vn 0.95224 0.2551539 -0.167736
vn 0.1585824 0.5918259 -0.7903125
vn 0.6908212 -0.6908181 0.2133927
vn 0.2528537 -0.9436808 0.2133816
vn -0.2528562 -0.9436831 0.213368
vn -0.6908281 -0.6908223 0.213357
vn -0.8287622 0.4158964 0.3744109
vn -0.943687 0.2528574 0.2133496
vn -0.6908242 0.6908269 0.2133544
vn -0.7712254 0.5153186 0.3737085
vn 0.690819 0.6908212 0.21339
vn 0.9436769 0.2528551 0.2133968
vn 4.254499E-05 -1.46004E-05 1
vn -0.7071064 0.7071072 -3.374106E-08
vn -0.9659257 0.2588197 -5.590262E-07
vn -0.965926 -0.2588186 -9.39233E-07
vn -0.7071071 -0.7071066 -1.073245E-06
vn -0.2588196 -0.9659258 -8.938005E-07
vn 0.2588185 -0.9659259 -4.939594E-07
vn 0.7071065 -0.7071072 2.094431E-08
vn 0.9659258 -0.2588196 5.563126E-07
vn 0.965926 0.2588185 9.363304E-07
vn 0.7071072 0.7071065 1.060608E-06
vn 0.2588195 0.9659257 8.907874E-07
vn -0.2588186 0.965926 4.872508E-07
vn 0.965926 0.2588185 9.363304E-07
vn 0.7071072 0.7071065 1.060608E-06
vn 0.2588195 0.9659257 8.907874E-07
vn -0.2588186 0.965926 4.872508E-07
vn -0.7067648 0.7067612 0.03118077
vn -0.965425 0.2586852 0.03219878
vn -0.965926 -0.2588186 -9.39233E-07
vn -0.7071071 -0.7071066 -1.073245E-06
vn -0.2588196 -0.9659258 -8.938005E-07
vn 0.2588185 -0.9659259 -4.939594E-07
vn 0.7071065 -0.7071072 2.094431E-08
vn 0.9659258 -0.2588196 5.563126E-07
vn 0.9659258 -0.2588196 5.563126E-07
vn 0.965926 0.2588185 9.363304E-07
vn 0.7071072 0.7071065 1.060608E-06
vn 0.2588195 0.9659257 8.907874E-07
vn -0.2588186 0.965926 4.872508E-07
vn -0.7071064 0.7071072 -3.374106E-08
vn -0.9659257 0.2588197 -5.590262E-07
vn -0.965926 -0.2588186 -9.39233E-07
vn -0.7071071 -0.7071066 -1.073245E-06
vn -0.2588196 -0.9659258 -8.938005E-07
vn 0.2588185 -0.9659259 -4.939594E-07
vn 0.7071065 -0.7071072 2.094431E-08
vn -0.1573841 0.9875348 -0.002314046
vn -0.6620014 0.7494395 -0.009735538
vn -0.6618719 0.749293 -0.02203801
vn -0.157318 0.9871212 -0.02903247
vn -0.622917 -0.7817358 -0.02938612
vn -0.9922603 -0.1203694 -0.03050649
vn -0.6100842 -0.7917675 0.0300278
vn -0.9942607 -0.102332 0.03120572
vn 0.8418978 0.5329915 -0.08442839
vn -0.09797221 0.9852507 -0.1402947
vn -0.2041656 0.9780622 0.04136432
vn 0.8718535 0.4884847 0.03541469
vn 0.999437 0.03037267 -0.01424987
vn 0.3778141 -0.925683 -0.01916889
vn 0.9994371 0.03037261 0.01425164
vn 0.3778139 -0.9256832 0.01916844
vn 0.111455 0.9932905 -0.03085257
vn 0.786723 0.6165912 -0.02970336
vn 0.1114555 0.9932904 0.03085412
vn 0.7867228 0.6165913 0.02970551
vn -0.7864822 0.6164038 0.03862933
vn -0.1113772 0.9925974 0.04843117
vn 0.9313041 -0.1764337 -0.3186594
vn 0.1465321 0.9368595 -0.3175257
vn -0.1575598 0.5879983 -0.793368
vn -0.4365804 0.4365742 -0.7866388
vn -0.6153073 0.1648716 -0.7708529
vn -0.6406195 -0.1716527 -0.7484264
vn -0.4874049 -0.4873895 -0.7244916
vn -0.18314 -0.6834726 -0.7066294
vn 0.1843751 -0.688072 -0.7018282
vn 0.4964122 -0.4964009 -0.7121525
vn 0.6567775 -0.1759837 -0.733262
vn -0.9436849 -0.2528645 0.2133503
vn -0.2528663 0.9436807 0.2133669
vn -0.831031 0.5552695 0.03260763
vn -0.8932865 0.4482849 0.03286527
vn 0.9659256 -0.2588196 6.56033E-07
vn 0.7071064 -0.7071072 6.309116E-08
vn 0.2588184 -0.965926 -5.206795E-07
vn -0.2588196 -0.9659257 -9.822277E-07
vn -0.7071071 -0.7071065 -1.199685E-06
vn -0.965926 -0.2588186 -1.069807E-06
vn -0.9659257 0.2588197 -6.587467E-07
vn -0.1115078 0.9937636 5.390283E-07
vn -0.7870697 0.616864 -4.337774E-07
vn 0.2588196 0.9659258 9.792146E-07
vn 0.7071072 0.7071064 1.187048E-06
vn 0.965926 0.2588184 1.066904E-06
vn 0.6970915 0.697086 -0.1677344
vn 0.9436762 -0.2528562 0.2133991
vn 0.2551559 0.9522405 -0.1677305
vn -0.2551544 0.9522409 -0.1677311
vn -0.6970901 0.697087 -0.1677351
vn -0.9522402 0.2551528 -0.1677365
vn -0.95224 -0.2551518 -0.1677393
vn -0.6970918 -0.6970837 -0.1677426
vn -0.2551552 -0.9522387 -0.1677419
vn 0.2551554 -0.9522387 -0.1677419
vn 0.6970907 -0.6970848 -0.1677422
vn 0.9522396 -0.255154 -0.1677386
vn 0.9522402 0.2551539 -0.1677359
vn 0.1585826 0.5918258 -0.7903124
vn 0.6908211 -0.6908181 0.2133928
vn 0.2528535 -0.9436808 0.2133816
vn -0.2528563 -0.9436831 0.213368
vn -0.6908282 -0.6908222 0.2133568
vn -0.8287621 0.4158964 0.3744108
vn -0.943687 0.2528574 0.2133495
vn -0.6908242 0.690827 0.2133544
vn -0.7712254 0.5153187 0.3737085
vn 0.6908191 0.6908212 0.2133901
vn 0.9436769 0.2528551 0.2133969
vn 4.236618E-05 -1.46004E-05 1
vn -0.7071063 0.7071073 -7.588789E-08
vn -0.9659257 0.2588197 -6.587467E-07
vn -0.965926 -0.2588186 -1.069807E-06
vn -0.7071071 -0.7071065 -1.199685E-06
vn -0.2588196 -0.9659257 -9.822277E-07
vn 0.2588184 -0.965926 -5.206795E-07
vn 0.7071064 -0.7071072 6.309116E-08
vn 0.9659256 -0.2588196 6.56033E-07
vn 0.965926 0.2588184 1.066904E-06
vn 0.7071072 0.7071064 1.187048E-06
vn 0.2588196 0.9659258 9.792146E-07
vn -0.2588185 0.965926 5.139708E-07
vn 0.965926 0.2588184 1.066904E-06
vn 0.7071072 0.7071064 1.187048E-06
vn 0.2588196 0.9659258 9.792146E-07
vn -0.2588185 0.965926 5.139708E-07
vn -0.7067647 0.7067613 0.03118073
vn -0.9654249 0.2586853 0.03219867
vn -0.965926 -0.2588186 -1.069807E-06
vn -0.7071071 -0.7071065 -1.199685E-06
vn -0.2588196 -0.9659257 -9.822277E-07
vn 0.2588184 -0.965926 -5.206795E-07
vn 0.7071064 -0.7071072 6.309116E-08
vn 0.9659256 -0.2588196 6.56033E-07
vn 0.9659256 -0.2588196 6.56033E-07
vn 0.965926 0.2588184 1.066904E-06
vn 0.7071072 0.7071064 1.187048E-06
vn 0.2588196 0.9659258 9.792146E-07
vn -0.2588185 0.965926 5.139708E-07
vn -0.7071063 0.7071073 -7.588789E-08
vn -0.9659257 0.2588197 -6.587467E-07
vn -0.965926 -0.2588186 -1.069807E-06
vn -0.7071071 -0.7071065 -1.199685E-06
vn -0.2588196 -0.9659257 -9.822277E-07
vn 0.2588184 -0.965926 -5.206795E-07
vn 0.7071064 -0.7071072 6.309116E-08
vn -0.157384 0.9875348 -0.002314006
vn -0.6620013 0.7494395 -0.009735572
vn -0.6618719 0.749293 -0.02203805
vn -0.1573179 0.9871212 -0.02903242
vn -0.6229171 -0.7817357 -0.02938624
vn -0.9922604 -0.1203694 -0.03050661
vn -0.6100843 -0.7917674 0.03002768
vn -0.9942607 -0.102332 0.03120559
vn 0.8418979 0.5329914 -0.08442827
vn -0.09797208 0.9852507 -0.1402946
vn -0.2041654 0.9780621 0.04136436
vn 0.8718536 0.4884847 0.03541483
vn 0.9994372 0.03037261 -0.01424975
vn 0.377814 -0.9256831 -0.0191689
vn 0.999437 0.03037255 0.01425176
vn 0.3778137 -0.9256831 0.01916843
vn 0.1114551 0.9932905 -0.0308525
vn 0.786723 0.6165911 -0.02970323
vn 0.1114556 0.9932904 0.03085419
vn 0.7867228 0.6165913 0.02970564
vn -0.7864822 0.6164038 0.03862927
vn -0.1113771 0.9925975 0.04843121
vn 0.9313042 -0.1764337 -0.3186593
vn 0.1465323 0.9368596 -0.3175256
vn -0.1575596 0.5879984 -0.7933681
vn -0.4365802 0.4365743 -0.7866389
vn -0.6153072 0.1648716 -0.770853
vn -0.6406195 -0.1716527 -0.7484265
vn -0.4874048 -0.4873894 -0.7244917
vn -0.1831399 -0.6834725 -0.7066295
vn 0.1843751 -0.688072 -0.7018282
vn 0.4964122 -0.4964009 -0.7121525
vn 0.6567775 -0.1759837 -0.7332619
vn -0.9436849 -0.2528645 0.2133501
vn -0.2528662 0.9436808 0.2133669
vn -0.831031 0.5552696 0.03260757
vn -0.8932863 0.4482849 0.03286519
vn 0.9659258 -0.2588195 2.998518E-07
vn 0.7071065 -0.7071071 1.263115E-07
vn 0.2588187 -0.965926 -5.499733E-08
vn -0.2588194 -0.9659258 -2.38863E-07
vn -0.707107 -0.7071066 -3.778215E-07
vn -0.9659259 -0.2588187 -3.896626E-07
vn -0.9659257 0.2588196 -3.025654E-07
vn -0.111508 0.9937636 -2.30995E-08
vn -0.78707 0.6168638 -3.976234E-07
vn 0.2588194 0.9659258 2.358499E-07
vn 0.7071071 0.7071065 3.651849E-07
vn 0.9659259 0.2588186 3.867601E-07
vn 0.6970912 0.697086 -0.1677352
vn 0.9436763 -0.252856 0.2133987
vn 0.2551556 0.9522405 -0.1677312
vn -0.2551547 0.9522406 -0.1677315
vn -0.6970904 0.6970868 -0.1677352
vn -0.9522404 0.2551526 -0.1677362
vn -0.9522401 -0.2551521 -0.1677386
vn -0.6970917 -0.6970839 -0.1677417
vn -0.2551551 -0.9522389 -0.1677412
vn 0.2551556 -0.9522387 -0.1677414
vn 0.6970907 -0.6970848 -0.1677422
vn 0.9522396 -0.255154 -0.167739
vn 0.9522399 0.2551539 -0.1677365
vn 0.1585819 0.5918254 -0.7903128
vn 0.6908213 -0.6908179 0.2133928
vn 0.2528538 -0.9436806 0.213382
vn -0.252856 -0.9436831 0.2133687
vn -0.6908279 -0.6908222 0.2133576
vn -0.8287621 0.4158965 0.374411
vn -0.943687 0.2528574 0.2133498
vn -0.6908242 0.690827 0.2133543
vn -0.7712253 0.5153188 0.3737086
vn 0.690819 0.6908214 0.2133893
vn 0.9436769 0.2528553 0.2133962
vn 4.299203E-05 -1.406396E-05 1
vn -0.7071065 0.7071072 -1.391083E-07
vn -0.9659257 0.2588196 -3.025654E-07
vn -0.9659259 -0.2588187 -3.896626E-07
vn -0.707107 -0.7071066 -3.778215E-07
vn -0.2588194 -0.9659258 -2.38863E-07
vn 0.2588187 -0.965926 -5.499733E-08
vn 0.7071065 -0.7071071 1.263115E-07
vn 0.9659258 -0.2588195 2.998518E-07
vn 0.9659259 0.2588186 3.867601E-07
vn 0.7071071 0.7071065 3.651849E-07
vn 0.2588194 0.9659258 2.358499E-07
vn -0.2588187 0.9659259 4.828872E-08
vn 0.9659259 0.2588186 3.867601E-07
vn 0.7071071 0.7071065 3.651849E-07
vn 0.2588194 0.9659258 2.358499E-07
vn -0.2588187 0.9659259 4.828872E-08
vn -0.7067648 0.7067612 0.03118067
vn -0.965425 0.2586851 0.03219903
vn -0.9659259 -0.2588187 -3.896626E-07
vn -0.707107 -0.7071066 -3.778215E-07
vn -0.2588194 -0.9659258 -2.38863E-07
vn 0.2588187 -0.965926 -5.499733E-08
vn 0.7071065 -0.7071071 1.263115E-07
vn 0.9659258 -0.2588195 2.998518E-07
vn 0.9659258 -0.2588195 2.998518E-07
vn 0.9659259 0.2588186 3.867601E-07
vn 0.7071071 0.7071065 3.651849E-07
vn 0.2588194 0.9659258 2.358499E-07
vn -0.2588187 0.9659259 4.828872E-08
vn -0.7071065 0.7071072 -1.391083E-07
vn -0.9659257 0.2588196 -3.025654E-07
vn -0.9659259 -0.2588187 -3.896626E-07
vn -0.707107 -0.7071066 -3.778215E-07
vn -0.2588194 -0.9659258 -2.38863E-07
vn 0.2588187 -0.965926 -5.499733E-08
vn 0.7071065 -0.7071071 1.263115E-07
vn -0.1573842 0.9875348 -0.002314539
vn -0.6620014 0.7494394 -0.009735685
vn -0.661872 0.7492929 -0.02203816
vn -0.1573181 0.9871212 -0.02903296
vn -0.6229169 -0.7817358 -0.02938542
vn -0.9922604 -0.1203696 -0.03050601
vn -0.6100841 -0.7917675 0.03002851
vn -0.9942607 -0.1023321 0.03120619
vn 0.8418978 0.5329915 -0.08442906
vn -0.0979724 0.9852506 -0.1402952
vn -0.2041657 0.9780621 0.04136385
vn 0.8718535 0.4884848 0.03541405
vn 0.999437 0.03037275 -0.01425031
vn 0.3778142 -0.925683 -0.01916852
vn 0.9994371 0.0303727 0.01425121
vn 0.377814 -0.9256831 0.01916881
vn 0.1114549 0.9932904 -0.03085318
vn 0.7867229 0.6165912 -0.02970404
vn 0.1114554 0.9932904 0.03085351
vn 0.7867228 0.6165914 0.02970483
vn -0.7864823 0.6164037 0.03862931
vn -0.1113773 0.9925974 0.04843065
vn 0.931304 -0.1764338 -0.3186597
vn 0.1465318 0.9368594 -0.3175262
vn -0.1575602 0.5879979 -0.7933683
vn -0.4365808 0.4365737 -0.7866389
vn -0.6153077 0.1648711 -0.7708527
vn -0.6406199 -0.1716532 -0.748426
vn -0.4874051 -0.4873899 -0.7244911
vn -0.1831402 -0.6834729 -0.7066289
vn 0.1843748 -0.6880723 -0.7018279
vn 0.4964119 -0.4964013 -0.7121525
vn 0.6567771 -0.175984 -0.7332622
vn -0.9436848 -0.2528645 0.2133508
vn -0.2528663 0.9436808 0.2133664
vn -0.831031 0.5552695 0.03260767
vn -0.8932865 0.4482848 0.03286539
vn 0.9659257 -0.2588195 1.811247E-07
vn 0.7071065 -0.7071071 1.473849E-07
vn 0.2588187 -0.9659259 1.002301E-07
vn -0.2588194 -0.9659258 8.925309E-09
vn -0.707107 -0.7071066 -1.03867E-07
vn -0.9659259 -0.2588187 -1.629478E-07
vn -0.9659257 0.2588196 -1.838384E-07
vn -0.111508 0.9937636 -2.104755E-07
vn -0.7870699 0.6168638 -3.855721E-07
vn 0.2588194 0.9659258 -1.193843E-08
vn 0.7071071 0.7071065 9.12304E-08
vn 0.965926 0.2588186 1.600453E-07
vn 0.6970912 0.6970859 -0.1677355
vn 0.9436763 -0.2528559 0.2133986
vn 0.2551556 0.9522404 -0.1677314
vn -0.2551547 0.9522406 -0.1677317
vn -0.6970904 0.6970868 -0.1677352
vn -0.9522404 0.2551526 -0.167736
vn -0.9522401 -0.2551521 -0.1677384
vn -0.6970917 -0.6970839 -0.1677415
vn -0.2551551 -0.9522389 -0.1677409
vn 0.2551555 -0.9522387 -0.1677413
vn 0.6970907 -0.6970848 -0.1677422
vn 0.9522395 -0.255154 -0.1677391
vn 0.95224 0.2551539 -0.1677368
vn 0.1585818 0.5918253 -0.7903131
vn 0.6908214 -0.6908179 0.2133929
vn 0.2528539 -0.9436806 0.2133822
vn -0.2528559 -0.943683 0.2133689
vn -0.6908278 -0.6908222 0.2133579
vn -0.828762 0.4158966 0.3744111
vn -0.9436869 0.2528574 0.21335
vn -0.6908242 0.690827 0.2133543
vn -0.7712253 0.5153188 0.3737086
vn 0.6908191 0.6908214 0.2133891
vn 0.9436771 0.2528554 0.213396
vn 4.320065E-05 -1.388514E-05 1
vn -0.7071065 0.7071072 -1.601818E-07
vn -0.9659257 0.2588196 -1.838384E-07
vn -0.9659259 -0.2588187 -1.629478E-07
vn -0.707107 -0.7071066 -1.03867E-07
vn -0.2588194 -0.9659258 8.925309E-09
vn 0.2588187 -0.9659259 1.002301E-07
vn 0.7071065 -0.7071071 1.473849E-07
vn 0.9659257 -0.2588195 1.811247E-07
vn 0.965926 0.2588186 1.600453E-07
vn 0.7071071 0.7071065 9.12304E-08
vn 0.2588194 0.9659258 -1.193843E-08
vn -0.2588187 0.9659259 -1.069387E-07
vn 0.965926 0.2588186 1.600453E-07
vn 0.7071071 0.7071065 9.12304E-08
vn 0.2588194 0.9659258 -1.193843E-08
vn -0.2588187 0.9659259 -1.069387E-07
vn -0.7067648 0.7067612 0.03118065
vn -0.965425 0.2586851 0.03219915
vn -0.9659259 -0.2588187 -1.629478E-07
vn -0.707107 -0.7071066 -1.03867E-07
vn -0.2588194 -0.9659258 8.925309E-09
vn 0.2588187 -0.9659259 1.002301E-07
vn 0.7071065 -0.7071071 1.473849E-07
vn 0.9659257 -0.2588195 1.811247E-07
vn 0.9659257 -0.2588195 1.811247E-07
vn 0.965926 0.2588186 1.600453E-07
vn 0.7071071 0.7071065 9.12304E-08
vn 0.2588194 0.9659258 -1.193843E-08
vn -0.2588187 0.9659259 -1.069387E-07
vn -0.7071065 0.7071072 -1.601818E-07
vn -0.9659257 0.2588196 -1.838384E-07
vn -0.9659259 -0.2588187 -1.629478E-07
vn -0.707107 -0.7071066 -1.03867E-07
vn -0.2588194 -0.9659258 8.925309E-09
vn 0.2588187 -0.9659259 1.002301E-07
vn 0.7071065 -0.7071071 1.473849E-07
vn -0.1573842 0.9875348 -0.002314717
vn -0.6620014 0.7494394 -0.009735724
vn -0.661872 0.7492929 -0.0220382
vn -0.1573181 0.9871212 -0.02903314
vn -0.622917 -0.781736 -0.02938515
vn -0.9922604 -0.1203696 -0.0305058
vn -0.6100841 -0.7917675 0.03002878
vn -0.9942607 -0.1023321 0.03120639
vn 0.8418977 0.5329915 -0.08442932
vn -0.09797242 0.9852505 -0.1402954
vn -0.2041656 0.9780621 0.04136369
vn 0.8718535 0.4884848 0.03541379
vn 0.9994371 0.03037275 -0.01425049
vn 0.3778142 -0.925683 -0.0191684
vn 0.999437 0.03037271 0.01425102
vn 0.377814 -0.9256831 0.01916893
vn 0.1114549 0.9932904 -0.03085341
vn 0.7867229 0.6165912 -0.02970431
vn 0.1114554 0.9932904 0.03085328
vn 0.7867228 0.6165914 0.02970456
vn -0.7864823 0.6164037 0.03862932
vn -0.1113773 0.9925974 0.04843046
vn 0.931304 -0.1764338 -0.3186598
vn 0.1465318 0.9368594 -0.3175265
vn -0.1575604 0.5879977 -0.7933684
vn -0.4365809 0.4365736 -0.7866389
vn -0.6153078 0.164871 -0.7708527
vn -0.64062 -0.1716533 -0.7484258
vn -0.4874053 -0.48739 -0.7244909
vn -0.1831404 -0.6834731 -0.7066288
vn 0.1843747 -0.6880724 -0.7018278
vn 0.4964117 -0.4964014 -0.7121525
vn 0.656777 -0.1759842 -0.7332623
vn -0.9436848 -0.2528645 0.213351
vn -0.2528663 0.9436808 0.2133663
vn -0.831031 0.5552695 0.0326077
vn -0.8932864 0.4482848 0.03286546
vn 0.9659257 -0.2588195 1.811247E-07
vn 0.7071065 -0.7071071 1.473849E-07
vn 0.2588187 -0.9659259 1.002301E-07
vn -0.2588194 -0.9659258 8.925309E-09
vn -0.707107 -0.7071066 -1.03867E-07
vn -0.9659259 -0.2588187 -1.629478E-07
vn -0.9659257 0.2588196 -1.838384E-07
vn -0.111508 0.9937636 -2.104755E-07
vn -0.7870699 0.6168638 -3.855721E-07
vn 0.2588194 0.9659258 -1.193843E-08
vn 0.7071071 0.7071065 9.12304E-08
vn 0.965926 0.2588186 1.600453E-07
vn 0.6970912 0.6970859 -0.1677355
vn 0.9436763 -0.2528559 0.2133986
vn 0.2551556 0.9522404 -0.1677314
vn -0.2551547 0.9522406 -0.1677317
vn -0.6970904 0.6970868 -0.1677352
vn -0.9522404 0.2551526 -0.167736
vn -0.9522401 -0.2551521 -0.1677384
vn -0.6970917 -0.6970839 -0.1677415
vn -0.2551551 -0.9522389 -0.1677409
vn 0.2551555 -0.9522387 -0.1677413
vn 0.6970907 -0.6970848 -0.1677422
vn 0.9522395 -0.255154 -0.1677391
vn 0.95224 0.2551539 -0.1677368
vn 0.1585818 0.5918253 -0.7903131
vn 0.6908214 -0.6908179 0.2133929
vn 0.2528539 -0.9436806 0.2133822
vn -0.2528559 -0.943683 0.2133689
vn -0.6908278 -0.6908222 0.2133579
vn -0.828762 0.4158966 0.3744111
vn -0.9436869 0.2528574 0.21335
vn -0.6908242 0.690827 0.2133543
vn -0.7712253 0.5153188 0.3737086
vn 0.6908191 0.6908214 0.2133891
vn 0.9436771 0.2528554 0.213396
vn 4.320065E-05 -1.388514E-05 1
vn -0.7071065 0.7071072 -1.601818E-07
vn -0.9659257 0.2588196 -1.838384E-07
vn -0.9659259 -0.2588187 -1.629478E-07
vn -0.707107 -0.7071066 -1.03867E-07
vn -0.2588194 -0.9659258 8.925309E-09
vn 0.2588187 -0.9659259 1.002301E-07
vn 0.7071065 -0.7071071 1.473849E-07
vn 0.9659257 -0.2588195 1.811247E-07
vn 0.965926 0.2588186 1.600453E-07
vn 0.7071071 0.7071065 9.12304E-08
vn 0.2588194 0.9659258 -1.193843E-08
vn -0.2588187 0.9659259 -1.069387E-07
vn 0.965926 0.2588186 1.600453E-07
vn 0.7071071 0.7071065 9.12304E-08
vn 0.2588194 0.9659258 -1.193843E-08
vn -0.2588187 0.9659259 -1.069387E-07
vn -0.7067648 0.7067612 0.03118065
vn -0.965425 0.2586851 0.03219915
vn -0.9659259 -0.2588187 -1.629478E-07
vn -0.707107 -0.7071066 -1.03867E-07
vn -0.2588194 -0.9659258 8.925309E-09
vn 0.2588187 -0.9659259 1.002301E-07
vn 0.7071065 -0.7071071 1.473849E-07
vn 0.9659257 -0.2588195 1.811247E-07
vn 0.9659257 -0.2588195 1.811247E-07
vn 0.965926 0.2588186 1.600453E-07
vn 0.7071071 0.7071065 9.12304E-08
vn 0.2588194 0.9659258 -1.193843E-08
vn -0.2588187 0.9659259 -1.069387E-07
vn -0.7071065 0.7071072 -1.601818E-07
vn -0.9659257 0.2588196 -1.838384E-07
vn -0.9659259 -0.2588187 -1.629478E-07
vn -0.707107 -0.7071066 -1.03867E-07
vn -0.2588194 -0.9659258 8.925309E-09
vn 0.2588187 -0.9659259 1.002301E-07
vn 0.7071065 -0.7071071 1.473849E-07
vn -0.1573842 0.9875348 -0.002314717
vn -0.6620014 0.7494394 -0.009735724
vn -0.661872 0.7492929 -0.0220382
vn -0.1573181 0.9871212 -0.02903314
vn -0.622917 -0.781736 -0.02938515
vn -0.9922604 -0.1203696 -0.0305058
vn -0.6100841 -0.7917675 0.03002878
vn -0.9942607 -0.1023321 0.03120639
vn 0.8418977 0.5329915 -0.08442932
vn -0.09797242 0.9852505 -0.1402954
vn -0.2041656 0.9780621 0.04136369
vn 0.8718535 0.4884848 0.03541379
vn 0.9994371 0.03037275 -0.01425049
vn 0.3778142 -0.925683 -0.0191684
vn 0.999437 0.03037271 0.01425102
vn 0.377814 -0.9256831 0.01916893
vn 0.1114549 0.9932904 -0.03085341
vn 0.7867229 0.6165912 -0.02970431
vn 0.1114554 0.9932904 0.03085328
vn 0.7867228 0.6165914 0.02970456
vn -0.7864823 0.6164037 0.03862932
vn -0.1113773 0.9925974 0.04843046
vn 0.931304 -0.1764338 -0.3186598
vn 0.1465318 0.9368594 -0.3175265
vn -0.1575604 0.5879977 -0.7933684
vn -0.4365809 0.4365736 -0.7866389
vn -0.6153078 0.164871 -0.7708527
vn -0.64062 -0.1716533 -0.7484258
vn -0.4874053 -0.48739 -0.7244909
vn -0.1831404 -0.6834731 -0.7066288
vn 0.1843747 -0.6880724 -0.7018278
vn 0.4964117 -0.4964014 -0.7121525
vn 0.656777 -0.1759842 -0.7332623
vn -0.9436848 -0.2528645 0.213351
vn -0.2528663 0.9436808 0.2133663
vn -0.831031 0.5552695 0.0326077
vn -0.8932864 0.4482848 0.03286546
vn 0.9659258 -0.2588194 8.403671E-09
vn 0.7071066 -0.707107 2.094436E-08
vn 0.2588188 -0.9659259 5.394962E-08
vn -0.2588193 -0.9659258 5.520577E-08
vn -0.7071069 -0.7071067 2.257353E-08
vn -0.9659259 -0.2588188 9.773218E-09
vn -0.9659258 0.2588194 -1.111735E-08
vn -0.1115082 0.9937635 -1.905362E-07
vn -0.78707 0.6168637 -2.44833E-07
vn 0.2588193 0.9659258 -5.821889E-08
vn 0.707107 0.7071066 -3.521016E-08
vn 0.9659259 0.2588187 -1.267574E-08
vn 0.697091 0.697086 -0.1677356
vn 0.9436764 -0.2528557 0.2133984
vn 0.2551555 0.9522405 -0.1677315
vn -0.2551548 0.9522406 -0.1677316
vn -0.6970905 0.6970866 -0.1677351
vn -0.9522405 0.2551524 -0.1677359
vn -0.9522401 -0.2551523 -0.1677382
vn -0.6970916 -0.697084 -0.1677414
vn -0.2551551 -0.9522389 -0.1677409
vn 0.2551556 -0.9522387 -0.1677413
vn 0.6970907 -0.6970847 -0.1677423
vn 0.9522395 -0.2551539 -0.1677393
vn 0.9522399 0.255154 -0.1677369
vn 0.1585816 0.5918253 -0.7903131
vn 0.6908215 -0.6908178 0.2133927
vn 0.252854 -0.9436805 0.2133821
vn -0.2528558 -0.943683 0.213369
vn -0.6908277 -0.6908223 0.213358
vn -0.828762 0.4158965 0.3744113
vn -0.9436869 0.2528573 0.2133501
vn -0.6908242 0.6908269 0.2133545
vn -0.7712253 0.5153188 0.3737088
vn 0.690819 0.6908215 0.2133889
vn 0.9436771 0.2528555 0.2133959
vn 4.331985E-05 -1.382553E-05 1
vn -0.7071065 0.7071071 -3.374125E-08
vn -0.9659258 0.2588194 -1.111735E-08
vn -0.9659259 -0.2588188 9.773218E-09
vn -0.7071069 -0.7071067 2.257353E-08
vn -0.2588193 -0.9659258 5.520577E-08
vn 0.2588188 -0.9659259 5.394962E-08
vn 0.7071066 -0.707107 2.094436E-08
vn 0.9659258 -0.2588194 8.403671E-09
vn 0.9659259 0.2588187 -1.267574E-08
vn 0.707107 0.7071066 -3.521016E-08
vn 0.2588193 0.9659258 -5.821889E-08
vn -0.2588188 0.9659259 -6.065822E-08
vn 0.9659259 0.2588187 -1.267574E-08
vn 0.707107 0.7071066 -3.521016E-08
vn 0.2588193 0.9659258 -5.821889E-08
vn -0.2588188 0.9659259 -6.065822E-08
vn -0.7067649 0.7067611 0.03118077
vn -0.965425 0.258685 0.03219932
vn -0.9659259 -0.2588188 9.773218E-09
vn -0.7071069 -0.7071067 2.257353E-08
vn -0.2588193 -0.9659258 5.520577E-08
vn 0.2588188 -0.9659259 5.394962E-08
vn 0.7071066 -0.707107 2.094436E-08
vn 0.9659258 -0.2588194 8.403671E-09
vn 0.9659258 -0.2588194 8.403671E-09
vn 0.9659259 0.2588187 -1.267574E-08
vn 0.707107 0.7071066 -3.521016E-08
vn 0.2588193 0.9659258 -5.821889E-08
vn -0.2588188 0.9659259 -6.065822E-08
vn -0.7071065 0.7071071 -3.374125E-08
vn -0.9659258 0.2588194 -1.111735E-08
vn -0.9659259 -0.2588188 9.773218E-09
vn -0.7071069 -0.7071067 2.257353E-08
vn -0.2588193 -0.9659258 5.520577E-08
vn 0.2588188 -0.9659259 5.394962E-08
vn 0.7071066 -0.707107 2.094436E-08
vn -0.1573843 0.9875347 -0.002314689
vn -0.6620016 0.7494393 -0.009735606
vn -0.6618721 0.7492928 -0.02203808
vn -0.1573183 0.9871211 -0.02903311
vn -0.6229169 -0.781736 -0.02938504
vn -0.9922603 -0.1203697 -0.03050563
vn -0.6100839 -0.7917675 0.03002889
vn -0.9942607 -0.1023323 0.03120657
vn 0.8418977 0.5329916 -0.08442947
vn -0.09797256 0.9852505 -0.1402954
vn -0.2041657 0.9780621 0.04136372
vn 0.8718535 0.4884849 0.03541364
vn 0.9994371 0.0303729 -0.01425067
vn 0.3778143 -0.925683 -0.01916847
vn 0.999437 0.03037286 0.01425085
vn 0.3778141 -0.925683 0.01916886
vn 0.1114548 0.9932905 -0.03085343
vn 0.7867228 0.6165914 -0.02970445
vn 0.1114552 0.9932904 0.03085326
vn 0.7867227 0.6165915 0.02970442
vn -0.7864823 0.6164035 0.03862946
vn -0.1113774 0.9925974 0.04843049
vn 0.9313039 -0.1764337 -0.31866
vn 0.1465316 0.9368594 -0.3175265
vn -0.1575605 0.5879977 -0.7933684
vn -0.4365811 0.4365735 -0.7866388
vn -0.615308 0.1648709 -0.7708526
vn -0.6406201 -0.1716534 -0.7484257
vn -0.4874053 -0.4873901 -0.7244908
vn -0.1831403 -0.6834731 -0.7066287
vn 0.1843747 -0.6880724 -0.7018279
vn 0.4964117 -0.4964013 -0.7121525
vn 0.656777 -0.1759841 -0.7332624
vn -0.9436847 -0.2528646 0.2133512
vn -0.2528664 0.9436808 0.2133664
vn -0.8310311 0.5552694 0.03260785
vn -0.8932865 0.4482847 0.03286562
vn 0.9659256 -0.2588197 7.901869E-07
vn 0.7071064 -0.7071072 8.416457E-08
vn 0.2588184 -0.965926 -6.183332E-07
vn -0.2588196 -0.9659256 -1.172442E-06
vn -0.7071071 -0.7071065 -1.431492E-06
vn -0.9659261 -0.2588185 -1.281095E-06
vn -0.9659256 0.2588197 -7.929006E-07
vn -0.1115078 0.9937636 6.671714E-07
vn -0.7870697 0.616864 -4.825967E-07
vn 0.2588196 0.9659257 1.169429E-06
vn 0.7071072 0.7071064 1.418856E-06
vn 0.9659261 0.2588184 1.278193E-06
vn 0.6970915 0.697086 -0.1677342
vn 0.9436761 -0.2528563 0.2133992
vn 0.255156 0.9522406 -0.1677303
vn -0.2551543 0.9522409 -0.167731
vn -0.6970901 0.697087 -0.1677352
vn -0.9522403 0.2551529 -0.1677366
vn -0.95224 -0.2551518 -0.1677395
vn -0.6970917 -0.6970837 -0.1677428
vn -0.2551552 -0.9522386 -0.1677421
vn 0.2551554 -0.9522386 -0.167742
vn 0.6970907 -0.6970848 -0.1677422
vn 0.9522396 -0.255154 -0.1677385
vn 0.9522402 0.2551539 -0.1677356
vn 0.1585827 0.591826 -0.7903123
vn 0.6908211 -0.6908182 0.2133928
vn 0.2528535 -0.9436808 0.2133814
vn -0.2528564 -0.9436832 0.2133678
vn -0.6908282 -0.6908222 0.2133566
vn -0.8287623 0.4158964 0.3744108
vn -0.943687 0.2528574 0.2133494
vn -0.6908242 0.690827 0.2133544
vn -0.7712255 0.5153186 0.3737084
vn 0.690819 0.6908211 0.2133903
vn 0.9436769 0.252855 0.2133971
vn 4.221717E-05 -1.477922E-05 1
vn -0.7071063 0.7071073 -9.696127E-08
vn -0.9659256 0.2588197 -7.929006E-07
vn -0.9659261 -0.2588185 -1.281095E-06
vn -0.7071071 -0.7071065 -1.431492E-06
vn -0.2588196 -0.9659256 -1.172442E-06
vn 0.2588184 -0.965926 -6.183332E-07
vn 0.7071064 -0.7071072 8.416457E-08
vn 0.9659256 -0.2588197 7.901869E-07
vn 0.9659261 0.2588184 1.278193E-06
vn 0.7071072 0.7071064 1.418856E-06
vn 0.2588196 0.9659257 1.169429E-06
vn -0.2588184 0.965926 6.116245E-07
vn 0.9659261 0.2588184 1.278193E-06
vn 0.7071072 0.7071064 1.418856E-06
vn 0.2588196 0.9659257 1.169429E-06
vn -0.2588184 0.965926 6.116245E-07
vn -0.7067647 0.7067613 0.03118071
vn -0.965425 0.2586853 0.03219854
vn -0.9659261 -0.2588185 -1.281095E-06
vn -0.7071071 -0.7071065 -1.431492E-06
vn -0.2588196 -0.9659256 -1.172442E-06
vn 0.2588184 -0.965926 -6.183332E-07
vn 0.7071064 -0.7071072 8.416457E-08
vn 0.9659256 -0.2588197 7.901869E-07
vn 0.9659256 -0.2588197 7.901869E-07
vn 0.9659261 0.2588184 1.278193E-06
vn 0.7071072 0.7071064 1.418856E-06
vn 0.2588196 0.9659257 1.169429E-06
vn -0.2588184 0.965926 6.116245E-07
vn -0.7071063 0.7071073 -9.696127E-08
vn -0.9659256 0.2588197 -7.929006E-07
vn -0.9659261 -0.2588185 -1.281095E-06
vn -0.7071071 -0.7071065 -1.431492E-06
vn -0.2588196 -0.9659256 -1.172442E-06
vn 0.2588184 -0.965926 -6.183332E-07
vn 0.7071064 -0.7071072 8.416457E-08
vn -0.157384 0.9875348 -0.002313887
vn -0.6620013 0.7494395 -0.009735579
vn -0.6618719 0.749293 -0.02203805
vn -0.1573179 0.9871212 -0.0290323
vn -0.6229171 -0.7817357 -0.02938647
vn -0.9922603 -0.1203694 -0.03050681
vn -0.6100843 -0.7917674 0.03002746
vn -0.9942608 -0.102332 0.0312054
vn 0.8418979 0.5329914 -0.08442803
vn -0.09797206 0.9852507 -0.1402945
vn -0.2041654 0.9780621 0.04136446
vn 0.8718536 0.4884846 0.03541505
vn 0.9994371 0.03037258 -0.01424957
vn 0.377814 -0.9256831 -0.01916897
vn 0.999437 0.03037251 0.01425195
vn 0.3778137 -0.9256831 0.01916836
vn 0.1114551 0.9932905 -0.03085233
vn 0.786723 0.6165911 -0.029703
vn 0.1114556 0.9932903 0.03085436
vn 0.7867228 0.6165912 0.02970587
vn -0.7864822 0.6164038 0.03862923
vn -0.1113771 0.9925975 0.04843134
vn 0.9313042 -0.1764337 -0.3186591
vn 0.1465323 0.9368596 -0.3175254
vn -0.1575595 0.5879985 -0.793368
vn -0.4365801 0.4365744 -0.7866389
vn -0.6153071 0.1648718 -0.7708531
vn -0.6406193 -0.1716525 -0.7484266
vn -0.4874047 -0.4873893 -0.7244918
vn -0.1831398 -0.6834725 -0.7066296
vn 0.1843752 -0.6880718 -0.7018283
vn 0.4964123 -0.4964008 -0.7121525
vn 0.6567777 -0.1759836 -0.7332619
vn -0.9436851 -0.2528645 0.2133499
vn -0.2528663 0.9436807 0.213367
vn -0.831031 0.5552696 0.0326075
vn -0.8932864 0.448285 0.0328651
vn 0.9659257 -0.2588197 9.24341E-07
vn 0.7071064 -0.7071072 1.05238E-07
vn 0.2588184 -0.9659261 -7.15987E-07
vn -0.2588196 -0.9659256 -1.362657E-06
vn -0.7071072 -0.7071065 -1.6633E-06
vn -0.9659261 -0.2588185 -1.492383E-06
vn -0.9659256 0.2588198 -9.270545E-07
vn -0.1115078 0.9937636 7.953145E-07
vn -0.7870697 0.616864 -5.314159E-07
vn 0.2588196 0.9659257 1.359644E-06
vn 0.7071073 0.7071064 1.650664E-06
vn 0.9659261 0.2588184 1.489481E-06
vn 0.6970915 0.697086 -0.1677339
vn 0.9436761 -0.2528563 0.2133993
vn 0.255156 0.9522406 -0.1677301
vn -0.2551543 0.9522409 -0.1677309
vn -0.6970901 0.6970871 -0.1677352
vn -0.9522402 0.255153 -0.1677368
vn -0.95224 -0.2551517 -0.1677397
vn -0.6970917 -0.6970836 -0.167743
vn -0.2551552 -0.9522387 -0.1677423
vn 0.2551555 -0.9522386 -0.1677421
vn 0.6970907 -0.6970848 -0.1677422
vn 0.9522397 -0.255154 -0.1677384
vn 0.9522402 0.2551538 -0.1677354
vn 0.1585828 0.5918261 -0.7903122
vn 0.690821 -0.6908183 0.2133928
vn 0.2528535 -0.9436809 0.2133814
vn -0.2528564 -0.9436831 0.2133676
vn -0.6908283 -0.6908223 0.2133564
vn -0.8287624 0.4158963 0.3744107
vn -0.943687 0.2528574 0.2133492
vn -0.6908243 0.690827 0.2133543
vn -0.7712256 0.5153186 0.3737084
vn 0.690819 0.6908211 0.2133906
vn 0.9436768 0.2528549 0.2133973
vn 4.206815E-05 -1.495803E-05 1
vn -0.7071063 0.7071073 -1.180347E-07
vn -0.9659256 0.2588198 -9.270545E-07
vn -0.9659261 -0.2588185 -1.492383E-06
vn -0.7071072 -0.7071065 -1.6633E-06
vn -0.2588196 -0.9659256 -1.362657E-06
vn 0.2588184 -0.9659261 -7.15987E-07
vn 0.7071064 -0.7071072 1.05238E-07
vn 0.9659257 -0.2588197 9.24341E-07
vn 0.9659261 0.2588184 1.489481E-06
vn 0.7071073 0.7071064 1.650664E-06
vn 0.2588196 0.9659257 1.359644E-06
vn -0.2588185 0.965926 7.092783E-07
vn 0.9659261 0.2588184 1.489481E-06
vn 0.7071073 0.7071064 1.650664E-06
vn 0.2588196 0.9659257 1.359644E-06
vn -0.2588185 0.965926 7.092783E-07
vn -0.7067646 0.7067613 0.03118069
vn -0.965425 0.2586853 0.03219841
vn -0.9659261 -0.2588185 -1.492383E-06
vn -0.7071072 -0.7071065 -1.6633E-06
vn -0.2588196 -0.9659256 -1.362657E-06
vn 0.2588184 -0.9659261 -7.15987E-07
vn 0.7071064 -0.7071072 1.05238E-07
vn 0.9659257 -0.2588197 9.24341E-07
vn 0.9659257 -0.2588197 9.24341E-07
vn 0.9659261 0.2588184 1.489481E-06
vn 0.7071073 0.7071064 1.650664E-06
vn 0.2588196 0.9659257 1.359644E-06
vn -0.2588185 0.965926 7.092783E-07
vn -0.7071063 0.7071073 -1.180347E-07
vn -0.9659256 0.2588198 -9.270545E-07
vn -0.9659261 -0.2588185 -1.492383E-06
vn -0.7071072 -0.7071065 -1.6633E-06
vn -0.2588196 -0.9659256 -1.362657E-06
vn 0.2588184 -0.9659261 -7.15987E-07
vn 0.7071064 -0.7071072 1.05238E-07
vn -0.157384 0.9875348 -0.002313768
vn -0.6620013 0.7494395 -0.009735585
vn -0.6618719 0.749293 -0.02203806
vn -0.1573179 0.9871212 -0.02903218
vn -0.6229171 -0.7817357 -0.0293867
vn -0.9922603 -0.1203693 -0.030507
vn -0.6100843 -0.7917674 0.03002723
vn -0.9942608 -0.1023319 0.03120521
vn 0.8418979 0.5329913 -0.0844278
vn -0.09797203 0.9852507 -0.1402944
vn -0.2041655 0.9780622 0.04136458
vn 0.8718535 0.4884846 0.03541528
vn 0.9994371 0.03037256 -0.01424939
vn 0.377814 -0.9256831 -0.01916904
vn 0.9994371 0.03037248 0.01425213
vn 0.3778138 -0.9256833 0.01916829
vn 0.1114551 0.9932905 -0.03085216
vn 0.7867231 0.6165911 -0.02970277
vn 0.1114556 0.9932904 0.03085453
vn 0.7867229 0.6165912 0.0297061
vn -0.7864822 0.6164038 0.03862917
vn -0.1113771 0.9925974 0.04843147
vn 0.9313043 -0.1764337 -0.318659
vn 0.1465324 0.9368597 -0.3175253
vn -0.1575593 0.5879986 -0.7933679
vn -0.4365799 0.4365745 -0.7866389
vn -0.615307 0.1648719 -0.7708532
vn -0.6406192 -0.1716523 -0.7484267
vn -0.4874046 -0.4873891 -0.724492
vn -0.1831397 -0.6834723 -0.7066297
vn 0.1843753 -0.6880718 -0.7018284
vn 0.4964124 -0.4964007 -0.7121525
vn 0.6567778 -0.1759835 -0.7332618
vn -0.9436851 -0.2528645 0.2133497
vn -0.2528663 0.9436806 0.2133671
vn -0.831031 0.5552696 0.03260744
vn -0.8932864 0.448285 0.03286501
vn 0.9208442 0.3867667 0.04957405
vn 0.9101267 -0.1751037 -0.3755105
vn 0.5750213 -0.5698764 -0.5870191
vn 0.1131838 -0.7756813 -0.6208929
vn -0.4515607 -0.763637 -0.4614667
vn -0.9208443 -0.3867664 -0.04957411
vn -0.9101269 0.1751039 0.3755099
vn -0.5750207 0.5698755 0.5870206
vn -0.1131837 0.7756807 0.6208936
vn 0.4515613 0.7636378 0.4614648
vn -0.0746362 -0.07845951 0.9941195
vn 0.0746362 0.07845951 -0.9941195
vn 0.5235022 0.4116884 0.7459613
vn 0.7383149 0.003503154 0.6744471
vn 0.7766184 -0.5050202 0.376588
vn 0.4052926 -0.8890848 -0.2127587
vn -0.1565572 -0.7551263 -0.6366114
vn -0.5235029 -0.4116875 -0.7459612
vn -0.738315 -0.003503297 -0.6744469
vn -0.7766186 0.5050191 -0.3765891
vn -0.4052926 0.8890848 0.2127586
vn 0.1565598 0.7551275 0.6366093
vn -0.0372611 -0.1103687 0.9931921
vn 0.0372611 0.1103687 -0.9931921
vn -0.3361403 0.9416657 -0.01659468
vn 0.2634507 0.93572 0.2345673
vn 0.7448758 0.544828 0.3851267
vn 0.9228464 -0.02691253 0.3842268
vn 0.7763891 -0.5787066 0.2496371
vn 0.3361405 -0.9416657 0.01659166
vn -0.2634503 -0.9357181 -0.2345753
vn -0.744876 -0.5448282 -0.3851258
vn -0.9228477 0.02691195 -0.3842239
vn -0.7763891 0.5787064 -0.2496376
vn -0.05508018 -0.1763546 0.9827845
vn 0.05508018 0.1763546 -0.9827845
vn -0.1598885 0.943328 0.2908058
vn 0.4457583 0.8901757 0.09426975
vn 0.8712 0.4698687 -0.1422464
vn 0.9427415 -0.1131623 -0.3137401
vn 0.6769008 -0.6373411 -0.3682413
vn 0.1598885 -0.9433286 -0.2908039
vn -0.4457585 -0.890175 -0.09427477
vn -0.8711993 -0.4698687 0.1422505
vn -0.94274 0.1131617 0.3137449
vn -0.6769013 0.6373416 0.3682397
vn 0.01125498 -0.08954825 0.9959189
vn -0.01125498 0.08954825 -0.9959189
vn -0.2818342 0.9252082 -0.2540856
vn 0.2640872 0.8842233 0.3852364
vn 0.555979 0.4587141 0.6931585
vn 0.6459497 0.0277411 0.7628757
vn 0.5985007 -0.4430733 0.6674452
vn 0.281834 -0.9252083 0.2540853
vn -0.264086 -0.8842207 -0.3852434
vn -0.5559785 -0.4587137 -0.6931592
vn -0.6459495 -0.02774106 -0.762876
vn -0.5985007 0.4430734 -0.6674451
vn -0.06271869 0.04450447 0.9970385
vn 0.06271869 -0.04450447 -0.9970385
vn -0.05829959 0.974116 0.2184018
vn 0.4933 0.7651665 0.4137335
vn 0.8269587 0.3309049 0.4545783
vn 0.9093605 -0.219487 0.3533963
vn 0.6423864 -0.7601265 0.09771048
vn 0.05829908 -0.9741145 -0.2184081
vn -0.4933007 -0.7651677 -0.4137306
vn -0.8269576 -0.3309045 -0.4545805
vn -0.9093603 0.2194869 -0.353397
vn -0.6423862 0.760126 -0.0977162
vn 0.04078987 0.01086457 0.9991087
vn -0.04078987 -0.01086457 -0.9991087
vn -0.2151105 0.9622446 0.1667714
vn 0.3981903 0.9032633 -0.1598745
vn 0.7926136 0.4669829 -0.3920341
vn 0.8802769 -0.07587115 -0.4683547
vn 0.6935084 -0.599915 -0.3989338
vn 0.2151105 -0.9622443 -0.1667735
vn -0.3981903 -0.9032627 0.1598777
vn -0.792614 -0.4669831 0.392033
vn -0.8802778 0.07587124 0.4683533
vn -0.6935099 0.5999164 0.3989291
vn -0.02379072 -0.02128986 0.9994903
vn 0.02379072 0.02128986 -0.9994903
vn -0.2072866 0.9108045 0.357026
vn 0.3956771 0.8865981 0.2395481
vn 0.8672017 0.4976368 0.01785562
vn 0.9738334 -0.0913907 -0.2080777
vn 0.7113165 -0.6131176 -0.3436798
vn 0.2072865 -0.9108064 -0.3570209
vn -0.3956771 -0.8865978 -0.2395495
vn -0.8672017 -0.4976367 -0.01785753
vn -0.9738334 0.0913906 0.208078
vn -0.7113165 0.613118 0.343679
vn -0.03740264 -0.05840812 0.9975919
vn 0.03740264 0.05840812 -0.9975919
vn -0.08821131 0.7664346 0.6362364
vn 0.2088825 0.3903399 0.8966621
vn 0.3450377 0.1376269 0.9284438
vn 0.459471 -0.1475398 0.8758529
vn 0.5443564 -0.6923583 0.4736204
vn 0.08821118 -0.7664354 -0.6362355
vn -0.2088839 -0.3903419 -0.8966609
vn -0.3450389 -0.1376274 -0.9284433
vn -0.4594738 0.1475405 -0.8758514
vn -0.5443542 0.6923561 -0.473626
vn -0.05512987 -0.0234894 0.9982029
vn 0.05512987 0.0234894 -0.9982029
vn -0.03950374 0.6262263 0.77864
vn 0.2864769 0.385341 0.8771791
vn 0.5355167 0.1139608 0.8368003
vn 0.765484 -0.3179482 0.5594133
vn 0.575914 -0.768204 -0.2796172
vn 0.03950386 -0.6262234 -0.7786422
vn -0.2864744 -0.3853375 -0.8771815
vn -0.5355179 -0.1139612 -0.8367996
vn -0.7654814 0.3179477 -0.5594172
vn -0.5759148 0.7682074 0.279606
vn -0.0643548 -0.08425418 0.994364
vn 0.0643548 0.08425418 -0.994364
vn 0.9254096 0.3706968 0.07874653
vn 0.9085427 -0.158008 -0.3867605
vn 0.5689974 -0.531903 -0.6271533
vn 0.1047409 -0.7289481 -0.6765088
vn -0.4600774 -0.7217956 -0.5170493
vn -0.9254097 -0.3706965 -0.07874657
vn -0.9085429 0.1580083 0.3867598
vn -0.5689968 0.5319019 0.6271547
vn -0.1047408 0.7289476 0.6765093
vn 0.460078 0.7217965 0.5170475
vn -0.07723027 -0.1508749 0.9855315
vn 0.07723027 0.1508749 -0.9855315
vn 0.5272508 0.3489048 0.7747723
vn 0.7371871 -0.05547852 0.6734073
vn 0.769778 -0.5410019 0.338761
vn 0.3947701 -0.8758178 -0.2776684
vn -0.164703 -0.703974 -0.6908644
vn -0.5272515 -0.3489039 -0.7747722
vn -0.7371873 0.05547837 -0.6734071
vn -0.7697781 0.5410007 -0.3387622
vn -0.3947701 0.8758178 0.2776683
vn 0.1647055 0.7039754 0.6908624
vn -0.04024575 -0.1830852 0.9822729
vn 0.04024575 0.1830851 -0.9822729
vn -0.3246026 0.9443708 0.0528867
vn 0.2744554 0.9124926 0.303367
vn 0.7508278 0.5056475 0.424945
vn 0.9218133 -0.06660251 0.3818695
vn 0.7688597 -0.605085 0.206705
vn 0.3246028 -0.9443706 -0.05288972
vn -0.274455 -0.9124901 -0.3033747
vn -0.7508281 -0.5056478 -0.4249443
vn -0.9218146 0.06660172 -0.3818666
vn -0.7688596 0.6050848 -0.2067056
vn -0.05885103 -0.2478962 0.9669974
vn 0.05885103 0.2478962 -0.9669974
vn -0.1488519 0.921119 0.3596983
vn 0.4564255 0.8752175 0.1602192
vn 0.8770997 0.4683671 -0.1064353
vn 0.9418083 -0.1012122 -0.3205514
vn 0.6696849 -0.6166162 -0.4138921
vn 0.1488519 -0.9211198 -0.3596964
vn -0.4564257 -0.8752165 -0.1602242
vn -0.877099 -0.4683675 0.1064393
vn -0.9418069 0.1012111 0.3205561
vn -0.6696853 0.6166168 0.4138906
vn 0.008516355 -0.1631206 0.9865694
vn -0.008516355 0.1631206 -0.9865694
vn -0.2701088 0.944864 -0.1851303
vn 0.274215 0.8499853 0.4498124
vn 0.5603862 0.3993059 0.7256184
vn 0.6449786 -0.03671682 0.7633181
vn 0.5919486 -0.4985614 0.633272
vn 0.2701086 -0.9448642 0.18513
vn -0.2742138 -0.8499821 -0.4498191
vn -0.5603856 -0.3993055 -0.7256191
vn -0.6449783 0.03671688 -0.7633183
vn -0.5919487 0.4985615 -0.6332719
vn -0.06381864 -0.02862001 0.9975511
vn 0.06381864 0.02862001 -0.9975511
vn -0.2036339 0.9498379 0.237363
vn 0.409441 0.9076562 -0.09229473
vn 0.798897 0.4849361 -0.3558098
vn 0.8800589 -0.05181897 -0.4720288
vn 0.6867984 -0.5772286 -0.4417185
vn 0.2036339 -0.9498374 -0.237365
vn -0.409441 -0.9076559 0.09229802
vn -0.7988974 -0.4849363 0.3558087
vn -0.8800597 0.05181915 0.4720274
vn -0.6867998 0.5772303 0.4417138
vn -0.02570036 -0.09488854 0.9951561
vn 0.02570036 0.09488853 -0.9951561
vn -0.04677539 0.9559293 0.289847
vn 0.5019112 0.7263396 0.4695913
vn 0.8301807 0.28618 0.4784361
vn 0.9060307 -0.2561877 0.3368623
vn 0.6329055 -0.7731068 0.04166964
vn 0.04677491 -0.9559275 -0.2898532
vn -0.501912 -0.7263409 -0.4695884
vn -0.8301796 -0.2861795 -0.4784383
vn -0.9060305 0.2561876 -0.336863
vn -0.6329053 0.7731068 -0.0416754
vn 0.0392684 -0.06358954 0.9972034
vn -0.0392684 0.06358954 -0.9972034
vn -0.1967524 0.8843698 0.4232949
vn 0.4060646 0.8615162 0.3047974
vn 0.8731759 0.4842602 0.05527993
vn 0.9729888 -0.08770162 -0.2135443
vn 0.7043527 -0.5947009 -0.3875797
vn 0.1967523 -0.8843722 -0.42329
vn -0.4060645 -0.8615158 -0.3047987
vn -0.8731759 -0.48426 -0.05528182
vn -0.9729888 0.08770151 0.2135446
vn -0.7043528 0.5947014 0.387579
vn -0.03976077 -0.1315946 0.9905059
vn 0.03976077 0.1315946 -0.9905059
vn -0.07990837 0.7182856 0.6911444
vn 0.2121456 0.3203319 0.9232453
vn 0.3451559 0.06430648 0.9363397
vn 0.4561895 -0.2175718 0.8628753
vn 0.5350883 -0.732138 0.4214908
vn 0.07990822 -0.7182865 -0.6911435
vn -0.212147 -0.3203339 -0.9232442
vn -0.3451571 -0.06430697 -0.9363393
vn -0.4561923 0.2175724 -0.8628737
vn -0.5350862 0.7321362 -0.4214966
vn -0.05706169 -0.09660129 0.9936861
vn 0.05706169 0.09660129 -0.9936861
vn -0.03314981 0.5673373 0.822818
vn 0.2897055 0.315835 0.9035038
vn 0.5354834 0.04514729 0.8433383
vn 0.7606239 -0.3678469 0.5349206
vn 0.5669633 -0.752427 -0.3352706
vn 0.03314997 -0.5673342 -0.8228201
vn -0.2897029 -0.3158314 -0.9035059
vn -0.5354844 -0.04514773 -0.8433375
vn -0.7606211 0.3678467 -0.5349246
vn -0.566964 0.7524312 0.3352598
vn -0.06702071 -0.1567978 0.9853541
vn 0.06702071 0.1567978 -0.9853541
vn 0.9404214 0.3309717 0.07788061
vn 0.9034058 -0.2072808 -0.3753568
vn 0.5492942 -0.5712814 -0.6098471
vn 0.07708489 -0.7486153 -0.6585082
vn -0.488008 -0.7126236 -0.5039999
vn -0.9404215 -0.3309714 -0.07788066
vn -0.903406 0.207281 0.3753561
vn -0.5492938 0.5712803 0.6098486
vn -0.07708486 0.7486148 0.6585088
vn 0.4880086 0.7126244 0.503998
vn -0.09111995 -0.1240372 0.988085
vn 0.09111995 0.1240372 -0.988085
vn 0.9367917 0.346537 0.04830564
vn 0.9041429 -0.2241602 -0.3637002
vn 0.5533233 -0.6085292 -0.5687932
vn 0.08302611 -0.7943547 -0.6017537
vn -0.4817746 -0.7534814 -0.4473914
vn -0.9367918 -0.3465368 -0.04830571
vn -0.9041432 0.2241604 0.3636995
vn -0.5533227 0.6085283 0.5687947
vn -0.08302607 0.7943541 0.6017543
vn 0.4817752 0.7534822 0.4473895
vn -0.08536124 -0.05162591 0.9950117
vn 0.08536124 0.05162591 -0.9950117
vn 0.5358528 0.4054836 0.7405707
vn 0.7327626 -0.01341288 0.6803522
vn 0.7505302 -0.5300112 0.3947059
vn 0.3667801 -0.9109769 -0.1886626
vn -0.1854065 -0.7622125 -0.6202069
vn -0.5358535 -0.4054827 -0.7405707
vn -0.7327628 0.01341275 -0.680352
vn -0.7505304 0.53001 -0.3947069
vn -0.3667801 0.9109768 0.1886626
vn 0.1854091 0.7622136 0.6202047
vn -0.04944114 -0.08517747 0.9951383
vn 0.04944114 0.08517747 -0.9951383
vn 0.5365855 0.3432916 0.7708611
vn 0.7290127 -0.07229432 0.6806718
vn 0.7423694 -0.5665345 0.357668
vn 0.3573366 -0.8987885 -0.2539486
vn -0.1908639 -0.7120412 -0.6756985
vn -0.5365862 -0.3432907 -0.7708611
vn -0.7290128 0.07229418 -0.6806716
vn -0.7423696 0.5665334 -0.3576692
vn -0.3573367 0.8987884 0.2539486
vn 0.1908665 0.7120424 0.6756965
vn -0.05558614 -0.1579264 0.9858851
vn 0.05558614 0.1579264 -0.9858851
vn -0.282532 0.9588423 0.02823306
vn 0.3126518 0.906292 0.2844006
vn 0.7694954 0.4816628 0.4193778
vn 0.9150952 -0.09847389 0.3910292
vn 0.7395633 -0.6336066 0.2271316
vn 0.2825322 -0.9588422 -0.02823608
vn -0.3126512 -0.9062898 -0.2844084
vn -0.7694957 -0.4816632 -0.4193771
vn -0.9150964 0.09847323 -0.3910263
vn -0.7395633 0.6336064 -0.2271322
vn -0.07695127 -0.2221888 0.9719623
vn 0.07695127 0.2221888 -0.9719623
vn -0.2936683 0.9550165 -0.04126118
vn 0.3031997 0.9283582 0.2149907
vn 0.7655897 0.5201202 0.3786127
vn 0.9178803 -0.05882449 0.3924736
vn 0.7479464 -0.6065847 0.2695017
vn 0.2936685 -0.9550166 0.04125816
vn -0.3031992 -0.9283565 -0.2149986
vn -0.7655898 -0.5201204 -0.3786119
vn -0.9178815 0.05882403 -0.3924706
vn -0.7479464 0.6065845 -0.2695023
vn -0.07010917 -0.1505335 0.9861158
vn 0.07010917 0.1505335 -0.9861158
vn -0.1102517 0.9350397 0.3369649
vn 0.4938243 0.857608 0.1436878
vn 0.8978778 0.4263026 -0.1099163
vn 0.9386848 -0.1504746 -0.3102069
vn 0.6445337 -0.6553365 -0.3938408
vn 0.1102517 -0.9350404 -0.336963
vn -0.4938244 -0.8576071 -0.1436927
vn -0.8978772 -0.4263029 0.1099203
vn -0.9386834 0.1504736 0.3102116
vn -0.6445341 0.655337 0.3938392
vn -0.006015017 -0.1400526 0.9901258
vn 0.006015017 0.1400526 -0.9901258
vn -0.1197802 0.9560882 0.2674848
vn 0.4843197 0.8714677 0.07732125
vn 0.8923142 0.4272206 -0.1458012
vn 0.9390338 -0.162291 -0.3031124
vn 0.6504824 -0.6752807 -0.347662
vn 0.1197802 -0.9560887 -0.2674829
vn -0.4843198 -0.8714672 -0.07732627
vn -0.8923135 -0.4272206 0.1458052
vn -0.9390324 0.1622904 0.3031173
vn -0.6504827 0.6752811 0.3476604
vn -6.580352E-05 -0.066474 0.9977881
vn 6.580373E-05 0.066474 -0.9977881
vn -0.2384074 0.9305727 -0.2778424
vn 0.300432 0.8804476 0.3668142
vn 0.5707824 0.449763 0.6869649
vn 0.6409237 0.01698064 0.7674167
vn 0.5732216 -0.4533783 0.6825432
vn 0.2384072 -0.9305729 0.2778421
vn -0.3004306 -0.8804451 -0.3668213
vn -0.5707818 -0.4497627 -0.6869656
vn -0.6409235 -0.01698061 -0.767417
vn -0.5732217 0.4533783 -0.682543
vn -0.06799214 0.07072132 0.9951761
vn 0.06799214 -0.07072132 -0.9951761
vn -0.2263239 0.9513072 -0.2092659
vn 0.3085475 0.8473243 0.43225
vn 0.5722963 0.390999 0.7208306
vn 0.6370749 -0.04734205 0.7693467
vn 0.5644521 -0.5093101 0.6496131
vn 0.2263237 -0.9513073 0.2092656
vn -0.308546 -0.8473213 -0.4322568
vn -0.5722957 -0.3909986 -0.7208313
vn -0.6370747 0.04734209 -0.7693469
vn -0.5644522 0.5093101 -0.649613
vn -0.07235676 -0.002249721 0.9973763
vn 0.07235676 0.002249721 -0.9973763
vn -0.173191 0.9745122 0.1425868
vn 0.4392509 0.8806651 -0.1774478
vn 0.815514 0.4219456 -0.3961046
vn 0.8794323 -0.1259139 -0.4590693
vn 0.6689679 -0.6393623 -0.3790749
vn 0.173191 -0.9745119 -0.1425889
vn -0.4392509 -0.8806645 0.177451
vn -0.8155144 -0.4219458 0.3961035
vn -0.879433 0.125914 0.4590679
vn -0.6689693 0.6393637 0.3790701
vn -0.03205692 0.003338367 0.9994805
vn 0.03205692 -0.003338368 -0.9994805
vn -0.1627982 0.9632742 0.2135405
vn 0.4501894 0.8861447 -0.1098965
vn 0.8223257 0.4404504 -0.3602554
vn 0.8803144 -0.1019691 -0.4633021
vn 0.6635911 -0.6174147 -0.4224289
vn 0.1627982 -0.9632737 -0.2135426
vn -0.4501894 -0.8861442 0.1098998
vn -0.8223261 -0.4404505 0.3602543
vn -0.8803152 0.1019693 0.4633008
vn -0.6635925 0.6174163 0.4224242
vn -0.03721597 -0.07018398 0.9968396
vn 0.03721597 0.07018398 -0.9968396
vn -0.01638999 0.9806185 0.1952407
vn 0.52389 0.7520301 0.3999878
vn 0.8375356 0.3044573 0.4536958
vn 0.8960441 -0.2512825 0.3660083
vn 0.6071037 -0.785401 0.1207077
vn 0.01638959 -0.9806172 -0.1952471
vn -0.5238908 -0.7520311 -0.3999848
vn -0.8375345 -0.3044569 -0.4536981
vn -0.8960439 0.2512824 -0.3660089
vn -0.6071035 0.7854004 -0.1207134
vn 0.03389472 0.03257449 0.9988945
vn -0.03389472 -0.03257449 -0.9988945
vn -0.006213702 0.9636258 0.2671829
vn 0.53035 0.7141855 0.4568018
vn 0.8385839 0.2602079 0.4786113
vn 0.891202 -0.2881783 0.3503031
vn 0.5974652 -0.7992639 0.06490562
vn 0.006213349 -0.9636241 -0.2671891
vn -0.5303509 -0.7141868 -0.456799
vn -0.8385829 -0.2602074 -0.4786136
vn -0.8912018 0.2881782 -0.3503038
vn -0.5974649 0.7992637 -0.06491137
vn 0.0290674 -0.04176281 0.9987047
vn -0.0290674 0.04176281 -0.9987047
vn -0.1690673 0.9272711 0.3340426
vn 0.433063 0.8735417 0.2222189
vn 0.8883828 0.4589028 0.01357453
vn 0.9702892 -0.1394388 -0.1977267
vn 0.6857631 -0.6520378 -0.3233818
vn 0.1690671 -0.927273 -0.3340375
vn -0.4330629 -0.8735415 -0.2222203
vn -0.8883827 -0.4589028 -0.01357644
vn -0.9702891 0.1394387 0.197727
vn -0.6857631 0.6520382 0.3233809
vn -0.04729693 -0.03317282 0.9983299
vn 0.04729693 0.03317282 -0.9983299
vn -0.1602097 0.9019631 0.4009931
vn 0.4418419 0.8495671 0.2881173
vn 0.8934793 0.4461593 0.05134784
vn 0.9696501 -0.1358457 -0.2032844
vn 0.6799504 -0.6343693 -0.3677541
vn 0.1602095 -0.9019654 -0.4009881
vn -0.4418418 -0.8495667 -0.2881187
vn -0.8934793 -0.4461592 -0.05134974
vn -0.9696501 0.1358456 0.2032846
vn -0.6799504 0.6343697 0.3677533
vn -0.05286537 -0.1063287 0.9929247
vn 0.05286537 0.1063287 -0.9929247
vn -0.05860464 0.7843715 0.6175166
vn 0.2194955 0.4016892 0.8890824
vn 0.344005 0.1439959 0.9278609
vn 0.4459867 -0.1471326 0.8828635
vn 0.509436 -0.7045081 0.4941086
vn 0.05860446 -0.7843723 -0.6175157
vn -0.219497 -0.4016911 -0.8890812
vn -0.3440062 -0.1439963 -0.9278603
vn -0.4459895 0.1471335 -0.882862
vn -0.5094339 0.7045057 -0.4941141
vn -0.06345296 0.002503976 0.9979817
vn 0.06345296 -0.002503977 -0.9979817
vn -0.05286117 0.7372079 0.6735951
vn 0.2194373 0.3322507 0.9173095
vn 0.3407945 0.07094874 0.9374569
vn 0.43968 -0.2172361 0.8714873
vn 0.4987858 -0.745054 0.44284
vn 0.05286097 -0.7372087 -0.6735942
vn -0.2194388 -0.3322527 -0.9173084
vn -0.3407957 -0.07094916 -0.9374565
vn -0.4396827 0.2172369 -0.8714857
vn -0.4987837 0.745052 -0.4428457
vn -0.06861087 -0.07053626 0.9951469
vn 0.06861087 0.07053626 -0.9951469
vn -0.01385109 0.5874751 0.8091237
vn 0.2968623 0.3238489 0.8983288
vn 0.5307558 0.04116772 0.8465245
vn 0.7395082 -0.3885711 0.5496728
vn 0.5352812 -0.7845601 -0.3129529
vn 0.0138514 -0.5874721 -0.8091259
vn -0.2968596 -0.3238454 -0.898331
vn -0.5307568 -0.04116809 -0.8465237
vn -0.7395055 0.3885707 -0.5496768
vn -0.5352817 0.7845641 0.3129419
vn -0.08118375 -0.1304105 0.9881307
vn 0.08118375 0.1304105 -0.9881307
vn -0.01724709 0.6455312 0.7635392
vn 0.296931 0.3927904 0.8703722
vn 0.5339068 0.1097388 0.8383919
vn 0.7464094 -0.3383744 0.5730408
vn 0.5431103 -0.7994038 -0.256875
vn 0.01724736 -0.6455284 -0.7635416
vn -0.2969283 -0.392787 -0.8703746
vn -0.533908 -0.1097391 -0.8383911
vn -0.7464067 0.3383737 -0.5730448
vn -0.5431109 0.7994071 0.2568638
vn -0.07535076 -0.05786469 0.9954768
vn 0.07535076 0.05786469 -0.9954768
vn 0.9404214 0.3309717 0.07788061
vn 0.9034058 -0.2072808 -0.3753568
vn 0.5492942 -0.5712814 -0.6098471
vn 0.07708489 -0.7486153 -0.6585082
vn -0.488008 -0.7126236 -0.5039999
vn -0.9404215 -0.3309714 -0.07788066
vn -0.903406 0.207281 0.3753561
vn -0.5492938 0.5712803 0.6098486
vn -0.07708486 0.7486148 0.6585088
vn 0.4880086 0.7126244 0.503998
vn -0.09111995 -0.1240372 0.988085
vn 0.09111995 0.1240372 -0.988085
vn 0.9367917 0.346537 0.04830564
vn 0.9041429 -0.2241602 -0.3637002
vn 0.5533233 -0.6085292 -0.5687932
vn 0.08302611 -0.7943547 -0.6017537
vn -0.4817746 -0.7534814 -0.4473914
vn -0.9367918 -0.3465368 -0.04830571
vn -0.9041432 0.2241604 0.3636995
vn -0.5533227 0.6085283 0.5687947
vn -0.08302607 0.7943541 0.6017543
vn 0.4817752 0.7534822 0.4473895
vn -0.08536124 -0.05162591 0.9950117
vn 0.08536124 0.05162591 -0.9950117
vn 0.5358528 0.4054836 0.7405707
vn 0.7327626 -0.01341288 0.6803522
vn 0.7505302 -0.5300112 0.3947059
vn 0.3667801 -0.9109769 -0.1886626
vn -0.1854065 -0.7622125 -0.6202069
vn -0.5358535 -0.4054827 -0.7405707
vn -0.7327628 0.01341275 -0.680352
vn -0.7505304 0.53001 -0.3947069
vn -0.3667801 0.9109768 0.1886626
vn 0.1854091 0.7622136 0.6202047
vn -0.04944114 -0.08517747 0.9951383
vn 0.04944114 0.08517747 -0.9951383
vn 0.5365855 0.3432916 0.7708611
vn 0.7290127 -0.07229432 0.6806718
vn 0.7423694 -0.5665345 0.357668
vn 0.3573366 -0.8987885 -0.2539486
vn -0.1908639 -0.7120412 -0.6756985
vn -0.5365862 -0.3432907 -0.7708611
vn -0.7290128 0.07229418 -0.6806716
vn -0.7423696 0.5665334 -0.3576692
vn -0.3573367 0.8987884 0.2539486
vn 0.1908665 0.7120424 0.6756965
vn -0.05558614 -0.1579264 0.9858851
vn 0.05558614 0.1579264 -0.9858851
vn -0.282532 0.9588423 0.02823306
vn 0.3126518 0.906292 0.2844006
vn 0.7694954 0.4816628 0.4193778
vn 0.9150952 -0.09847389 0.3910292
vn 0.7395633 -0.6336066 0.2271316
vn 0.2825322 -0.9588422 -0.02823608
vn -0.3126512 -0.9062898 -0.2844084
vn -0.7694957 -0.4816632 -0.4193771
vn -0.9150964 0.09847323 -0.3910263
vn -0.7395633 0.6336064 -0.2271322
vn -0.07695127 -0.2221888 0.9719623
vn 0.07695127 0.2221888 -0.9719623
vn -0.2936684 0.9550165 -0.04126139
vn 0.3031996 0.9283583 0.2149906
vn 0.7655895 0.5201203 0.3786127
vn 0.9178802 -0.05882441 0.3924737
vn 0.7479465 -0.6065846 0.2695019
vn 0.2936686 -0.9550165 0.04125836
vn -0.3031991 -0.9283566 -0.2149985
vn -0.7655897 -0.5201205 -0.3786119
vn -0.9178815 0.05882395 -0.3924708
vn -0.7479464 0.6065844 -0.2695024
vn -0.07010918 -0.1505332 0.9861158
vn 0.07010918 0.1505332 -0.9861158
vn -0.1102517 0.9350397 0.3369649
vn 0.4938243 0.857608 0.1436878
vn 0.8978778 0.4263026 -0.1099163
vn 0.9386848 -0.1504746 -0.3102069
vn 0.6445337 -0.6553365 -0.3938408
vn 0.1102517 -0.9350404 -0.336963
vn -0.4938244 -0.8576071 -0.1436927
vn -0.8978772 -0.4263029 0.1099203
vn -0.9386834 0.1504736 0.3102116
vn -0.6445341 0.655337 0.3938392
vn -0.006015017 -0.1400526 0.9901258
vn 0.006015017 0.1400526 -0.9901258
vn -0.1197802 0.9560882 0.2674848
vn 0.4843197 0.8714677 0.07732125
vn 0.8923142 0.4272206 -0.1458012
vn 0.9390338 -0.162291 -0.3031124
vn 0.6504824 -0.6752807 -0.347662
vn 0.1197802 -0.9560887 -0.2674829
vn -0.4843198 -0.8714672 -0.07732627
vn -0.8923135 -0.4272206 0.1458052
vn -0.9390324 0.1622904 0.3031173
vn -0.6504827 0.6752811 0.3476604
vn -6.580352E-05 -0.066474 0.9977881
vn 6.580373E-05 0.066474 -0.9977881
vn -0.2384074 0.9305727 -0.2778425
vn 0.3004319 0.8804476 0.3668142
vn 0.5707822 0.4497631 0.6869649
vn 0.6409237 0.01698072 0.7674168
vn 0.5732216 -0.4533782 0.6825432
vn 0.2384072 -0.9305728 0.2778422
vn -0.3004305 -0.8804452 -0.3668212
vn -0.5707816 -0.4497628 -0.6869656
vn -0.6409235 -0.01698069 -0.767417
vn -0.5732216 0.4533782 -0.6825432
vn -0.06799214 0.07072143 0.9951761
vn 0.06799214 -0.07072143 -0.9951761
vn -0.2263239 0.9513072 -0.2092659
vn 0.3085475 0.8473243 0.43225
vn 0.5722963 0.390999 0.7208306
vn 0.6370749 -0.04734205 0.7693467
vn 0.5644521 -0.5093101 0.6496131
vn 0.2263237 -0.9513073 0.2092656
vn -0.308546 -0.8473213 -0.4322568
vn -0.5722957 -0.3909986 -0.7208313
vn -0.6370747 0.04734209 -0.7693469
vn -0.5644522 0.5093101 -0.649613
vn -0.07235676 -0.002249721 0.9973763
vn 0.07235676 0.002249721 -0.9973763
vn -0.173191 0.9745122 0.1425867
vn 0.4392508 0.8806652 -0.1774479
vn 0.815514 0.4219456 -0.3961047
vn 0.8794322 -0.125914 -0.4590693
vn 0.6689679 -0.6393625 -0.3790748
vn 0.173191 -0.9745118 -0.1425888
vn -0.4392507 -0.8806645 0.1774511
vn -0.8155144 -0.4219459 0.3961036
vn -0.8794329 0.1259141 0.4590679
vn -0.6689693 0.6393638 0.37907
vn -0.03205691 0.003338493 0.9994805
vn 0.03205691 -0.003338493 -0.9994805
vn -0.1627982 0.9632742 0.2135405
vn 0.4501894 0.8861447 -0.1098965
vn 0.8223257 0.4404504 -0.3602554
vn 0.8803144 -0.1019691 -0.4633021
vn 0.6635911 -0.6174147 -0.4224289
vn 0.1627982 -0.9632737 -0.2135426
vn -0.4501894 -0.8861442 0.1098998
vn -0.8223261 -0.4404505 0.3602543
vn -0.8803152 0.1019693 0.4633008
vn -0.6635925 0.6174163 0.4224242
vn -0.03721597 -0.07018398 0.9968396
vn 0.03721597 0.07018398 -0.9968396
vn -0.01638999 0.9806185 0.1952407
vn 0.52389 0.7520301 0.3999878
vn 0.8375356 0.3044573 0.4536958
vn 0.8960441 -0.2512825 0.3660083
vn 0.6071037 -0.785401 0.1207077
vn 0.01638959 -0.9806172 -0.1952471
vn -0.5238908 -0.7520311 -0.3999848
vn -0.8375345 -0.3044569 -0.4536981
vn -0.8960439 0.2512824 -0.3660089
vn -0.6071035 0.7854004 -0.1207134
vn 0.03389472 0.03257449 0.9988945
vn -0.03389472 -0.03257449 -0.9988945
vn -0.006213702 0.9636258 0.2671829
vn 0.53035 0.7141855 0.4568018
vn 0.8385839 0.2602079 0.4786113
vn 0.891202 -0.2881783 0.3503031
vn 0.5974652 -0.7992639 0.06490562
vn 0.006213349 -0.9636241 -0.2671891
vn -0.5303509 -0.7141868 -0.456799
vn -0.8385829 -0.2602074 -0.4786136
vn -0.8912018 0.2881782 -0.3503038
vn -0.5974649 0.7992637 -0.06491137
vn 0.0290674 -0.04176281 0.9987047
vn -0.0290674 0.04176281 -0.9987047
vn -0.1690673 0.9272711 0.3340426
vn 0.433063 0.8735417 0.2222189
vn 0.8883828 0.4589028 0.01357453
vn 0.9702892 -0.1394388 -0.1977267
vn 0.6857631 -0.6520378 -0.3233818
vn 0.1690671 -0.927273 -0.3340375
vn -0.4330629 -0.8735415 -0.2222203
vn -0.8883827 -0.4589028 -0.01357644
vn -0.9702891 0.1394387 0.197727
vn -0.6857631 0.6520382 0.3233809
vn -0.04729693 -0.03317282 0.9983299
vn 0.04729693 0.03317282 -0.9983299
vn -0.1602097 0.9019631 0.4009931
vn 0.4418419 0.8495671 0.2881173
vn 0.8934793 0.4461593 0.05134784
vn 0.9696501 -0.1358457 -0.2032844
vn 0.6799504 -0.6343693 -0.3677541
vn 0.1602095 -0.9019654 -0.4009881
vn -0.4418418 -0.8495667 -0.2881187
vn -0.8934793 -0.4461592 -0.05134974
vn -0.9696501 0.1358456 0.2032846
vn -0.6799504 0.6343697 0.3677533
vn -0.05286537 -0.1063287 0.9929247
vn 0.05286537 0.1063287 -0.9929247
vn -0.05860464 0.7843715 0.6175166
vn 0.2194955 0.4016892 0.8890824
vn 0.344005 0.1439959 0.9278609
vn 0.4459867 -0.1471326 0.8828635
vn 0.509436 -0.7045081 0.4941086
vn 0.05860446 -0.7843723 -0.6175157
vn -0.219497 -0.4016911 -0.8890812
vn -0.3440062 -0.1439963 -0.9278603
vn -0.4459895 0.1471335 -0.882862
vn -0.5094339 0.7045057 -0.4941141
vn -0.06345296 0.002503976 0.9979817
vn 0.06345296 -0.002503977 -0.9979817
vn -0.05286117 0.7372079 0.6735951
vn 0.2194373 0.3322507 0.9173095
vn 0.3407945 0.07094874 0.9374569
vn 0.43968 -0.2172361 0.8714873
vn 0.4987858 -0.745054 0.44284
vn 0.05286097 -0.7372087 -0.6735942
vn -0.2194388 -0.3322527 -0.9173084
vn -0.3407957 -0.07094916 -0.9374565
vn -0.4396827 0.2172369 -0.8714857
vn -0.4987837 0.745052 -0.4428457
vn -0.06861087 -0.07053626 0.9951469
vn 0.06861087 0.07053626 -0.9951469
vn -0.01385109 0.5874751 0.8091237
vn 0.2968623 0.3238489 0.8983288
vn 0.5307558 0.04116772 0.8465245
vn 0.7395082 -0.3885711 0.5496728
vn 0.5352812 -0.7845601 -0.3129529
vn 0.0138514 -0.5874721 -0.8091259
vn -0.2968596 -0.3238454 -0.898331
vn -0.5307568 -0.04116809 -0.8465237
vn -0.7395055 0.3885707 -0.5496768
vn -0.5352817 0.7845641 0.3129419
vn -0.08118375 -0.1304105 0.9881307
vn 0.08118375 0.1304105 -0.9881307
vn -0.01724709 0.6455312 0.7635392
vn 0.296931 0.3927904 0.8703722
vn 0.5339068 0.1097388 0.8383919
vn 0.7464094 -0.3383744 0.5730408
vn 0.5431103 -0.7994038 -0.256875
vn 0.01724736 -0.6455284 -0.7635416
vn -0.2969283 -0.392787 -0.8703746
vn -0.533908 -0.1097391 -0.8383911
vn -0.7464067 0.3383737 -0.5730448
vn -0.5431109 0.7994071 0.2568638
vn -0.07535076 -0.05786469 0.9954768
vn 0.07535076 0.05786469 -0.9954768
vn 0.9254096 0.3706968 0.07874653
vn 0.9085427 -0.158008 -0.3867605
vn 0.5689974 -0.531903 -0.6271533
vn 0.1047409 -0.7289481 -0.6765088
vn -0.4600774 -0.7217956 -0.5170493
vn -0.9254097 -0.3706965 -0.07874657
vn -0.9085429 0.1580083 0.3867598
vn -0.5689968 0.5319019 0.6271547
vn -0.1047408 0.7289476 0.6765093
vn 0.460078 0.7217965 0.5170475
vn -0.07723027 -0.1508749 0.9855315
vn 0.07723027 0.1508749 -0.9855315
vn 0.9208442 0.3867667 0.04957405
vn 0.9101267 -0.1751037 -0.3755105
vn 0.5750213 -0.5698764 -0.5870191
vn 0.1131838 -0.7756813 -0.6208929
vn -0.4515607 -0.763637 -0.4614667
vn -0.9208443 -0.3867664 -0.04957411
vn -0.9101269 0.1751039 0.3755099
vn -0.5750207 0.5698755 0.5870206
vn -0.1131837 0.7756807 0.6208936
vn 0.4515613 0.7636378 0.4614648
vn -0.0746362 -0.07845951 0.9941195
vn 0.0746362 0.07845951 -0.9941195
vn 0.5235022 0.4116884 0.7459613
vn 0.7383149 0.003503154 0.6744471
vn 0.7766184 -0.5050202 0.376588
vn 0.4052926 -0.8890848 -0.2127587
vn -0.1565572 -0.7551263 -0.6366114
vn -0.5235029 -0.4116875 -0.7459612
vn -0.738315 -0.003503297 -0.6744469
vn -0.7766186 0.5050191 -0.3765891
vn -0.4052926 0.8890848 0.2127586
vn 0.1565598 0.7551275 0.6366093
vn -0.0372611 -0.1103687 0.9931921
vn 0.0372611 0.1103687 -0.9931921
vn 0.5272507 0.3489049 0.7747722
vn 0.7371871 -0.05547843 0.6734073
vn 0.7697779 -0.5410019 0.3387611
vn 0.39477 -0.875818 -0.2776683
vn -0.164703 -0.7039741 -0.6908643
vn -0.5272514 -0.348904 -0.7747722
vn -0.7371873 0.05547827 -0.6734071
vn -0.7697781 0.5410008 -0.3387623
vn -0.39477 0.8758179 0.2776682
vn 0.1647055 0.7039755 0.6908622
vn -0.04024576 -0.183085 0.982273
vn 0.04024576 0.183085 -0.982273
vn -0.3246026 0.9443708 0.0528867
vn 0.2744554 0.9124926 0.303367
vn 0.7508278 0.5056475 0.424945
vn 0.9218133 -0.06660251 0.3818695
vn 0.7688597 -0.605085 0.206705
vn 0.3246028 -0.9443706 -0.05288972
vn -0.274455 -0.9124901 -0.3033747
vn -0.7508281 -0.5056478 -0.4249443
vn -0.9218146 0.06660172 -0.3818666
vn -0.7688596 0.6050848 -0.2067056
vn -0.05885103 -0.2478962 0.9669974
vn 0.05885103 0.2478962 -0.9669974
vn -0.3361403 0.9416657 -0.01659468
vn 0.2634507 0.93572 0.2345673
vn 0.7448758 0.544828 0.3851267
vn 0.9228464 -0.02691253 0.3842268
vn 0.7763891 -0.5787066 0.2496371
vn 0.3361405 -0.9416657 0.01659166
vn -0.2634503 -0.9357181 -0.2345753
vn -0.744876 -0.5448282 -0.3851258
vn -0.9228477 0.02691195 -0.3842239
vn -0.7763891 0.5787064 -0.2496376
vn -0.05508018 -0.1763546 0.9827845
vn 0.05508018 0.1763546 -0.9827845
vn -0.1488519 0.921119 0.3596983
vn 0.4564255 0.8752175 0.1602192
vn 0.8770997 0.4683671 -0.1064353
vn 0.9418083 -0.1012122 -0.3205514
vn 0.6696849 -0.6166162 -0.4138921
vn 0.1488519 -0.9211198 -0.3596964
vn -0.4564257 -0.8752165 -0.1602242
vn -0.877099 -0.4683675 0.1064393
vn -0.9418069 0.1012111 0.3205561
vn -0.6696853 0.6166168 0.4138906
vn 0.008516355 -0.1631206 0.9865694
vn -0.008516355 0.1631206 -0.9865694
vn -0.1598885 0.943328 0.2908058
vn 0.4457583 0.8901757 0.09426975
vn 0.8712 0.4698687 -0.1422464
vn 0.9427415 -0.1131623 -0.3137401
vn 0.6769008 -0.6373411 -0.3682413
vn 0.1598885 -0.9433286 -0.2908039
vn -0.4457585 -0.890175 -0.09427477
vn -0.8711993 -0.4698687 0.1422505
vn -0.94274 0.1131617 0.3137449
vn -0.6769013 0.6373416 0.3682397
vn 0.01125498 -0.08954825 0.9959189
vn -0.01125498 0.08954825 -0.9959189
vn -0.2818342 0.9252082 -0.2540856
vn 0.2640872 0.8842233 0.3852364
vn 0.555979 0.4587141 0.6931585
vn 0.6459497 0.0277411 0.7628757
vn 0.5985007 -0.4430733 0.6674452
vn 0.281834 -0.9252083 0.2540853
vn -0.264086 -0.8842207 -0.3852434
vn -0.5559785 -0.4587137 -0.6931592
vn -0.6459495 -0.02774106 -0.762876
vn -0.5985007 0.4430734 -0.6674451
vn -0.06271869 0.04450447 0.9970385
vn 0.06271869 -0.04450447 -0.9970385
vn -0.2701089 0.944864 -0.1851304
vn 0.2742149 0.8499854 0.4498123
vn 0.5603862 0.399306 0.7256185
vn 0.6449785 -0.03671676 0.7633182
vn 0.5919486 -0.4985614 0.6332721
vn 0.2701087 -0.9448641 0.1851301
vn -0.2742136 -0.8499821 -0.4498191
vn -0.5603856 -0.3993056 -0.7256192
vn -0.6449783 0.03671682 -0.7633184
vn -0.5919486 0.4985614 -0.633272
vn -0.06381863 -0.02861987 0.9975511
vn 0.06381863 0.02861987 -0.9975511
vn -0.2151105 0.9622446 0.1667714
vn 0.3981903 0.9032633 -0.1598745
vn 0.7926136 0.4669829 -0.3920341
vn 0.8802769 -0.07587115 -0.4683547
vn 0.6935084 -0.599915 -0.3989338
vn 0.2151105 -0.9622443 -0.1667735
vn -0.3981903 -0.9032627 0.1598777
vn -0.792614 -0.4669831 0.392033
vn -0.8802778 0.07587124 0.4683533
vn -0.6935099 0.5999164 0.3989291
vn -0.02379072 -0.02128986 0.9994903
vn 0.02379072 0.02128986 -0.9994903
vn -0.2036339 0.9498379 0.237363
vn 0.409441 0.9076562 -0.09229473
vn 0.798897 0.4849361 -0.3558098
vn 0.8800589 -0.05181897 -0.4720288
vn 0.6867984 -0.5772286 -0.4417185
vn 0.2036339 -0.9498374 -0.237365
vn -0.409441 -0.9076559 0.09229802
vn -0.7988974 -0.4849363 0.3558087
vn -0.8800597 0.05181915 0.4720274
vn -0.6867998 0.5772303 0.4417138
vn -0.02570036 -0.09488854 0.9951561
vn 0.02570036 0.09488853 -0.9951561
vn -0.05829959 0.974116 0.2184018
vn 0.4933 0.7651665 0.4137335
vn 0.8269587 0.3309049 0.4545783
vn 0.9093605 -0.219487 0.3533963
vn 0.6423864 -0.7601265 0.09771048
vn 0.05829908 -0.9741145 -0.2184081
vn -0.4933007 -0.7651677 -0.4137306
vn -0.8269576 -0.3309045 -0.4545805
vn -0.9093603 0.2194869 -0.353397
vn -0.6423862 0.760126 -0.0977162
vn 0.04078987 0.01086457 0.9991087
vn -0.04078987 -0.01086457 -0.9991087
vn -0.04677539 0.9559293 0.289847
vn 0.5019112 0.7263396 0.4695913
vn 0.8301807 0.28618 0.4784361
vn 0.9060307 -0.2561877 0.3368623
vn 0.6329055 -0.7731068 0.04166964
vn 0.04677491 -0.9559275 -0.2898532
vn -0.501912 -0.7263409 -0.4695884
vn -0.8301796 -0.2861795 -0.4784383
vn -0.9060305 0.2561876 -0.336863
vn -0.6329053 0.7731068 -0.0416754
vn 0.0392684 -0.06358954 0.9972034
vn -0.0392684 0.06358954 -0.9972034
vn -0.2072866 0.9108045 0.357026
vn 0.3956771 0.8865981 0.2395481
vn 0.8672017 0.4976368 0.01785562
vn 0.9738334 -0.0913907 -0.2080777
vn 0.7113165 -0.6131176 -0.3436798
vn 0.2072865 -0.9108064 -0.3570209
vn -0.3956771 -0.8865978 -0.2395495
vn -0.8672017 -0.4976367 -0.01785753
vn -0.9738334 0.0913906 0.208078
vn -0.7113165 0.613118 0.343679
vn -0.03740264 -0.05840812 0.9975919
vn 0.03740264 0.05840812 -0.9975919
vn -0.1967524 0.8843698 0.4232949
vn 0.4060646 0.8615162 0.3047974
vn 0.8731759 0.4842602 0.05527993
vn 0.9729888 -0.08770162 -0.2135443
vn 0.7043527 -0.5947009 -0.3875797
vn 0.1967523 -0.8843722 -0.42329
vn -0.4060645 -0.8615158 -0.3047987
vn -0.8731759 -0.48426 -0.05528182
vn -0.9729888 0.08770151 0.2135446
vn -0.7043528 0.5947014 0.387579
vn -0.03976077 -0.1315946 0.9905059
vn 0.03976077 0.1315946 -0.9905059
vn -0.08821136 0.7664347 0.6362364
vn 0.2088824 0.39034 0.896662
vn 0.3450377 0.137627 0.9284437
vn 0.459471 -0.1475397 0.8758529
vn 0.5443563 -0.6923582 0.4736205
vn 0.08821122 -0.7664354 -0.6362354
vn -0.2088838 -0.3903421 -0.8966609
vn -0.3450388 -0.1376275 -0.9284433
vn -0.4594738 0.1475404 -0.8758515
vn -0.5443541 0.6923561 -0.4736261
vn -0.05512988 -0.02348928 0.9982029
vn 0.05512988 0.02348928 -0.9982029
vn -0.07990837 0.7182856 0.6911444
vn 0.2121456 0.3203319 0.9232453
vn 0.3451559 0.06430648 0.9363397
vn 0.4561895 -0.2175718 0.8628753
vn 0.5350883 -0.732138 0.4214908
vn 0.07990822 -0.7182865 -0.6911435
vn -0.212147 -0.3203339 -0.9232442
vn -0.3451571 -0.06430697 -0.9363393
vn -0.4561923 0.2175724 -0.8628737
vn -0.5350862 0.7321362 -0.4214966
vn -0.05706169 -0.09660129 0.9936861
vn 0.05706169 0.09660129 -0.9936861
vn -0.03314985 0.5673375 0.8228179
vn 0.2897054 0.3158352 0.9035037
vn 0.5354832 0.04514746 0.8433383
vn 0.7606238 -0.3678469 0.5349208
vn 0.5669632 -0.752427 -0.3352705
vn 0.03315001 -0.5673345 -0.82282
vn -0.2897028 -0.3158316 -0.9035057
vn -0.5354844 -0.04514789 -0.8433376
vn -0.760621 0.3678466 -0.5349247
vn -0.566964 0.7524313 0.3352596
vn -0.06702071 -0.1567976 0.9853541
vn 0.06702071 0.1567976 -0.9853541
vn -0.03950374 0.6262263 0.77864
vn 0.2864769 0.385341 0.8771791
vn 0.5355167 0.1139608 0.8368003
vn 0.765484 -0.3179482 0.5594133
vn 0.575914 -0.768204 -0.2796172
vn 0.03950386 -0.6262234 -0.7786422
vn -0.2864744 -0.3853375 -0.8771815
vn -0.5355179 -0.1139612 -0.8367996
vn -0.7654814 0.3179477 -0.5594172
vn -0.5759148 0.7682074 0.279606
vn -0.0643548 -0.08425418 0.994364
vn 0.0643548 0.08425418 -0.994364
vn 0.9367917 0.346537 0.04830564
vn 0.9041429 -0.2241602 -0.3637002
vn 0.5533233 -0.6085292 -0.5687932
vn 0.08302611 -0.7943547 -0.6017537
vn -0.4817746 -0.7534814 -0.4473914
vn -0.9367918 -0.3465368 -0.04830571
vn -0.9041432 0.2241604 0.3636995
vn -0.5533227 0.6085283 0.5687947
vn -0.08302607 0.7943541 0.6017543
vn 0.4817752 0.7534822 0.4473895
vn -0.08536124 -0.05162591 0.9950117
vn 0.08536124 0.05162591 -0.9950117
vn 0.9404214 0.3309717 0.07788061
vn 0.9034058 -0.2072808 -0.3753568
vn 0.5492942 -0.5712814 -0.6098471
vn 0.07708489 -0.7486153 -0.6585082
vn -0.488008 -0.7126236 -0.5039999
vn -0.9404215 -0.3309714 -0.07788066
vn -0.903406 0.207281 0.3753561
vn -0.5492938 0.5712803 0.6098486
vn -0.07708486 0.7486148 0.6585088
vn 0.4880086 0.7126244 0.503998
vn -0.09111995 -0.1240372 0.988085
vn 0.09111995 0.1240372 -0.988085
vn 0.5358528 0.4054836 0.7405707
vn 0.7327626 -0.01341288 0.6803522
vn 0.7505302 -0.5300112 0.3947059
vn 0.3667801 -0.9109769 -0.1886626
vn -0.1854065 -0.7622125 -0.6202069
vn -0.5358535 -0.4054827 -0.7405707
vn -0.7327628 0.01341275 -0.680352
vn -0.7505304 0.53001 -0.3947069
vn -0.3667801 0.9109768 0.1886626
vn 0.1854091 0.7622136 0.6202047
vn -0.04944114 -0.08517747 0.9951383
vn 0.04944114 0.08517747 -0.9951383
vn 0.5365855 0.3432916 0.7708611
vn 0.7290127 -0.07229432 0.6806718
vn 0.7423694 -0.5665345 0.357668
vn 0.3573366 -0.8987885 -0.2539486
vn -0.1908639 -0.7120412 -0.6756985
vn -0.5365862 -0.3432907 -0.7708611
vn -0.7290128 0.07229418 -0.6806716
vn -0.7423696 0.5665334 -0.3576692
vn -0.3573367 0.8987884 0.2539486
vn 0.1908665 0.7120424 0.6756965
vn -0.05558614 -0.1579264 0.9858851
vn 0.05558614 0.1579264 -0.9858851
vn -0.282532 0.9588423 0.02823306
vn 0.3126518 0.906292 0.2844006
vn 0.7694954 0.4816628 0.4193778
vn 0.9150952 -0.09847389 0.3910292
vn 0.7395633 -0.6336066 0.2271316
vn 0.2825322 -0.9588422 -0.02823608
vn -0.3126512 -0.9062898 -0.2844084
vn -0.7694957 -0.4816632 -0.4193771
vn -0.9150964 0.09847323 -0.3910263
vn -0.7395633 0.6336064 -0.2271322
vn -0.07695127 -0.2221888 0.9719623
vn 0.07695127 0.2221888 -0.9719623
vn -0.2936684 0.9550165 -0.04126139
vn 0.3031996 0.9283583 0.2149906
vn 0.7655895 0.5201203 0.3786127
vn 0.9178802 -0.05882441 0.3924737
vn 0.7479465 -0.6065846 0.2695019
vn 0.2936686 -0.9550165 0.04125836
vn -0.3031991 -0.9283566 -0.2149985
vn -0.7655897 -0.5201205 -0.3786119
vn -0.9178815 0.05882395 -0.3924708
vn -0.7479464 0.6065844 -0.2695024
vn -0.07010918 -0.1505332 0.9861158
vn 0.07010918 0.1505332 -0.9861158
vn -0.1102517 0.9350397 0.3369649
vn 0.4938243 0.857608 0.1436878
vn 0.8978778 0.4263026 -0.1099163
vn 0.9386848 -0.1504746 -0.3102069
vn 0.6445337 -0.6553365 -0.3938408
vn 0.1102517 -0.9350404 -0.336963
vn -0.4938244 -0.8576071 -0.1436927
vn -0.8978772 -0.4263029 0.1099203
vn -0.9386834 0.1504736 0.3102116
vn -0.6445341 0.655337 0.3938392
vn -0.006015017 -0.1400526 0.9901258
vn 0.006015017 0.1400526 -0.9901258
vn -0.1197802 0.9560882 0.2674848
vn 0.4843197 0.8714677 0.07732125
vn 0.8923142 0.4272206 -0.1458012
vn 0.9390338 -0.162291 -0.3031124
vn 0.6504824 -0.6752807 -0.347662
vn 0.1197802 -0.9560887 -0.2674829
vn -0.4843198 -0.8714672 -0.07732627
vn -0.8923135 -0.4272206 0.1458052
vn -0.9390324 0.1622904 0.3031173
vn -0.6504827 0.6752811 0.3476604
vn -6.580352E-05 -0.066474 0.9977881
vn 6.580373E-05 0.066474 -0.9977881
vn -0.2384074 0.9305727 -0.2778425
vn 0.3004319 0.8804476 0.3668142
vn 0.5707822 0.4497631 0.6869649
vn 0.6409237 0.01698072 0.7674168
vn 0.5732216 -0.4533782 0.6825432
vn 0.2384072 -0.9305728 0.2778422
vn -0.3004305 -0.8804452 -0.3668212
vn -0.5707816 -0.4497628 -0.6869656
vn -0.6409235 -0.01698069 -0.767417
vn -0.5732216 0.4533782 -0.6825432
vn -0.06799214 0.07072143 0.9951761
vn 0.06799214 -0.07072143 -0.9951761
vn -0.2263239 0.9513072 -0.2092659
vn 0.3085475 0.8473243 0.43225
vn 0.5722963 0.390999 0.7208306
vn 0.6370749 -0.04734205 0.7693467
vn 0.5644521 -0.5093101 0.6496131
vn 0.2263237 -0.9513073 0.2092656
vn -0.308546 -0.8473213 -0.4322568
vn -0.5722957 -0.3909986 -0.7208313
vn -0.6370747 0.04734209 -0.7693469
vn -0.5644522 0.5093101 -0.649613
vn -0.07235676 -0.002249721 0.9973763
vn 0.07235676 0.002249721 -0.9973763
vn -0.173191 0.9745122 0.1425867
vn 0.4392508 0.8806652 -0.1774479
vn 0.815514 0.4219456 -0.3961047
vn 0.8794322 -0.125914 -0.4590693
vn 0.6689679 -0.6393625 -0.3790748
vn 0.173191 -0.9745118 -0.1425888
vn -0.4392507 -0.8806645 0.1774511
vn -0.8155144 -0.4219459 0.3961036
vn -0.8794329 0.1259141 0.4590679
vn -0.6689693 0.6393638 0.37907
vn -0.03205691 0.003338493 0.9994805
vn 0.03205691 -0.003338493 -0.9994805
vn -0.1627982 0.9632742 0.2135405
vn 0.4501894 0.8861447 -0.1098965
vn 0.8223257 0.4404504 -0.3602554
vn 0.8803144 -0.1019691 -0.4633021
vn 0.6635911 -0.6174147 -0.4224289
vn 0.1627982 -0.9632737 -0.2135426
vn -0.4501894 -0.8861442 0.1098998
vn -0.8223261 -0.4404505 0.3602543
vn -0.8803152 0.1019693 0.4633008
vn -0.6635925 0.6174163 0.4224242
vn -0.03721597 -0.07018398 0.9968396
vn 0.03721597 0.07018398 -0.9968396
vn -0.01638999 0.9806185 0.1952407
vn 0.52389 0.7520301 0.3999878
vn 0.8375356 0.3044573 0.4536958
vn 0.8960441 -0.2512825 0.3660083
vn 0.6071037 -0.785401 0.1207077
vn 0.01638959 -0.9806172 -0.1952471
vn -0.5238908 -0.7520311 -0.3999848
vn -0.8375345 -0.3044569 -0.4536981
vn -0.8960439 0.2512824 -0.3660089
vn -0.6071035 0.7854004 -0.1207134
vn 0.03389472 0.03257449 0.9988945
vn -0.03389472 -0.03257449 -0.9988945
vn -0.006213702 0.9636258 0.2671829
vn 0.53035 0.7141855 0.4568018
vn 0.8385839 0.2602079 0.4786113
vn 0.891202 -0.2881783 0.3503031
vn 0.5974652 -0.7992639 0.06490562
vn 0.006213349 -0.9636241 -0.2671891
vn -0.5303509 -0.7141868 -0.456799
vn -0.8385829 -0.2602074 -0.4786136
vn -0.8912018 0.2881782 -0.3503038
vn -0.5974649 0.7992637 -0.06491137
vn 0.0290674 -0.04176281 0.9987047
vn -0.0290674 0.04176281 -0.9987047
vn -0.1690673 0.9272711 0.3340426
vn 0.433063 0.8735417 0.2222189
vn 0.8883828 0.4589028 0.01357453
vn 0.9702892 -0.1394388 -0.1977267
vn 0.6857631 -0.6520378 -0.3233818
vn 0.1690671 -0.927273 -0.3340375
vn -0.4330629 -0.8735415 -0.2222203
vn -0.8883827 -0.4589028 -0.01357644
vn -0.9702891 0.1394387 0.197727
vn -0.6857631 0.6520382 0.3233809
vn -0.04729693 -0.03317282 0.9983299
vn 0.04729693 0.03317282 -0.9983299
vn -0.1602097 0.9019631 0.4009931
vn 0.4418419 0.8495671 0.2881173
vn 0.8934793 0.4461593 0.05134784
vn 0.9696501 -0.1358457 -0.2032844
vn 0.6799504 -0.6343693 -0.3677541
vn 0.1602095 -0.9019654 -0.4009881
vn -0.4418418 -0.8495667 -0.2881187
vn -0.8934793 -0.4461592 -0.05134974
vn -0.9696501 0.1358456 0.2032846
vn -0.6799504 0.6343697 0.3677533
vn -0.05286537 -0.1063287 0.9929247
vn 0.05286537 0.1063287 -0.9929247
vn -0.05860464 0.7843715 0.6175166
vn 0.2194955 0.4016892 0.8890824
vn 0.344005 0.1439959 0.9278609
vn 0.4459867 -0.1471326 0.8828635
vn 0.509436 -0.7045081 0.4941086
vn 0.05860446 -0.7843723 -0.6175157
vn -0.219497 -0.4016911 -0.8890812
vn -0.3440062 -0.1439963 -0.9278603
vn -0.4459895 0.1471335 -0.882862
vn -0.5094339 0.7045057 -0.4941141
vn -0.06345296 0.002503976 0.9979817
vn 0.06345296 -0.002503977 -0.9979817
vn -0.05286117 0.7372079 0.6735951
vn 0.2194373 0.3322507 0.9173095
vn 0.3407945 0.07094874 0.9374569
vn 0.43968 -0.2172361 0.8714873
vn 0.4987858 -0.745054 0.44284
vn 0.05286097 -0.7372087 -0.6735942
vn -0.2194388 -0.3322527 -0.9173084
vn -0.3407957 -0.07094916 -0.9374565
vn -0.4396827 0.2172369 -0.8714857
vn -0.4987837 0.745052 -0.4428457
vn -0.06861087 -0.07053626 0.9951469
vn 0.06861087 0.07053626 -0.9951469
vn -0.01385109 0.5874751 0.8091237
vn 0.2968623 0.3238489 0.8983288
vn 0.5307558 0.04116772 0.8465245
vn 0.7395082 -0.3885711 0.5496728
vn 0.5352812 -0.7845601 -0.3129529
vn 0.0138514 -0.5874721 -0.8091259
vn -0.2968596 -0.3238454 -0.898331
vn -0.5307568 -0.04116809 -0.8465237
vn -0.7395055 0.3885707 -0.5496768
vn -0.5352817 0.7845641 0.3129419
vn -0.08118375 -0.1304105 0.9881307
vn 0.08118375 0.1304105 -0.9881307
vn -0.01724709 0.6455312 0.7635392
vn 0.296931 0.3927904 0.8703722
vn 0.5339068 0.1097388 0.8383919
vn 0.7464094 -0.3383744 0.5730408
vn 0.5431103 -0.7994038 -0.256875
vn 0.01724736 -0.6455284 -0.7635416
vn -0.2969283 -0.392787 -0.8703746
vn -0.533908 -0.1097391 -0.8383911
vn -0.7464067 0.3383737 -0.5730448
vn -0.5431109 0.7994071 0.2568638
vn -0.07535076 -0.05786469 0.9954768
vn 0.07535076 0.05786469 -0.9954768
vn 0.9254096 0.3706968 0.07874653
vn 0.9085427 -0.158008 -0.3867605
vn 0.5689974 -0.531903 -0.6271533
vn 0.1047409 -0.7289481 -0.6765088
vn -0.4600774 -0.7217956 -0.5170493
vn -0.9254097 -0.3706965 -0.07874657
vn -0.9085429 0.1580083 0.3867598
vn -0.5689968 0.5319019 0.6271547
vn -0.1047408 0.7289476 0.6765093
vn 0.460078 0.7217965 0.5170475
vn -0.07723027 -0.1508749 0.9855315
vn 0.07723027 0.1508749 -0.9855315
vn 0.9208442 0.3867667 0.04957405
vn 0.9101267 -0.1751037 -0.3755105
vn 0.5750213 -0.5698764 -0.5870191
vn 0.1131838 -0.7756813 -0.6208929
vn -0.4515607 -0.763637 -0.4614667
vn -0.9208443 -0.3867664 -0.04957411
vn -0.9101269 0.1751039 0.3755099
vn -0.5750207 0.5698755 0.5870206
vn -0.1131837 0.7756807 0.6208936
vn 0.4515613 0.7636378 0.4614648
vn -0.0746362 -0.07845951 0.9941195
vn 0.0746362 0.07845951 -0.9941195
vn 0.5235022 0.4116884 0.7459613
vn 0.7383149 0.003503154 0.6744471
vn 0.7766184 -0.5050202 0.376588
vn 0.4052926 -0.8890848 -0.2127587
vn -0.1565572 -0.7551263 -0.6366114
vn -0.5235029 -0.4116875 -0.7459612
vn -0.738315 -0.003503297 -0.6744469
vn -0.7766186 0.5050191 -0.3765891
vn -0.4052926 0.8890848 0.2127586
vn 0.1565598 0.7551275 0.6366093
vn -0.0372611 -0.1103687 0.9931921
vn 0.0372611 0.1103687 -0.9931921
vn 0.5272507 0.3489049 0.7747722
vn 0.7371871 -0.05547843 0.6734073
vn 0.7697779 -0.5410019 0.3387611
vn 0.39477 -0.875818 -0.2776683
vn -0.164703 -0.7039741 -0.6908643
vn -0.5272514 -0.348904 -0.7747722
vn -0.7371873 0.05547827 -0.6734071
vn -0.7697781 0.5410008 -0.3387623
vn -0.39477 0.8758179 0.2776682
vn 0.1647055 0.7039755 0.6908622
vn -0.04024576 -0.183085 0.982273
vn 0.04024576 0.183085 -0.982273
vn -0.3246026 0.9443708 0.0528867
vn 0.2744554 0.9124926 0.303367
vn 0.7508278 0.5056475 0.424945
vn 0.9218133 -0.06660251 0.3818695
vn 0.7688597 -0.605085 0.206705
vn 0.3246028 -0.9443706 -0.05288972
vn -0.274455 -0.9124901 -0.3033747
vn -0.7508281 -0.5056478 -0.4249443
vn -0.9218146 0.06660172 -0.3818666
vn -0.7688596 0.6050848 -0.2067056
vn -0.05885103 -0.2478962 0.9669974
vn 0.05885103 0.2478962 -0.9669974
vn -0.3361403 0.9416657 -0.01659468
vn 0.2634507 0.93572 0.2345673
vn 0.7448758 0.544828 0.3851267
vn 0.9228464 -0.02691253 0.3842268
vn 0.7763891 -0.5787066 0.2496371
vn 0.3361405 -0.9416657 0.01659166
vn -0.2634503 -0.9357181 -0.2345753
vn -0.744876 -0.5448282 -0.3851258
vn -0.9228477 0.02691195 -0.3842239
vn -0.7763891 0.5787064 -0.2496376
vn -0.05508018 -0.1763546 0.9827845
vn 0.05508018 0.1763546 -0.9827845
vn -0.1488519 0.921119 0.3596983
vn 0.4564255 0.8752175 0.1602192
vn 0.8770997 0.4683671 -0.1064353
vn 0.9418083 -0.1012122 -0.3205514
vn 0.6696849 -0.6166162 -0.4138921
vn 0.1488519 -0.9211198 -0.3596964
vn -0.4564257 -0.8752165 -0.1602242
vn -0.877099 -0.4683675 0.1064393
vn -0.9418069 0.1012111 0.3205561
vn -0.6696853 0.6166168 0.4138906
vn 0.008516355 -0.1631206 0.9865694
vn -0.008516355 0.1631206 -0.9865694
vn -0.1598885 0.943328 0.2908058
vn 0.4457583 0.8901757 0.09426975
vn 0.8712 0.4698687 -0.1422464
vn 0.9427415 -0.1131623 -0.3137401
vn 0.6769008 -0.6373411 -0.3682413
vn 0.1598885 -0.9433286 -0.2908039
vn -0.4457585 -0.890175 -0.09427477
vn -0.8711993 -0.4698687 0.1422505
vn -0.94274 0.1131617 0.3137449
vn -0.6769013 0.6373416 0.3682397
vn 0.01125498 -0.08954825 0.9959189
vn -0.01125498 0.08954825 -0.9959189
vn -0.2818342 0.9252082 -0.2540856
vn 0.2640872 0.8842233 0.3852364
vn 0.555979 0.4587141 0.6931585
vn 0.6459497 0.0277411 0.7628757
vn 0.5985007 -0.4430733 0.6674452
vn 0.281834 -0.9252083 0.2540853
vn -0.264086 -0.8842207 -0.3852434
vn -0.5559785 -0.4587137 -0.6931592
vn -0.6459495 -0.02774106 -0.762876
vn -0.5985007 0.4430734 -0.6674451
vn -0.06271869 0.04450447 0.9970385
vn 0.06271869 -0.04450447 -0.9970385
vn -0.2701089 0.944864 -0.1851304
vn 0.2742149 0.8499854 0.4498123
vn 0.5603862 0.399306 0.7256185
vn 0.6449785 -0.03671676 0.7633182
vn 0.5919486 -0.4985614 0.6332721
vn 0.2701087 -0.9448641 0.1851301
vn -0.2742136 -0.8499821 -0.4498191
vn -0.5603856 -0.3993056 -0.7256192
vn -0.6449783 0.03671682 -0.7633184
vn -0.5919486 0.4985614 -0.633272
vn -0.06381863 -0.02861987 0.9975511
vn 0.06381863 0.02861987 -0.9975511
vn -0.2151105 0.9622446 0.1667714
vn 0.3981903 0.9032633 -0.1598745
vn 0.7926136 0.4669829 -0.3920341
vn 0.8802769 -0.07587115 -0.4683547
vn 0.6935084 -0.599915 -0.3989338
vn 0.2151105 -0.9622443 -0.1667735
vn -0.3981903 -0.9032627 0.1598777
vn -0.792614 -0.4669831 0.392033
vn -0.8802778 0.07587124 0.4683533
vn -0.6935099 0.5999164 0.3989291
vn -0.02379072 -0.02128986 0.9994903
vn 0.02379072 0.02128986 -0.9994903
vn -0.2036339 0.9498379 0.237363
vn 0.409441 0.9076562 -0.09229473
vn 0.798897 0.4849361 -0.3558098
vn 0.8800589 -0.05181897 -0.4720288
vn 0.6867984 -0.5772286 -0.4417185
vn 0.2036339 -0.9498374 -0.237365
vn -0.409441 -0.9076559 0.09229802
vn -0.7988974 -0.4849363 0.3558087
vn -0.8800597 0.05181915 0.4720274
vn -0.6867998 0.5772303 0.4417138
vn -0.02570036 -0.09488854 0.9951561
vn 0.02570036 0.09488853 -0.9951561
vn -0.05829959 0.974116 0.2184018
vn 0.4933 0.7651665 0.4137335
vn 0.8269587 0.3309049 0.4545783
vn 0.9093605 -0.219487 0.3533963
vn 0.6423864 -0.7601265 0.09771048
vn 0.05829908 -0.9741145 -0.2184081
vn -0.4933007 -0.7651677 -0.4137306
vn -0.8269576 -0.3309045 -0.4545805
vn -0.9093603 0.2194869 -0.353397
vn -0.6423862 0.760126 -0.0977162
vn 0.04078987 0.01086457 0.9991087
vn -0.04078987 -0.01086457 -0.9991087
vn -0.04677539 0.9559293 0.289847
vn 0.5019112 0.7263396 0.4695913
vn 0.8301807 0.28618 0.4784361
vn 0.9060307 -0.2561877 0.3368623
vn 0.6329055 -0.7731068 0.04166964
vn 0.04677491 -0.9559275 -0.2898532
vn -0.501912 -0.7263409 -0.4695884
vn -0.8301796 -0.2861795 -0.4784383
vn -0.9060305 0.2561876 -0.336863
vn -0.6329053 0.7731068 -0.0416754
vn 0.0392684 -0.06358954 0.9972034
vn -0.0392684 0.06358954 -0.9972034
vn -0.2072866 0.9108045 0.357026
vn 0.3956771 0.8865981 0.2395481
vn 0.8672017 0.4976368 0.01785562
vn 0.9738334 -0.0913907 -0.2080777
vn 0.7113165 -0.6131176 -0.3436798
vn 0.2072865 -0.9108064 -0.3570209
vn -0.3956771 -0.8865978 -0.2395495
vn -0.8672017 -0.4976367 -0.01785753
vn -0.9738334 0.0913906 0.208078
vn -0.7113165 0.613118 0.343679
vn -0.03740264 -0.05840812 0.9975919
vn 0.03740264 0.05840812 -0.9975919
vn -0.1967524 0.8843698 0.4232949
vn 0.4060646 0.8615162 0.3047974
vn 0.8731759 0.4842602 0.05527993
vn 0.9729888 -0.08770162 -0.2135443
vn 0.7043527 -0.5947009 -0.3875797
vn 0.1967523 -0.8843722 -0.42329
vn -0.4060645 -0.8615158 -0.3047987
vn -0.8731759 -0.48426 -0.05528182
vn -0.9729888 0.08770151 0.2135446
vn -0.7043528 0.5947014 0.387579
vn -0.03976077 -0.1315946 0.9905059
vn 0.03976077 0.1315946 -0.9905059
vn -0.08821136 0.7664347 0.6362364
vn 0.2088824 0.39034 0.896662
vn 0.3450377 0.137627 0.9284437
vn 0.459471 -0.1475397 0.8758529
vn 0.5443563 -0.6923582 0.4736205
vn 0.08821122 -0.7664354 -0.6362354
vn -0.2088838 -0.3903421 -0.8966609
vn -0.3450388 -0.1376275 -0.9284433
vn -0.4594738 0.1475404 -0.8758515
vn -0.5443541 0.6923561 -0.4736261
vn -0.05512988 -0.02348928 0.9982029
vn 0.05512988 0.02348928 -0.9982029
vn -0.07990837 0.7182856 0.6911444
vn 0.2121456 0.3203319 0.9232453
vn 0.3451559 0.06430648 0.9363397
vn 0.4561895 -0.2175718 0.8628753
vn 0.5350883 -0.732138 0.4214908
vn 0.07990822 -0.7182865 -0.6911435
vn -0.212147 -0.3203339 -0.9232442
vn -0.3451571 -0.06430697 -0.9363393
vn -0.4561923 0.2175724 -0.8628737
vn -0.5350862 0.7321362 -0.4214966
vn -0.05706169 -0.09660129 0.9936861
vn 0.05706169 0.09660129 -0.9936861
vn -0.03314985 0.5673375 0.8228179
vn 0.2897054 0.3158352 0.9035037
vn 0.5354832 0.04514746 0.8433383
vn 0.7606238 -0.3678469 0.5349208
vn 0.5669632 -0.752427 -0.3352705
vn 0.03315001 -0.5673345 -0.82282
vn -0.2897028 -0.3158316 -0.9035057
vn -0.5354844 -0.04514789 -0.8433376
vn -0.760621 0.3678466 -0.5349247
vn -0.566964 0.7524313 0.3352596
vn -0.06702071 -0.1567976 0.9853541
vn 0.06702071 0.1567976 -0.9853541
vn -0.03950374 0.6262263 0.77864
vn 0.2864769 0.385341 0.8771791
vn 0.5355167 0.1139608 0.8368003
vn 0.765484 -0.3179482 0.5594133
vn 0.575914 -0.768204 -0.2796172
vn 0.03950386 -0.6262234 -0.7786422
vn -0.2864744 -0.3853375 -0.8771815
vn -0.5355179 -0.1139612 -0.8367996
vn -0.7654814 0.3179477 -0.5594172
vn -0.5759148 0.7682074 0.279606
vn -0.0643548 -0.08425418 0.994364
vn 0.0643548 0.08425418 -0.994364
vt 0.1141099 0.1105173
vt 0.1126503 0.1074857
vt 0.1753784 0.08101852
vt 0.08209862 0.07187222
vt 0.0810249 0.06868349
vt 0.1454696 0.04698377
vt 0.05673336 -0.003007381
vt 0.05569034 -0.006206276
vt 0.1203405 -0.02728605
vt 0.1213835 -0.02408715
vt 0.02362498 -0.08440853
vt 0.02230385 -0.08750295
vt 0.08484258 -0.1142034
vt 0.08616371 -0.1111089
vt -0.05568015 -0.1323303
vt -0.0580713 -0.1346975
vt -0.01023156 -0.1830231
vt -0.007840408 -0.1806559
vt -0.1655228 0.03910043
vt -0.1683726 0.04088903
vt -0.2045203 -0.0167074
vt -0.2016705 -0.018496
vt -0.1126502 0.1074857
vt -0.1141099 0.1105173
vt -0.1753784 0.08101851
vt -0.1739187 0.07798694
vt -0.04658156 -0.03343968
vt -0.047677 -0.03022059
vt -0.1109564 -0.055346
vt -0.08825819 0.08504423
vt -0.08947375 0.0884832
vt -0.1535865 0.06582139
vt -0.02230385 -0.08750295
vt -0.02362499 -0.08440852
vt -0.08616371 -0.1111089
vt -0.08484258 -0.1142034
vt 0.05807133 -0.1346975
vt 0.05568018 -0.1323304
vt 0.007840456 -0.180656
vt 0.0102316 -0.1830231
vt 0.1683726 0.04088906
vt 0.1655228 0.03910047
vt 0.2016705 -0.01849595
vt 0.2045204 -0.01670736
vt -0.004777794 -0.1502474
vt -0.003290875 -0.1532657
vt 0.005607102 -0.148374
vt 0.3577352 -0.07143922
vt 0.3557855 -0.07418137
vt 0.3627305 -0.07854502
vt 0.3641376 -0.076566
vt -0.05911632 -0.08692863
vt -0.05823274 -0.0901752
vt -0.04856477 -0.08707152
vt -0.04920889 -0.08470476
vt -0.08329435 -0.008591671
vt -0.07274184 -0.008588123
vt -0.07341874 -0.006230553
vt -0.1053133 0.05670363
vt -0.09602085 0.06079678
vt -0.09690784 0.06308365
vt -0.13818 0.08720897
vt -0.1363192 0.08440571
vt -0.1281202 0.09039553
vt -0.1294767 0.09243908
vt -0.1720545 0.01456933
vt -0.1689505 0.01327085
vt -0.1654566 0.02280474
vt -0.1677193 0.02375131
vt -0.09118517 -0.1084394
vt -0.08838615 -0.1065723
vt -0.09439454 -0.09838678
vt -0.09643506 -0.09974796
vt -0.009063783 -0.07737469
vt -0.007398397 -0.0744511
vt -0.01643807 -0.06982647
vt -0.01765215 -0.07195776
vt 0.03005802 0.001368102
vt 0.03118579 0.004538112
vt 0.02147605 0.007508601
vt 0.0206539 0.005197656
vt 0.05563471 0.07899348
vt 0.05652999 0.08223684
vt 0.04663065 0.08449649
vt 0.04597799 0.08213206
vt 0.08173222 0.1282019
vt 0.08265586 0.1314372
vt 0.07277671 0.1337835
vt 0.07210337 0.1314249
vt 0.1425252 0.09428496
vt 0.1445459 0.09697524
vt 0.1346884 0.1007415
vt -0.1572191 -0.007151235
vt -0.1628091 -0.003644146
vt -0.1637955 -0.0058899
vt 0.3569002 -0.0412115
vt 0.3556503 -0.0443354
vt 0.363427 -0.04694267
vt 0.364329 -0.0446881
vt 0.3440014 -0.07928663
vt 0.3431096 -0.08253093
vt 0.3511295 -0.08425011
vt 0.3517731 -0.08190868
vt 0.3255288 -0.1442947
vt 0.3247811 -0.1475752
vt 0.3328691 -0.1489386
vt 0.3334087 -0.146571
vt 0.2756478 -0.2360224
vt 0.2745453 -0.2392012
vt 0.2832309 -0.2391481
vt -0.2750414 0.1005678
vt -0.2752668 0.1030751
vt -0.2837268 0.1005364
vt -0.3283535 0.07360076
vt -0.329107 0.07687996
vt -0.3369828 0.07458984
vt -0.3364389 0.07222317
vt -0.3034998 0.01639671
vt -0.3043399 0.01965481
vt -0.3121522 0.01715678
vt -0.3115459 0.01480541
vt -0.2725149 0.08630838
vt -0.2728005 0.08854017
vt -0.2812938 0.08672333
vt -0.04313535 -0.3235502
vt -0.04702409 -0.3307718
vt -0.04495531 -0.3320433
vt 0.2665674 -0.2351908
vt 0.2634271 -0.2363988
vt 0.2668043 -0.2438734
vt 0.2690707 -0.2430015
vt 0.1546617 0.04957538
vt 0.1528448 0.04796431
vt 0.1520769 0.04566061
vt 0.1525637 0.04328162
vt 0.1541748 0.04146473
vt 0.1570687 0.04252526
vt 0.1588856 0.04413637
vt 0.1596535 0.04644004
vt 0.1593444 0.04929427
vt 0.1570407 0.0500622
vt -0.2109881 0.02847279
vt -0.2754329 0.006773063
vt -0.2743592 0.003584305
vt -0.2099144 0.02528404
vt -0.2366468 0.05151977
vt -0.2979154 0.02202102
vt -0.2964557 0.01898945
vt -0.2351872 0.0484882
vt -0.240668 -0.07430382
vt -0.2768157 -0.1319003
vt -0.2739658 -0.1336889
vt 0.08544792 -0.2796742
vt 0.08783907 -0.2773071
vt 0.03999933 -0.2289815
vt 0.1473813 -0.1409037
vt 0.20992 -0.1676042
vt 0.2112412 -0.1645097
vt 0.1487024 -0.1378093
vt 0.1849907 -0.04836579
vt 0.2496409 -0.06944557
vt 0.2506839 -0.06624667
vt 0.1860337 -0.0451669
vt 0.2099144 0.02528405
vt 0.2743592 0.003584328
vt 0.2754329 0.006773059
vt 0.2109881 0.02847278
vt 0.2351872 0.04848821
vt 0.2964557 0.01898947
vt 0.2979153 0.02202104
vt 0.2366468 0.05151979
vt 0.2378182 -0.07609235
vt 0.2739659 -0.1336888
vt 0.2768157 -0.1319002
vt 0.240668 -0.07430376
vt -0.03999926 -0.2289815
vt -0.08783899 -0.2773072
vt -0.08544785 -0.2796743
vt -0.2112412 -0.1645097
vt -0.20992 -0.1676042
vt -0.1473813 -0.1409037
vt -0.1860338 -0.04516689
vt -0.2506839 -0.06624667
vt -0.2496409 -0.06944556
vt -0.1849907 -0.04836579
vt 0.2739659 -0.1336888
vt 0.3101135 -0.1912852
vt 0.3129633 -0.1894966
vt 0.2768157 -0.1319002
vt -0.08783899 -0.2773072
vt -0.1356787 -0.3256327
vt -0.08544785 -0.2796743
vt -0.2112412 -0.1645097
vt -0.2724587 -0.1943045
vt -0.20992 -0.1676042
vt -0.2506839 -0.06624667
vt -0.3153341 -0.08732639
vt -0.2496409 -0.06944556
vt -0.2710677 0.01079179
vt -0.3359666 -0.009631958
vt -0.3349233 -0.01283077
vt -0.2700244 0.00759296
vt -0.2947499 0.03203096
vt -0.3567284 0.003965696
vt -0.3553607 0.0008915652
vt -0.2933822 0.02895684
vt -0.2768157 -0.1319003
vt -0.3101134 -0.1912852
vt -0.2739658 -0.1336889
vt 0.08544792 -0.2796742
vt 0.1332876 -0.3279998
vt 0.1356788 -0.3256326
vt 0.08783907 -0.2773071
vt 0.20992 -0.1676042
vt 0.2724587 -0.1943045
vt 0.2737798 -0.1912101
vt 0.2112412 -0.1645097
vt 0.2496409 -0.06944557
vt 0.3142911 -0.0905253
vt 0.3153341 -0.08732641
vt 0.2506839 -0.06624667
vt 0.2743592 0.003584328
vt 0.3388038 -0.01811538
vt 0.3398775 -0.01492664
vt 0.2754329 0.006773059
vt 0.2964557 0.01898947
vt 0.3577241 -0.01050927
vt 0.3591837 -0.007477696
vt 0.2979153 0.02202104
vt 0.2351872 0.04848821
vt 0.2366468 0.05151979
vt 0.1753784 0.08101852
vt 0.2016705 -0.01849595
vt 0.2378182 -0.07609235
vt 0.240668 -0.07430376
vt 0.2045204 -0.01670736
vt 0.007840456 -0.180656
vt -0.03999926 -0.2289815
vt 0.0102316 -0.1830231
vt -0.08616371 -0.1111089
vt -0.1473813 -0.1409037
vt -0.08484258 -0.1142034
vt -0.1213836 -0.02408714
vt -0.1860338 -0.04516689
vt -0.1849907 -0.04836579
vt -0.2109881 0.02847279
vt -0.2099144 0.02528404
vt -0.1454697 0.04698376
vt -0.1753784 0.08101851
vt -0.2366468 0.05151977
vt -0.2351872 0.0484882
vt -0.1739187 0.07798694
vt -0.2045203 -0.0167074
vt -0.240668 -0.07430382
vt -0.2016705 -0.018496
vt -0.01023156 -0.1830231
vt 0.03999933 -0.2289815
vt -0.007840408 -0.1806559
vt 0.08484258 -0.1142034
vt 0.1473813 -0.1409037
vt 0.1487024 -0.1378093
vt 0.08616371 -0.1111089
vt 0.1203405 -0.02728605
vt 0.1849907 -0.04836579
vt 0.1860337 -0.0451669
vt 0.1213835 -0.02408715
vt 0.1454696 0.04698377
vt 0.2099144 0.02528405
vt 0.2109881 0.02847278
vt -0.05065699 -0.0227542
vt -0.1148373 -0.04524631
vt -0.1140736 -0.04753125
vt -0.1458578 0.04464138
vt -0.1444873 0.04052726
vt -0.08020635 0.06272994
vt -0.2111583 0.01912389
vt -0.146268 0.03955068
vt -0.1476503 0.04366083
vt -0.1186373 -0.04801597
vt -0.1193833 -0.0457252
vt -0.1841658 -0.06649113
vt 0.1179067 -0.2593616
vt 0.06518127 -0.2147967
vt 0.06363776 -0.2182495
vt -0.2462601 -0.02794061
vt -0.2480103 -0.02485851
vt -0.2954357 -0.07502651
vt 0.09056823 -0.2130919
vt 0.09176986 -0.2095058
vt 0.03556732 -0.1729643
vt -0.1960072 0.04610978
vt -0.2483146 0.004181986
vt -0.24693 0.0009192302
vt 0.01354158 -0.366173
vt 0.01022203 -0.3625638
vt 0.007329453 -0.3722436
vt -0.3383768 -0.1075989
vt -0.3285987 -0.1050585
vt -0.3314798 -0.1023192
vt -0.3059055 -0.0936456
vt -0.3029024 -0.09625052
vt -0.2408945 -0.07342468
vt 0.1226443 -0.2751605
vt 0.1118502 -0.3403486
vt 0.1160248 -0.3429211
vt 0.1371941 0.09534896
vt 0.1915158 0.05442025
vt 0.1940227 0.05785453
vt 0.1246276 -0.004154124
vt 0.1257455 -0.0006797821
vt 0.06083426 0.01963112
vt 0.1965372 0.04991932
vt 0.1938982 0.04658547
vt 0.2478599 0.00518335
vt 0.1959785 -0.02331448
vt 0.1313465 -0.002131691
vt 0.1302378 -0.005608986
vt -0.232985 -0.1314257
vt -0.1687241 -0.1090755
vt -0.1698774 -0.1058767
vt 0.01374009 -0.2439517
vt 0.01073559 -0.2418836
vt -0.02704882 -0.298464
vt -0.1569042 -0.1080766
vt -0.1556398 -0.1112331
vt -0.09277244 -0.08521964
vt 0.06760377 -0.1775283
vt 0.03293631 -0.2360703
vt 0.03610061 -0.2378845
vt -0.08333012 0.09151749
vt -0.08217181 0.08805882
vt -0.07277761 0.09152129
vt -0.03009408 -0.02490594
vt -0.03954306 -0.02821596
vt -0.03839787 -0.03141769
vt 0.03689434 0.1541937
vt 0.03227698 0.1494791
vt 0.04739079 0.1531073
vt -0.09411056 -0.06312133
vt -0.07880002 -0.06580062
vt -0.08362059 -0.06197417
vt -0.1537982 0.007434004
vt -0.1604114 0.008485425
vt -0.1603228 0.006034205
vt -0.1573611 0.02796812
vt -0.1639045 0.02665905
vt -0.1628609 0.02443925
vt -0.163551 0.03429846
vt -0.1689967 0.03068657
vt -0.1671281 0.02909765
vt -0.1621118 0.01661178
vt -0.1651853 0.01109836
vt -0.1627859 0.01058938
vt -0.1391031 -0.007522368
vt -0.1388422 -0.01357676
vt -0.1365259 -0.01276965
vt -0.1023066 -0.0002081498
vt -0.09917822 -0.005146693
vt -0.09750905 -0.003349398
vt -0.07462507 0.04192078
vt -0.06977818 0.03885615
vt -0.06891517 0.04115214
vt -0.06670794 0.09219255
vt -0.06100928 0.09134456
vt -0.06101175 0.09379741
vt -0.08651592 0.1208941
vt -0.08096544 0.122947
vt -0.08206154 0.1251412
vt -0.3600773 -0.001988212
vt -0.3671458 -0.006148515
vt -0.3656653 -0.00881423
vt -0.2798777 -0.08397038
vt -0.2789584 -0.08667737
vt -0.2710999 -0.08432864
vt -0.3451935 0.009265118
vt -0.3444523 0.007140706
vt -0.2801219 0.02929019
vt -0.2837269 0.02978434
vt -0.3474523 0.005950059
vt -0.3465702 0.003592195
vt 0.1165828 0.1133484
vt 0.1151232 0.1103168
vt 0.1778513 0.08384963
vt 0.08620543 0.08093517
vt 0.08513172 0.07774643
vt 0.1495765 0.05604669
vt 0.06187616 0.009539472
vt 0.06083313 0.006340574
vt 0.1254833 -0.01473921
vt 0.1265263 -0.01154031
vt 0.02985442 -0.07236434
vt 0.02853328 -0.07545876
vt 0.09107201 -0.1021592
vt 0.09239314 -0.09906477
vt -0.04794154 -0.1260765
vt -0.05033269 -0.1284436
vt -0.002492968 -0.1767693
vt -0.0001018143 -0.1744022
vt -0.1629854 0.0363273
vt -0.1658353 0.03811589
vt -0.201983 -0.01948057
vt -0.1991331 -0.02126916
vt -0.1151232 0.1103168
vt -0.1165828 0.1133484
vt -0.1778513 0.08384962
vt -0.1763917 0.08081804
vt -0.05201021 -0.02059083
vt -0.05310565 -0.01737174
vt -0.116385 -0.04249717
vt -0.09207916 0.09285353
vt -0.09329472 0.0962925
vt -0.1574075 0.07363067
vt -0.02853329 -0.07545875
vt -0.02985443 -0.07236432
vt -0.09239314 -0.09906475
vt -0.09107201 -0.1021592
vt 0.05033273 -0.1284437
vt 0.04794158 -0.1260765
vt 0.0001018844 -0.1744022
vt 0.002493033 -0.1767693
vt 0.1658353 0.03811594
vt 0.1629854 0.03632735
vt 0.1991331 -0.02126909
vt 0.201983 -0.01948049
vt -0.01152635 -0.1425367
vt -0.01003943 -0.1455549
vt -0.001141452 -0.1406632
vt 0.3582794 -0.06738001
vt 0.3563296 -0.07012215
vt 0.3632746 -0.07448579
vt 0.3646818 -0.07250679
vt -0.06420515 -0.07429884
vt -0.06332158 -0.07754541
vt -0.05365361 -0.07444173
vt -0.05429773 -0.07207497
vt -0.08738963 0.004301849
vt -0.07683711 0.0043054
vt -0.07751401 0.00666297
vt -0.1082641 0.06617728
vt -0.09897168 0.07027043
vt -0.09985866 0.07255729
vt -0.1391156 0.09093727
vt -0.1372548 0.08813401
vt -0.1290557 0.09412383
vt -0.1304123 0.09616738
vt -0.168217 0.01435418
vt -0.165113 0.0130557
vt -0.161619 0.02258959
vt -0.1638818 0.02353616
vt -0.08332448 -0.1023846
vt -0.08052545 -0.1005175
vt -0.08653384 -0.09233196
vt -0.08857436 -0.09369314
vt -0.002042013 -0.06581155
vt -0.0003766262 -0.06288796
vt -0.009416294 -0.05826332
vt -0.01063037 -0.06039462
vt 0.0360921 0.0135747
vt 0.03721987 0.01674471
vt 0.02751013 0.0197152
vt 0.02668799 0.01740425
vt 0.06081979 0.08783206
vt 0.06171507 0.09107541
vt 0.05181572 0.09333507
vt 0.05116306 0.09097064
vt 0.08585614 0.130793
vt 0.08677979 0.1340284
vt 0.07690063 0.1363747
vt 0.07622728 0.1340161
vt 0.1429512 0.08943342
vt 0.1449719 0.0921237
vt 0.1351144 0.09588999
vt -0.1549639 0.006628046
vt -0.1605539 0.01013513
vt -0.1615404 0.00788938
vt 0.3595233 -0.03159852
vt 0.3582734 -0.03472242
vt 0.3660501 -0.03732969
vt 0.3669521 -0.03507512
vt 0.3477822 -0.06630138
vt 0.3468904 -0.06954567
vt 0.3549103 -0.07126486
vt 0.3555539 -0.06892343
vt 0.33024 -0.1314989
vt 0.3294923 -0.1347794
vt 0.3375803 -0.1361427
vt 0.3381198 -0.1337751
vt 0.28181 -0.227682
vt 0.2807075 -0.2308609
vt 0.2893931 -0.2308077
vt -0.2811932 0.1063194
vt -0.2814187 0.1088268
vt -0.2898787 0.1062881
vt -0.332929 0.07626735
vt -0.3336825 0.07954653
vt -0.3415582 0.07725642
vt -0.3410144 0.07488974
vt -0.3089627 0.02521149
vt -0.3098028 0.02846959
vt -0.3176152 0.02597156
vt -0.3170089 0.02362019
vt -0.2787376 0.09335331
vt -0.2790232 0.09558509
vt -0.2875165 0.09376825
vt -0.05097452 -0.3173993
vt -0.05486326 -0.3246209
vt -0.05279448 -0.3258924
vt 0.2625003 -0.2347102
vt 0.25936 -0.2359183
vt 0.2627372 -0.2433929
vt 0.2650036 -0.242521
vt 0.1484011 0.06209749
vt 0.1465842 0.06048642
vt 0.1458163 0.05818272
vt 0.1463031 0.05580373
vt 0.1479141 0.05398684
vt 0.150808 0.05504737
vt 0.1526249 0.05665848
vt 0.1533928 0.05896215
vt 0.1530837 0.06181638
vt 0.1507801 0.06258431
vt -0.2150949 0.03753569
vt -0.2795396 0.01583596
vt -0.278466 0.0126472
vt -0.2140212 0.03434695
vt -0.2391198 0.05435086
vt -0.3003883 0.02485208
vt -0.2989287 0.02182052
vt -0.2376602 0.05131929
vt -0.2381306 -0.07707701
vt -0.2742783 -0.1346735
vt -0.2714284 -0.1364621
vt 0.09318645 -0.2734205
vt 0.09557761 -0.2710534
vt 0.04773789 -0.2227277
vt 0.1536107 -0.1288596
vt 0.2161494 -0.15556
vt 0.2174706 -0.1524656
vt 0.1549318 -0.1257652
vt 0.1901335 -0.03581898
vt 0.2547837 -0.05689877
vt 0.2558267 -0.05369987
vt 0.1911765 -0.03262008
vt 0.2140212 0.03434695
vt 0.2784659 0.01264721
vt 0.2795396 0.01583594
vt 0.2150949 0.03753568
vt 0.2376602 0.05131928
vt 0.2989287 0.02182052
vt 0.3003883 0.0248521
vt 0.2391198 0.05435087
vt 0.2352808 -0.07886551
vt 0.2714284 -0.136462
vt 0.2742783 -0.1346734
vt 0.2381306 -0.07707693
vt -0.04773781 -0.2227278
vt -0.09557754 -0.2710535
vt -0.09318639 -0.2734205
vt -0.2174706 -0.1524656
vt -0.2161494 -0.15556
vt -0.1536107 -0.1288596
vt -0.1911765 -0.03262008
vt -0.2558267 -0.05369987
vt -0.2547837 -0.05689876
vt -0.1901335 -0.03581898
vt 0.2714284 -0.136462
vt 0.307576 -0.1940584
vt 0.3104259 -0.1922698
vt 0.2742783 -0.1346734
vt -0.09557754 -0.2710535
vt -0.1434172 -0.319379
vt -0.09318639 -0.2734205
vt -0.2174706 -0.1524656
vt -0.2786881 -0.1822604
vt -0.2161494 -0.15556
vt -0.2558267 -0.05369987
vt -0.3204769 -0.07477961
vt -0.2547837 -0.05689876
vt -0.2753811 0.01979774
vt -0.34028 -0.0006260331
vt -0.3392367 -0.003824846
vt -0.2743378 0.01659891
vt -0.2975339 0.03475839
vt -0.3595124 0.006693098
vt -0.3581447 0.003618967
vt -0.2961662 0.03168427
vt -0.2742783 -0.1346735
vt -0.307576 -0.1940585
vt -0.2714284 -0.1364621
vt 0.09318645 -0.2734205
vt 0.1410262 -0.3217461
vt 0.1434173 -0.3193789
vt 0.09557761 -0.2710534
vt 0.2161494 -0.15556
vt 0.2786881 -0.1822604
vt 0.2800092 -0.179166
vt 0.2174706 -0.1524656
vt 0.2547837 -0.05689877
vt 0.3194338 -0.07797851
vt 0.3204768 -0.07477961
vt 0.2558267 -0.05369987
vt 0.2784659 0.01264721
vt 0.3429106 -0.009052509
vt 0.3439843 -0.005863772
vt 0.2795396 0.01583594
vt 0.2989287 0.02182052
vt 0.3601971 -0.007678234
vt 0.3616567 -0.004646671
vt 0.3003883 0.0248521
vt 0.2376602 0.05131928
vt 0.2391198 0.05435087
vt 0.1778513 0.08384963
vt 0.1991331 -0.02126909
vt 0.2352808 -0.07886551
vt 0.2381306 -0.07707693
vt 0.201983 -0.01948049
vt 0.0001018844 -0.1744022
vt -0.04773781 -0.2227278
vt 0.002493033 -0.1767693
vt -0.09239314 -0.09906475
vt -0.1536107 -0.1288596
vt -0.09107201 -0.1021592
vt -0.1265264 -0.01154031
vt -0.1911765 -0.03262008
vt -0.1901335 -0.03581898
vt -0.2150949 0.03753569
vt -0.2140212 0.03434695
vt -0.1495765 0.05604668
vt -0.1778513 0.08384962
vt -0.2391198 0.05435086
vt -0.2376602 0.05131929
vt -0.1763917 0.08081804
vt -0.201983 -0.01948057
vt -0.2381306 -0.07707701
vt -0.1991331 -0.02126916
vt -0.002492968 -0.1767693
vt 0.04773789 -0.2227277
vt -0.0001018143 -0.1744022
vt 0.09107201 -0.1021592
vt 0.1536107 -0.1288596
vt 0.1549318 -0.1257652
vt 0.09239314 -0.09906477
vt 0.1254833 -0.01473921
vt 0.1901335 -0.03581898
vt 0.1911765 -0.03262008
vt 0.1265263 -0.01154031
vt 0.1495765 0.05604669
vt 0.2140212 0.03434695
vt 0.2150949 0.03753568
vt -0.05598313 -0.009957021
vt -0.1201634 -0.03244916
vt -0.1193997 -0.03473409
vt -0.150037 0.05430884
vt -0.1486665 0.05019473
vt -0.08438555 0.07239743
vt -0.2152571 0.02881566
vt -0.1503668 0.04924247
vt -0.1517492 0.05335262
vt -0.123808 -0.03515967
vt -0.124554 -0.0328689
vt -0.1893365 -0.05363486
vt 0.1254339 -0.251376
vt 0.07270843 -0.2068111
vt 0.07116492 -0.2102638
vt -0.2454476 -0.02952594
vt -0.2471978 -0.02644384
vt -0.2946233 -0.07661186
vt 0.09779047 -0.2045834
vt 0.0989921 -0.2009973
vt 0.04278959 -0.1644558
vt -0.1962061 0.04409202
vt -0.2485135 0.002164201
vt -0.2471289 -0.001098554
vt 0.005873456 -0.3650525
vt 0.00255392 -0.3614433
vt -0.0003386728 -0.3711231
vt -0.3429603 -0.09441929
vt -0.3331823 -0.0918788
vt -0.3360633 -0.08913951
vt -0.3113862 -0.08103506
vt -0.308383 -0.08363996
vt -0.2463752 -0.06081412
vt 0.1157863 -0.2748226
vt 0.1049922 -0.3400106
vt 0.1091668 -0.3425831
vt 0.1379122 0.0942985
vt 0.1922338 0.05336975
vt 0.1947408 0.05680404
vt 0.1296461 0.007847541
vt 0.1307641 0.01132188
vt 0.06585284 0.0316328
vt 0.196901 0.04908914
vt 0.194262 0.04575529
vt 0.2482236 0.004353127
vt 0.200772 -0.01123797
vt 0.13614 0.009944839
vt 0.1350313 0.006467546
vt -0.2386895 -0.1186932
vt -0.1744285 -0.096343
vt -0.1755818 -0.09314419
vt 0.005874257 -0.2401481
vt 0.002869752 -0.23808
vt -0.03491465 -0.2946604
vt -0.1629607 -0.09551534
vt -0.1616963 -0.09867189
vt -0.09882896 -0.0726584
vt 0.05977755 -0.1738161
vt 0.0251101 -0.2323581
vt 0.02827441 -0.2341723
vt -0.08742388 0.09925418
vt -0.08626555 0.09579551
vt -0.07687136 0.09925798
vt -0.03579126 -0.01216781
vt -0.04524023 -0.01547783
vt -0.04409504 -0.01867956
vt 0.04241922 0.1563592
vt 0.03780186 0.1516445
vt 0.05291567 0.1552727
vt -0.09772358 -0.04967001
vt -0.08241303 -0.05234929
vt -0.08723362 -0.04852284
vt -0.1520221 0.02102998
vt -0.1586353 0.0220814
vt -0.1585467 0.01963018
vt -0.1550842 0.03997744
vt -0.1616276 0.03866837
vt -0.1605841 0.03644857
vt -0.1599714 0.04410183
vt -0.1654171 0.04048995
vt -0.1635486 0.03890102
vt -0.1566048 0.02511181
vt -0.1596784 0.01959839
vt -0.157279 0.01908941
vt -0.1318884 0.001856922
vt -0.1316274 -0.004197468
vt -0.1293111 -0.003390362
vt -0.09446205 0.01096169
vt -0.09133364 0.006023155
vt -0.08966447 0.00782045
vt -0.06681991 0.05343373
vt -0.06197303 0.05036911
vt -0.06111001 0.0526651
vt -0.05896597 0.1020999
vt -0.05326732 0.1012519
vt -0.05326979 0.1037048
vt -0.07865635 0.1288709
vt -0.07310587 0.1309238
vt -0.07420196 0.133118
vt -0.3618554 -0.006976885
vt -0.368924 -0.0111372
vt -0.3674434 -0.01380291
vt -0.2861285 -0.07185183
vt -0.2852092 -0.07455881
vt -0.2773506 -0.07221007
vt -0.3490579 0.01615461
vt -0.3483167 0.01403021
vt -0.2839863 0.03617971
vt -0.2872482 0.03517156
vt -0.3509736 0.01133725
vt -0.3500916 0.008979391
vt 0.1181547 0.1166132
vt 0.1166951 0.1135816
vt 0.1794232 0.0871144
vt 0.08936447 0.0903171
vt 0.08829077 0.08712836
vt 0.1527355 0.06542861
vt 0.06606819 0.02239628
vt 0.06502517 0.01919739
vt 0.1296754 -0.001882416
vt 0.1307184 0.001316481
vt 0.03516421 -0.05992742
vt 0.03384307 -0.06302185
vt 0.0963818 -0.0897223
vt 0.09770294 -0.08662788
vt -0.0409063 -0.1191119
vt -0.04329745 -0.1214791
vt 0.004542259 -0.1698047
vt 0.006933413 -0.1674376
vt -0.1599163 0.03440115
vt -0.1627662 0.03618974
vt -0.1989139 -0.02140673
vt -0.196064 -0.02319532
vt -0.1166951 0.1135816
vt -0.1181547 0.1166132
vt -0.1794232 0.08711439
vt -0.1779636 0.08408283
vt -0.05649216 -0.007419831
vt -0.0575876 -0.004200743
vt -0.120867 -0.02932619
vt -0.09495722 0.1009959
vt -0.09617278 0.1044349
vt -0.1602855 0.08177307
vt -0.03384308 -0.06302185
vt -0.03516421 -0.05992742
vt -0.09770293 -0.08662786
vt -0.09638179 -0.08972229
vt 0.0432975 -0.121479
vt 0.04090635 -0.1191119
vt -0.00693334 -0.1674376
vt -0.004542191 -0.1698047
vt 0.1627662 0.03618979
vt 0.1599163 0.0344012
vt 0.196064 -0.02319524
vt 0.1989139 -0.02140665
vt -0.01739064 -0.1343902
vt -0.01590372 -0.1374084
vt -0.00700574 -0.1325167
vt 0.3580272 -0.06275471
vt 0.3560775 -0.06549685
vt 0.3630224 -0.06986051
vt 0.3644296 -0.06788149
vt -0.06834275 -0.06141011
vt -0.06745917 -0.06465667
vt -0.0577912 -0.06155299
vt -0.05843532 -0.05918624
vt -0.09053729 0.01746741
vt -0.07998479 0.01747096
vt -0.08066169 0.01982853
vt -0.1102957 0.0760073
vt -0.1010033 0.08010045
vt -0.1018903 0.08238733
vt -0.1392297 0.09521064
vt -0.1373689 0.09240739
vt -0.1291699 0.09839722
vt -0.1305264 0.1004408
vt -0.1639988 0.01504845
vt -0.1608948 0.01374997
vt -0.1574009 0.02328386
vt -0.1596636 0.02423043
vt -0.07601071 -0.09550961
vt -0.07321168 -0.09364246
vt -0.07922007 -0.08545697
vt -0.08126058 -0.08681814
vt 0.004123219 -0.05376042
vt 0.005788612 -0.05083683
vt -0.00325106 -0.04621219
vt -0.004465139 -0.04834349
vt 0.0411974 0.02611167
vt 0.04232518 0.02928169
vt 0.03261543 0.03225218
vt 0.03179329 0.02994123
vt 0.06505454 0.09693281
vt 0.06594981 0.1001762
vt 0.05605047 0.1024358
vt 0.05539782 0.1000714
vt 0.08903202 0.1336546
vt 0.08995568 0.13689
vt 0.08007652 0.1392363
vt 0.07940318 0.1368777
vt 0.1425887 0.08517388
vt 0.1446094 0.08786416
vt 0.1347519 0.09163045
vt -0.1521477 0.02016097
vt -0.1577377 0.02366805
vt -0.1587241 0.0214223
vt 0.3612393 -0.0216227
vt 0.3599894 -0.0247466
vt 0.367766 -0.02735388
vt 0.368668 -0.02509932
vt 0.350621 -0.05305716
vt 0.3497292 -0.05630146
vt 0.357749 -0.05802065
vt 0.3583927 -0.05567921
vt 0.3339986 -0.1184858
vt 0.333251 -0.1217664
vt 0.3413389 -0.1231297
vt 0.3418785 -0.1207621
vt 0.2870492 -0.2190214
vt 0.2859467 -0.2222002
vt 0.2946323 -0.2221471
vt -0.2864215 0.112154
vt -0.286647 0.1146614
vt -0.295107 0.1121226
vt -0.3365523 0.07915256
vt -0.3373058 0.08243175
vt -0.3451816 0.08014162
vt -0.3446378 0.07777495
vt -0.3134796 0.03427009
vt -0.3143197 0.03752819
vt -0.3221321 0.03503015
vt -0.3215258 0.03267878
vt -0.2840402 0.1005159
vt -0.2843259 0.1027477
vt -0.2928192 0.1009308
vt -0.05830219 -0.310416
vt -0.06219094 -0.3176377
vt -0.06012216 -0.3189091
vt 0.2580824 -0.2333178
vt 0.2549421 -0.2345259
vt 0.2583192 -0.2420005
vt 0.2605856 -0.2411286
vt 0.1421402 0.07461957
vt 0.1403233 0.07300849
vt 0.1395554 0.0707048
vt 0.1400422 0.0683258
vt 0.1416533 0.0665089
vt 0.1445471 0.06756944
vt 0.146364 0.06918056
vt 0.1471319 0.07148422
vt 0.1468229 0.07433845
vt 0.1445192 0.07510638
vt -0.2182539 0.04691761
vt -0.2826987 0.02521786
vt -0.2816251 0.02202909
vt -0.2171803 0.04372886
vt -0.2406916 0.05761563
vt -0.3019602 0.02811684
vt -0.3005005 0.02508529
vt -0.239232 0.05458406
vt -0.2350615 -0.07900316
vt -0.2712091 -0.1365996
vt -0.2683592 -0.1383882
vt 0.1002217 -0.2664559
vt 0.1026128 -0.2640888
vt 0.0547731 -0.2157632
vt 0.1589205 -0.1164227
vt 0.2214592 -0.1431232
vt 0.2227803 -0.1400287
vt 0.1602416 -0.1133283
vt 0.1943255 -0.02296219
vt 0.2589757 -0.04404199
vt 0.2600188 -0.0408431
vt 0.1953686 -0.0197633
vt 0.2171802 0.04372888
vt 0.281625 0.02202913
vt 0.2826987 0.02521785
vt 0.218254 0.04691761
vt 0.239232 0.05458405
vt 0.3005005 0.02508527
vt 0.3019601 0.02811684
vt 0.2406916 0.05761563
vt 0.2322116 -0.08079167
vt 0.2683593 -0.1383881
vt 0.2712092 -0.1365996
vt 0.2350615 -0.07900309
vt -0.05477303 -0.2157632
vt -0.1026127 -0.2640889
vt -0.1002216 -0.266456
vt -0.2227803 -0.1400287
vt -0.2214592 -0.1431232
vt -0.1589205 -0.1164227
vt -0.1953686 -0.0197633
vt -0.2600188 -0.0408431
vt -0.2589757 -0.04404199
vt -0.1943255 -0.02296219
vt 0.2683593 -0.1383881
vt 0.3045069 -0.1959846
vt 0.3073568 -0.194196
vt 0.2712092 -0.1365996
vt -0.1026127 -0.2640889
vt -0.1504524 -0.3124144
vt -0.1002216 -0.266456
vt -0.2227803 -0.1400287
vt -0.2839979 -0.1698236
vt -0.2214592 -0.1431232
vt -0.2600188 -0.0408431
vt -0.3246689 -0.06192285
vt -0.2589757 -0.04404199
vt -0.2787442 0.02911353
vt -0.3436431 0.008689756
vt -0.3425998 0.005490943
vt -0.2777009 0.0259147
vt -0.2994046 0.03789195
vt -0.3613831 0.009826655
vt -0.3600155 0.006752524
vt -0.2980369 0.03481784
vt -0.2712091 -0.1365996
vt -0.3045068 -0.1959846
vt -0.2683592 -0.1383882
vt 0.1002217 -0.2664559
vt 0.1480613 -0.3147815
vt 0.1504525 -0.3124144
vt 0.1026128 -0.2640888
vt 0.2214592 -0.1431232
vt 0.2839979 -0.1698236
vt 0.285319 -0.1667292
vt 0.2227803 -0.1400287
vt 0.2589757 -0.04404199
vt 0.3236259 -0.06512176
vt 0.3246689 -0.06192287
vt 0.2600188 -0.0408431
vt 0.281625 0.02202913
vt 0.3460697 0.000329389
vt 0.3471434 0.003518126
vt 0.2826987 0.02521785
vt 0.3005005 0.02508527
vt 0.3617689 -0.004413497
vt 0.3632285 -0.001381923
vt 0.3019601 0.02811684
vt 0.239232 0.05458405
vt 0.2406916 0.05761563
vt 0.1794232 0.0871144
vt 0.196064 -0.02319524
vt 0.2322116 -0.08079167
vt 0.2350615 -0.07900309
vt 0.1989139 -0.02140665
vt -0.00693334 -0.1674376
vt -0.05477303 -0.2157632
vt -0.004542191 -0.1698047
vt -0.09770293 -0.08662786
vt -0.1589205 -0.1164227
vt -0.09638179 -0.08972229
vt -0.1307184 0.001316485
vt -0.1953686 -0.0197633
vt -0.1943255 -0.02296219
vt -0.2182539 0.04691761
vt -0.2171803 0.04372886
vt -0.1527355 0.06542861
vt -0.1794232 0.08711439
vt -0.2406916 0.05761563
vt -0.239232 0.05458406
vt -0.1779636 0.08408283
vt -0.1989139 -0.02140673
vt -0.2350615 -0.07900316
vt -0.196064 -0.02319532
vt 0.004542259 -0.1698047
vt 0.0547731 -0.2157632
vt 0.006933413 -0.1674376
vt 0.0963818 -0.0897223
vt 0.1589205 -0.1164227
vt 0.1602416 -0.1133283
vt 0.09770294 -0.08662788
vt 0.1296754 -0.001882416
vt 0.1943255 -0.02296219
vt 0.1953686 -0.0197633
vt 0.1307184 0.001316481
vt 0.1527355 0.06542861
vt 0.2171802 0.04372888
vt 0.218254 0.04691761
vt -0.06036083 0.003157132
vt -0.1245411 -0.01933502
vt -0.1237774 -0.02161996
vt -0.1532674 0.06429224
vt -0.151897 0.06017811
vt -0.08761599 0.08238082
vt -0.2184083 0.03882601
vt -0.153518 0.05925284
vt -0.1549003 0.06336299
vt -0.1280282 -0.02199386
vt -0.1287742 -0.01970309
vt -0.1935568 -0.04046906
vt 0.132189 -0.2427554
vt 0.0794636 -0.1981905
vt 0.07792009 -0.2016433
vt -0.2439405 -0.03039252
vt -0.2456907 -0.02731042
vt -0.2931162 -0.07747845
vt 0.1041828 -0.1955178
vt 0.1053844 -0.1919317
vt 0.04918195 -0.1553902
vt -0.1956324 0.04270846
vt -0.2479397 0.0007806265
vt -0.2465552 -0.002482129
vt -0.001401824 -0.3630163
vt -0.00472138 -0.3594071
vt -0.00761396 -0.3690869
vt -0.3465916 -0.08096822
vt -0.3368135 -0.07842773
vt -0.3396946 -0.07568844
vt -0.3159211 -0.06810205
vt -0.312918 -0.07070696
vt -0.2509101 -0.0478811
vt 0.1090596 -0.2734939
vt 0.09826542 -0.338682
vt 0.1024401 -0.3412544
vt 0.1378225 0.09383743
vt 0.1921441 0.05290868
vt 0.1946511 0.05634297
vt 0.1337129 0.02015539
vt 0.1348309 0.02362974
vt 0.06991965 0.04394067
vt 0.1964807 0.04887947
vt 0.1938417 0.04554561
vt 0.2478034 0.004143453
vt 0.2046129 0.001142235
vt 0.1399809 0.02232505
vt 0.1388722 0.01884776
vt -0.2434536 -0.1056216
vt -0.1791927 -0.08327137
vt -0.180346 -0.08007256
vt -0.001424916 -0.235521
vt -0.004429421 -0.2334529
vt -0.04221379 -0.2900333
vt -0.1680894 -0.0825824
vt -0.166825 -0.08573895
vt -0.1039577 -0.05972544
vt 0.05244833 -0.1692366
vt 0.01778089 -0.2277786
vt 0.0209452 -0.2295928
vt -0.09057003 0.1073081
vt -0.08941171 0.1038494
vt -0.08001752 0.1073119
vt -0.04054797 0.0009066954
vt -0.04999694 -0.002403331
vt -0.04885175 -0.005605058
vt 0.04699931 0.1586012
vt 0.04238195 0.1538865
vt 0.05749576 0.1575148
vt -0.1003982 -0.03608186
vt -0.08508767 -0.03876114
vt -0.08990825 -0.03493469
vt -0.1496376 0.03464793
vt -0.1562508 0.03569935
vt -0.1561622 0.03324813
vt -0.1522484 0.05224938
vt -0.1587918 0.05094032
vt -0.1577483 0.04872051
vt -0.155979 0.05439042
vt -0.1614247 0.05077854
vt -0.1595562 0.04918962
vt -0.15096 0.03426058
vt -0.1540336 0.02874716
vt -0.1516342 0.02823818
vt -0.1249002 0.01188709
vt -0.1246393 0.005832701
vt -0.122323 0.006639807
vt -0.08713582 0.02261302
vt -0.08400742 0.01767448
vt -0.08233824 0.01947177
vt -0.05968143 0.06519723
vt -0.05483455 0.0621326
vt -0.05397154 0.0644286
vt -0.05192592 0.1120064
vt -0.04622727 0.1111584
vt -0.04622974 0.1136113
vt -0.07140493 0.1365437
vt -0.06585445 0.1385966
vt -0.06695054 0.1407908
vt -0.3627646 -0.01151878
vt -0.3698331 -0.01567911
vt -0.3683526 -0.01834482
vt -0.2914607 -0.05940057
vt -0.2905414 -0.06210756
vt -0.2826829 -0.05975882
vt -0.3519786 0.02337329
vt -0.3512374 0.02124887
vt -0.286907 0.04339838
vt -0.2898334 0.04090881
vt -0.3535588 0.01707449
vt -0.3526768 0.01471664
vt 0.120744 0.1193881
vt 0.1192844 0.1163565
vt 0.1820125 0.0898893
vt 0.09359366 0.09933865
vt 0.09251995 0.09614991
vt 0.1569647 0.07445015
vt 0.0713338 0.03490298
vt 0.07029076 0.03170409
vt 0.134941 0.01062427
vt 0.135984 0.01382316
vt 0.04151248 -0.04793395
vt 0.04019134 -0.05102838
vt 0.1027301 -0.07772885
vt 0.1040512 -0.07463443
vt -0.03307671 -0.1129499
vt -0.03546786 -0.115317
vt 0.01237183 -0.1636427
vt 0.01476298 -0.1612755
vt -0.1574475 0.03151857
vt -0.1602974 0.03330717
vt -0.196445 -0.0242893
vt -0.1935951 -0.02607789
vt -0.1192844 0.1163565
vt -0.120744 0.1193881
vt -0.1820125 0.0898893
vt -0.1805529 0.08685773
vt -0.06204311 0.005387328
vt -0.06313855 0.008606419
vt -0.1264179 -0.01651904
vt -0.09889992 0.108762
vt -0.1001155 0.112201
vt -0.1642282 0.08953912
vt -0.04019134 -0.05102837
vt -0.04151249 -0.04793395
vt -0.1040512 -0.07463442
vt -0.1027301 -0.07772884
vt 0.0354679 -0.115317
vt 0.03307675 -0.1129499
vt -0.01476292 -0.1612756
vt -0.01237177 -0.1636427
vt 0.1602974 0.03330722
vt 0.1574475 0.03151863
vt 0.1935952 -0.02607782
vt 0.196445 -0.02428923
vt -0.02425348 -0.1267356
vt -0.02276656 -0.1297539
vt -0.01386859 -0.1248622
vt 0.3586741 -0.0587687
vt 0.3567244 -0.06151084
vt 0.3636693 -0.0658745
vt 0.3650765 -0.06389549
vt -0.07355447 -0.04881376
vt -0.07267089 -0.05206032
vt -0.06300293 -0.04895664
vt -0.06364705 -0.04658988
vt -0.09475493 0.0303257
vt -0.08420243 0.03032925
vt -0.08487933 0.03268683
vt -0.1133652 0.08543473
vt -0.1040728 0.08952789
vt -0.1049598 0.09181477
vt -0.1402713 0.09886834
vt -0.1384105 0.09606509
vt -0.1302114 0.1020549
vt -0.1315679 0.1040985
vt -0.1602103 0.01471577
vt -0.1571063 0.01341729
vt -0.1536123 0.02295117
vt -0.1558751 0.02389775
vt -0.06807925 -0.0895607
vt -0.06528021 -0.08769356
vt -0.0712886 -0.07950806
vt -0.07332912 -0.08086924
vt 0.0112557 -0.04226034
vt 0.01292109 -0.03933675
vt 0.003881421 -0.03471211
vt 0.002667339 -0.0368434
vt 0.04735148 0.03827546
vt 0.04847926 0.04144547
vt 0.03876951 0.04441597
vt 0.03794737 0.04210502
vt 0.07036235 0.1057373
vt 0.07125764 0.1089807
vt 0.06135828 0.1112403
vt 0.06070563 0.1088759
vt 0.09327833 0.1362106
vt 0.09420198 0.139446
vt 0.08432283 0.1417923
vt 0.08364949 0.1394337
vt 0.1431163 0.08024581
vt 0.145137 0.08293609
vt 0.1352795 0.08670238
vt -0.1499649 0.03397205
vt -0.1555549 0.03747914
vt -0.1565413 0.03523338
vt 0.3639795 -0.01205671
vt 0.3627296 -0.0151806
vt 0.3705062 -0.01778788
vt 0.3714083 -0.01553333
vt 0.3545235 -0.0401054
vt 0.3536316 -0.04334971
vt 0.3616515 -0.0450689
vt 0.3622951 -0.04272746
vt 0.3388329 -0.105718
vt 0.3380852 -0.1089986
vt 0.3461731 -0.1103619
vt 0.3467128 -0.1079943
vt 0.2933307 -0.2107223
vt 0.2922282 -0.2139011
vt 0.3009138 -0.213848
vt -0.2926927 0.1178948
vt -0.2929182 0.1204022
vt -0.3013782 0.1178634
vt -0.3412507 0.08179073
vt -0.3420042 0.08506992
vt -0.34988 0.08277979
vt -0.3493362 0.08041312
vt -0.3190647 0.04305321
vt -0.3199049 0.0463113
vt -0.3277172 0.04381327
vt -0.3271109 0.0414619
vt -0.2903818 0.1075455
vt -0.2906675 0.1097772
vt -0.2991608 0.1079604
vt -0.06620754 -0.3043726
vt -0.07009628 -0.3115943
vt -0.0680275 -0.3128658
vt 0.2540606 -0.2329551
vt 0.2509203 -0.2341632
vt 0.2542974 -0.2416378
vt 0.2565638 -0.2407659
vt 0.1358794 0.08714156
vt 0.1340625 0.08553047
vt 0.1332946 0.08322679
vt 0.1337814 0.08084778
vt 0.1353925 0.07903089
vt 0.1382863 0.08009143
vt 0.1401032 0.08170254
vt 0.1408711 0.08400621
vt 0.1405621 0.08686043
vt 0.1382584 0.08762837
vt -0.2224832 0.05593913
vt -0.2869279 0.03423936
vt -0.2858543 0.0310506
vt -0.2214094 0.05275039
vt -0.2432809 0.06039052
vt -0.3045495 0.03089173
vt -0.3030898 0.02786016
vt -0.2418213 0.05735895
vt -0.2325927 -0.08188575
vt -0.2687403 -0.1394822
vt -0.2658904 -0.1412708
vt 0.1080512 -0.260294
vt 0.1104424 -0.2579269
vt 0.06260265 -0.2096012
vt 0.1652687 -0.1044293
vt 0.2278074 -0.1311298
vt 0.2291286 -0.1280353
vt 0.1665899 -0.1013349
vt 0.1995911 -0.01045552
vt 0.2642413 -0.03153533
vt 0.2652844 -0.02833644
vt 0.2006342 -0.007256622
vt 0.2214094 0.05275041
vt 0.2858542 0.03105065
vt 0.2869279 0.03423938
vt 0.2224832 0.05593914
vt 0.2418213 0.05735894
vt 0.3030898 0.02786016
vt 0.3045494 0.03089174
vt 0.2432809 0.06039052
vt 0.2297428 -0.08367425
vt 0.2658905 -0.1412707
vt 0.2687404 -0.1394821
vt 0.2325927 -0.08188567
vt -0.06260259 -0.2096012
vt -0.1104423 -0.2579269
vt -0.1080511 -0.260294
vt -0.2291286 -0.1280353
vt -0.2278075 -0.1311297
vt -0.1652688 -0.1044293
vt -0.2006342 -0.007256629
vt -0.2652844 -0.02833644
vt -0.2642413 -0.03153533
vt -0.1995911 -0.01045552
vt 0.2658905 -0.1412707
vt 0.3020381 -0.1988671
vt 0.304888 -0.1970786
vt 0.2687404 -0.1394821
vt -0.1104423 -0.2579269
vt -0.1582819 -0.3062525
vt -0.1080511 -0.260294
vt -0.2291286 -0.1280353
vt -0.2903461 -0.1578301
vt -0.2278075 -0.1311297
vt -0.2652844 -0.02833644
vt -0.3299345 -0.04941621
vt -0.2642413 -0.03153533
vt -0.2831803 0.03807929
vt -0.3480792 0.0176555
vt -0.3470359 0.0144567
vt -0.282137 0.03488047
vt -0.3023065 0.04056675
vt -0.364285 0.01250145
vt -0.3629172 0.009427315
vt -0.3009387 0.03749263
vt -0.2687403 -0.1394822
vt -0.302038 -0.1988672
vt -0.2658904 -0.1412708
vt 0.1080512 -0.260294
vt 0.1558909 -0.3086196
vt 0.158282 -0.3062524
vt 0.1104424 -0.2579269
vt 0.2278074 -0.1311298
vt 0.2903461 -0.1578302
vt 0.2916673 -0.1547357
vt 0.2291286 -0.1280353
vt 0.2642413 -0.03153533
vt 0.3288915 -0.05261511
vt 0.3299345 -0.04941621
vt 0.2652844 -0.02833644
vt 0.2858542 0.03105065
vt 0.3502989 0.00935091
vt 0.3513726 0.01253964
vt 0.2869279 0.03423938
vt 0.3030898 0.02786016
vt 0.3643582 -0.001638627
vt 0.3658178 0.001392947
vt 0.3045494 0.03089174
vt 0.2418213 0.05735894
vt 0.2432809 0.06039052
vt 0.1820125 0.0898893
vt 0.1935952 -0.02607782
vt 0.2297428 -0.08367425
vt 0.2325927 -0.08188567
vt 0.196445 -0.02428923
vt -0.01476292 -0.1612756
vt -0.06260259 -0.2096012
vt -0.01237177 -0.1636427
vt -0.1040512 -0.07463442
vt -0.1652688 -0.1044293
vt -0.1027301 -0.07772884
vt -0.135984 0.01382317
vt -0.2006342 -0.007256629
vt -0.1995911 -0.01045552
vt -0.2224832 0.05593913
vt -0.2214094 0.05275039
vt -0.1569647 0.07445014
vt -0.1820125 0.0898893
vt -0.2432809 0.06039052
vt -0.2418213 0.05735895
vt -0.1805529 0.08685773
vt -0.196445 -0.0242893
vt -0.2325927 -0.08188575
vt -0.1935951 -0.02607789
vt 0.01237183 -0.1636427
vt 0.06260265 -0.2096012
vt 0.01476298 -0.1612755
vt 0.1027301 -0.07772885
vt 0.1652687 -0.1044293
vt 0.1665899 -0.1013349
vt 0.1040512 -0.07463443
vt 0.134941 0.01062427
vt 0.1995911 -0.01045552
vt 0.2006342 -0.007256622
vt 0.135984 0.01382316
vt 0.1569647 0.07445015
vt 0.2214094 0.05275041
vt 0.2224832 0.05593914
vt -0.06580949 0.01591328
vt -0.1299898 -0.006578889
vt -0.1292261 -0.008863826
vt -0.1575691 0.07391873
vt -0.1561987 0.0698046
vt -0.0919177 0.09200732
vt -0.2226294 0.04847647
vt -0.1577391 0.0689033
vt -0.1591215 0.07301345
vt -0.1333217 -0.009177631
vt -0.1340677 -0.00688686
vt -0.1988502 -0.02765284
vt 0.139816 -0.2348518
vt 0.08709062 -0.1902868
vt 0.0855471 -0.1937396
vt -0.2432177 -0.03207079
vt -0.2449679 -0.02898868
vt -0.2923933 -0.07915673
vt 0.1115123 -0.1870812
vt 0.112714 -0.1834951
vt 0.05651147 -0.1469535
vt -0.1959309 0.04060868
vt -0.2482383 -0.001319163
vt -0.2468537 -0.004581918
vt -0.009120708 -0.3620141
vt -0.01244027 -0.3584049
vt -0.01533284 -0.3680847
vt -0.3512981 -0.06782366
vt -0.34152 -0.06528316
vt -0.3444011 -0.06254388
vt -0.321524 -0.05553322
vt -0.3185209 -0.05813814
vt -0.2565129 -0.03531226
vt 0.1021845 -0.2732839
vt 0.0913904 -0.338472
vt 0.09556504 -0.3410445
vt 0.1386448 0.09271065
vt 0.1929664 0.05178188
vt 0.1954734 0.05521617
vt 0.1388545 0.03211737
vt 0.1399724 0.03559171
vt 0.07506116 0.05590266
vt 0.1969457 0.04796904
vt 0.1943066 0.04463518
vt 0.2482683 0.003233022
vt 0.2095294 0.01317941
vt 0.1448975 0.03436224
vt 0.1437887 0.03088494
vt -0.2492795 -0.09293291
vt -0.1850186 -0.07058265
vt -0.1861719 -0.06738384
vt -0.00936405 -0.2318237
vt -0.01236856 -0.2297556
vt -0.05015289 -0.286336
vt -0.1742658 -0.07006922
vt -0.1730014 -0.07322577
vt -0.1101341 -0.04721225
vt 0.04455774 -0.1656364
vt 0.009890324 -0.2241784
vt 0.01305463 -0.2259926
vt -0.09478613 0.1150036
vt -0.09362781 0.1115449
vt -0.08423363 0.1150074
vt -0.04636664 0.01360129
vt -0.05581562 0.01029126
vt -0.05467043 0.007089529
vt 0.0526462 0.1607564
vt 0.04802883 0.1560418
vt 0.06314265 0.15967
vt -0.1041324 -0.02264821
vt -0.08882186 -0.02532749
vt -0.09364244 -0.02150104
vt -0.14794 0.04824099
vt -0.1545532 0.04929241
vt -0.1544646 0.04684119
vt -0.1500435 0.06422467
vt -0.156587 0.06291559
vt -0.1555434 0.06069579
vt -0.1524526 0.06413099
vt -0.1578983 0.06051911
vt -0.1560297 0.05893019
vt -0.1454706 0.04267669
vt -0.1485442 0.03716327
vt -0.1461448 0.03665429
vt -0.117656 0.02118222
vt -0.117395 0.01512783
vt -0.1150788 0.01593493
vt -0.07922415 0.03372056
vt -0.07609575 0.02878202
vt -0.07442658 0.03057931
vt -0.05179004 0.07667767
vt -0.04694315 0.07361304
vt -0.04608014 0.07590904
vt -0.04409317 0.1219137
vt -0.03839452 0.1210657
vt -0.03839699 0.1235185
vt -0.06346667 0.1445595
vt -0.05791619 0.1466124
vt -0.05901229 0.1488067
vt -0.3646548 -0.01656505
vt -0.3717234 -0.02072537
vt -0.3702428 -0.02339108
vt -0.2978302 -0.0473251
vt -0.2969109 -0.05003209
vt -0.2890524 -0.04768334
vt -0.3559649 0.03022011
vt -0.3552237 0.0280957
vt -0.2908933 0.05024522
vt -0.2934757 0.04625063
vt -0.3572011 0.02241632
vt -0.356319 0.02005845
vt 0.111637 0.1076865
vt 0.1101774 0.1046549
vt 0.1729055 0.07818776
vt 0.07799189 0.06280956
vt 0.07691818 0.05962083
vt 0.1413629 0.03792111
vt 0.0515906 -0.01555412
vt 0.05054757 -0.01875302
vt 0.1151978 -0.03983277
vt 0.1162408 -0.03663388
vt 0.0173955 -0.09645282
vt 0.01607436 -0.09954725
vt 0.07861309 -0.1262476
vt 0.07993422 -0.1231532
vt -0.06341899 -0.1385844
vt -0.06581014 -0.1409515
vt -0.01797039 -0.1892771
vt -0.01557924 -0.1869099
vt -0.1680605 0.04187375
vt -0.1709103 0.04366234
vt -0.207058 -0.01393408
vt -0.2042082 -0.01572267
vt -0.1101774 0.1046549
vt -0.111637 0.1076865
vt -0.1729055 0.07818778
vt -0.1714459 0.0751562
vt -0.04115292 -0.04628849
vt -0.04224835 -0.0430694
vt -0.1055277 -0.06819479
vt -0.08443734 0.07723525
vt -0.0856529 0.08067422
vt -0.1497657 0.05801242
vt -0.01607437 -0.09954724
vt -0.01739551 -0.09645282
vt -0.07993425 -0.1231532
vt -0.07861311 -0.1262476
vt 0.06581019 -0.1409515
vt 0.06341904 -0.1385844
vt 0.0155793 -0.18691
vt 0.01797045 -0.1892771
vt 0.1709103 0.04366239
vt 0.1680605 0.04187379
vt 0.2042082 -0.01572262
vt 0.207058 -0.01393402
vt 0.001970843 -0.1579584
vt 0.003457758 -0.1609767
vt 0.01235574 -0.156085
vt 0.3571913 -0.07549822
vt 0.3552416 -0.07824036
vt 0.3621866 -0.08260401
vt 0.3635938 -0.080625
vt -0.05402751 -0.09955854
vt -0.05314394 -0.1028051
vt -0.04347596 -0.09970143
vt -0.04412008 -0.09733467
vt -0.07919917 -0.02148511
vt -0.06864666 -0.02148157
vt -0.06932356 -0.019124
vt -0.1023626 0.04723025
vt -0.09307016 0.0513234
vt -0.09395716 0.05361027
vt -0.1372447 0.083481
vt -0.1353839 0.08067773
vt -0.1271848 0.08666756
vt -0.1285413 0.08871111
vt -0.1758924 0.01478466
vt -0.1727884 0.01348618
vt -0.1692945 0.02302006
vt -0.1715572 0.02396664
vt -0.09904613 -0.1144944
vt -0.09624709 -0.1126272
vt -0.1022555 -0.1044417
vt -0.104296 -0.1058029
vt -0.01608567 -0.08893789
vt -0.01442028 -0.0860143
vt -0.02345995 -0.08138967
vt -0.02467403 -0.08352096
vt 0.0240239 -0.01083836
vt 0.02515167 -0.007668346
vt 0.01544193 -0.00469786
vt 0.01461978 -0.007008804
vt 0.05044967 0.07015522
vt 0.05134494 0.07339857
vt 0.0414456 0.07565822
vt 0.04079294 0.07329379
vt 0.07760839 0.1256111
vt 0.07853205 0.1288465
vt 0.06865288 0.1311927
vt 0.06797954 0.1288342
vt 0.1420995 0.09913679
vt 0.1441202 0.1018271
vt 0.1342627 0.1055933
vt -0.1594745 -0.0209305
vt -0.1650645 -0.01742341
vt -0.1660509 -0.01966916
vt 0.3542773 -0.05082425
vt 0.3530274 -0.05394815
vt 0.360804 -0.05655542
vt 0.3617061 -0.05430086
vt 0.3402207 -0.09227183
vt 0.3393289 -0.09551613
vt 0.3473487 -0.09723531
vt 0.3479924 -0.09489388
vt 0.3208176 -0.1570907
vt 0.32007 -0.1603712
vt 0.3281579 -0.1617345
vt 0.3286975 -0.1593669
vt 0.2694856 -0.244363
vt 0.2683831 -0.2475419
vt 0.2770687 -0.2474887
vt -0.2688895 0.09481643
vt -0.2691149 0.09732378
vt -0.277575 0.09478503
vt -0.323778 0.07093459
vt -0.3245315 0.07421379
vt -0.3324073 0.07192366
vt -0.3318635 0.06955698
vt -0.2980368 0.00758222
vt -0.2988769 0.01084032
vt -0.3066893 0.008342279
vt -0.306083 0.005990912
vt -0.2662922 0.07926378
vt -0.2665778 0.08149556
vt -0.2750711 0.07967872
vt -0.03529592 -0.3297012
vt -0.03918467 -0.3369229
vt -0.03711588 -0.3381943
vt 0.2706348 -0.2356712
vt 0.2674945 -0.2368793
vt 0.2708716 -0.2443539
vt 0.273138 -0.243482
vt 0.1609227 0.03705346
vt 0.1591059 0.03544239
vt 0.1583379 0.03313869
vt 0.1588247 0.0307597
vt 0.1604358 0.0289428
vt 0.1633297 0.03000334
vt 0.1651466 0.03161445
vt 0.1659145 0.03391812
vt 0.1656054 0.03677234
vt 0.1633017 0.03754028
vt -0.2068814 0.01941015
vt -0.2713262 -0.002289554
vt -0.2702525 -0.005478313
vt -0.2058077 0.01622141
vt -0.234174 0.04868905
vt -0.2954426 0.01919032
vt -0.2939829 0.01615875
vt -0.2327144 0.04565748
vt -0.2432057 -0.07153049
vt -0.2793534 -0.1291269
vt -0.2765035 -0.1309155
vt 0.07770912 -0.2859282
vt 0.08010028 -0.2835611
vt 0.03226051 -0.2352355
vt 0.1411518 -0.152948
vt 0.2036906 -0.1796484
vt 0.2050117 -0.176554
vt 0.142473 -0.1498536
vt 0.179848 -0.06091251
vt 0.2444982 -0.08199227
vt 0.2455412 -0.07879338
vt 0.180891 -0.05771362
vt 0.2058077 0.01622142
vt 0.2702524 -0.005478292
vt 0.2713261 -0.002289559
vt 0.2068814 0.01941015
vt 0.2327144 0.04565747
vt 0.2939829 0.01615874
vt 0.2954425 0.01919032
vt 0.234174 0.04868904
vt 0.2403558 -0.07331903
vt 0.2765036 -0.1309154
vt 0.2793534 -0.1291268
vt 0.2432057 -0.07153042
vt -0.03226043 -0.2352355
vt -0.08010017 -0.2835612
vt -0.07770903 -0.2859282
vt -0.2050117 -0.176554
vt -0.2036906 -0.1796484
vt -0.1411518 -0.152948
vt -0.180891 -0.05771362
vt -0.2455412 -0.07879337
vt -0.2444982 -0.08199226
vt -0.179848 -0.06091251
vt 0.2765036 -0.1309154
vt 0.3126512 -0.1885118
vt 0.3155011 -0.1867232
vt 0.2793534 -0.1291268
vt -0.08010017 -0.2835612
vt -0.1279399 -0.3318867
vt -0.07770903 -0.2859282
vt -0.2050117 -0.176554
vt -0.2662292 -0.2063487
vt -0.2036906 -0.1796484
vt -0.2455412 -0.07879337
vt -0.3101913 -0.09987308
vt -0.2444982 -0.08199226
vt -0.2667543 0.00178611
vt -0.3316533 -0.01863762
vt -0.33061 -0.02183643
vt -0.2657111 -0.001412717
vt -0.2919661 0.0293039
vt -0.3539446 0.00123866
vt -0.3525769 -0.001835471
vt -0.2905983 0.02622978
vt -0.2793534 -0.1291269
vt -0.3126512 -0.1885119
vt -0.2765035 -0.1309155
vt 0.07770912 -0.2859282
vt 0.1255489 -0.3342537
vt 0.12794 -0.3318866
vt 0.08010028 -0.2835611
vt 0.2036906 -0.1796484
vt 0.2662292 -0.2063487
vt 0.2675504 -0.2032543
vt 0.2050117 -0.176554
vt 0.2444982 -0.08199227
vt 0.3091483 -0.103072
vt 0.3101913 -0.0998731
vt 0.2455412 -0.07879338
vt 0.2702524 -0.005478292
vt 0.3346971 -0.02717798
vt 0.3357708 -0.02398925
vt 0.2713261 -0.002289559
vt 0.2939829 0.01615874
vt 0.3552513 -0.01333997
vt 0.3567109 -0.0103084
vt 0.2954425 0.01919032
vt 0.2327144 0.04565747
vt 0.234174 0.04868904
vt 0.1729055 0.07818776
vt 0.2042082 -0.01572262
vt 0.2403558 -0.07331903
vt 0.2432057 -0.07153042
vt 0.207058 -0.01393402
vt 0.0155793 -0.18691
vt -0.03226043 -0.2352355
vt 0.01797045 -0.1892771
vt -0.07993425 -0.1231532
vt -0.1411518 -0.152948
vt -0.07861311 -0.1262476
vt -0.1162408 -0.03663387
vt -0.180891 -0.05771362
vt -0.179848 -0.06091251
vt -0.2068814 0.01941015
vt -0.2058077 0.01622141
vt -0.1413629 0.03792112
vt -0.1729055 0.07818778
vt -0.234174 0.04868905
vt -0.2327144 0.04565748
vt -0.1714459 0.0751562
vt -0.207058 -0.01393408
vt -0.2432057 -0.07153049
vt -0.2042082 -0.01572267
vt -0.01797039 -0.1892771
vt 0.03226051 -0.2352355
vt -0.01557924 -0.1869099
vt 0.07861309 -0.1262476
vt 0.1411518 -0.152948
vt 0.142473 -0.1498536
vt 0.07993422 -0.1231532
vt 0.1151978 -0.03983277
vt 0.179848 -0.06091251
vt 0.180891 -0.05771362
vt 0.1162408 -0.03663388
vt 0.1413629 0.03792111
vt 0.2058077 0.01622142
vt 0.2068814 0.01941015
vt -0.04533087 -0.03555132
vt -0.1095112 -0.05804341
vt -0.1087475 -0.06032835
vt -0.1416787 0.03497417
vt -0.1403082 0.03086006
vt -0.07602723 0.05306272
vt -0.2070596 0.009432374
vt -0.1421693 0.02985915
vt -0.1435516 0.03396931
vt -0.1134666 -0.06087222
vt -0.1142126 -0.05858144
vt -0.1789951 -0.07934737
vt 0.1103794 -0.2673475
vt 0.05765389 -0.2227826
vt 0.05611037 -0.2262353
vt -0.2470728 -0.02635501
vt -0.248823 -0.02327291
vt -0.2962485 -0.07344089
vt 0.08334583 -0.2216006
vt 0.08454746 -0.2180145
vt 0.02834492 -0.1814731
vt -0.1958086 0.04812784
vt -0.248116 0.006200063
vt -0.2467314 0.002937306
vt 0.02120995 -0.3672936
vt 0.0178904 -0.3636844
vt 0.01499781 -0.3733642
vt -0.3337934 -0.1207786
vt -0.3240153 -0.1182381
vt -0.3268964 -0.1154988
vt -0.3004248 -0.1062561
vt -0.2974218 -0.108861
vt -0.2354138 -0.08603518
vt 0.1295027 -0.2754984
vt 0.1187085 -0.3406865
vt 0.1228832 -0.343259
vt 0.1364762 0.09639976
vt 0.1907979 0.05547105
vt 0.1933049 0.05890534
vt 0.119609 -0.01615564
vt 0.120727 -0.0126813
vt 0.05581571 0.007629595
vt 0.1961737 0.05074978
vt 0.1935346 0.04741592
vt 0.2474963 0.006013826
vt 0.191185 -0.03539088
vt 0.1265531 -0.0142081
vt 0.1254443 -0.01768539
vt -0.2272806 -0.1441583
vt -0.1630196 -0.1218081
vt -0.1641729 -0.1186093
vt 0.02160612 -0.2477555
vt 0.01860161 -0.2456874
vt -0.0191828 -0.3022678
vt -0.1508476 -0.1206378
vt -0.1495832 -0.1237944
vt -0.08671588 -0.09778093
vt 0.0754303 -0.1812406
vt 0.0407628 -0.2397827
vt 0.04392712 -0.2415969
vt -0.07923647 0.08378109
vt -0.07807815 0.08032242
vt -0.06868397 0.08378489
vt -0.02439689 -0.03764402
vt -0.03384586 -0.04095403
vt -0.03270068 -0.04415577
vt 0.03136947 0.1520288
vt 0.02675212 0.1473141
vt 0.04186593 0.1509423
vt -0.09049766 -0.07657274
vt -0.07518712 -0.07925203
vt -0.08000769 -0.07542558
vt -0.1555745 -0.006161882
vt -0.1621878 -0.005110458
vt -0.1620992 -0.007561679
vt -0.1596383 0.01595896
vt -0.1661817 0.01464989
vt -0.1651382 0.01243009
vt -0.1671309 0.02449528
vt -0.1725766 0.02088339
vt -0.170708 0.01929447
vt -0.1676192 0.008111911
vt -0.1706927 0.002598488
vt -0.1682933 0.00208951
vt -0.1463183 -0.01690156
vt -0.1460573 -0.02295595
vt -0.143741 -0.02214884
vt -0.1101515 -0.01137787
vt -0.1070231 -0.01631642
vt -0.1053539 -0.01451912
vt -0.08243046 0.03040802
vt -0.07758357 0.0273434
vt -0.07672056 0.02963939
vt -0.07445011 0.08228548
vt -0.06875146 0.08143749
vt -0.06875394 0.08389034
vt -0.09437573 0.1129176
vt -0.08882526 0.1149705
vt -0.08992135 0.1171648
vt -0.3582994 0.00300071
vt -0.3653679 -0.001159599
vt -0.3638874 -0.003825314
vt -0.2736269 -0.09608884
vt -0.2727076 -0.09879583
vt -0.264849 -0.0964471
vt -0.3413292 0.002375929
vt -0.340588 0.0002515267
vt -0.2762576 0.02240099
vt -0.2802056 0.02439747
vt -0.343931 0.0005632142
vt -0.343049 -0.00179466
vt 0.1101815 0.1043657
vt 0.1087219 0.1013341
vt 0.17145 0.074867
vt 0.07495526 0.05338642
vt 0.07388155 0.05019768
vt 0.1383263 0.02849799
vt 0.04752138 -0.02845096
vt 0.04647835 -0.03164986
vt 0.1111286 -0.0527296
vt 0.1121716 -0.0495307
vt 0.01220453 -0.1089404
vt 0.0108834 -0.1120349
vt 0.07342215 -0.1387352
vt 0.07474329 -0.1356408
vt -0.07036329 -0.1456408
vt -0.07275444 -0.1480079
vt -0.02491466 -0.1963335
vt -0.02252351 -0.1939663
vt -0.1711982 0.04369057
vt -0.1740481 0.04547916
vt -0.2101958 -0.01211726
vt -0.2073459 -0.01390585
vt -0.1087219 0.1013341
vt -0.1101815 0.1043657
vt -0.17145 0.074867
vt -0.1699905 0.07183541
vt -0.03679325 -0.05950109
vt -0.0378887 -0.056282
vt -0.1011681 -0.08140738
vt -0.08168106 0.0690498
vt -0.08289661 0.07248877
vt -0.1470094 0.04982699
vt -0.0108834 -0.1120349
vt -0.01220454 -0.1089404
vt -0.07474329 -0.1356408
vt -0.07342215 -0.1387352
vt 0.07275449 -0.1480079
vt 0.07036334 -0.1456408
vt 0.02252358 -0.1939663
vt 0.02491472 -0.1963335
vt 0.1740481 0.04547921
vt 0.1711982 0.04369061
vt 0.207346 -0.01390578
vt 0.2101959 -0.01211718
vt 0.007720842 -0.1661612
vt 0.009207763 -0.1691795
vt 0.01810574 -0.1642878
vt 0.3575464 -0.08019657
vt 0.3555966 -0.08293872
vt 0.3625416 -0.08730237
vt 0.3639488 -0.08532335
vt -0.0500128 -0.1124807
vt -0.04912923 -0.1157273
vt -0.03946126 -0.1126236
vt -0.04010538 -0.1102568
vt -0.0761739 -0.03468579
vt -0.0656214 -0.03468224
vt -0.06629829 -0.03232468
vt -0.1004497 0.03735419
vt -0.09115727 0.04144733
vt -0.09204425 0.04373421
vt -0.1372366 0.07913721
vt -0.1353758 0.07633395
vt -0.1271767 0.08232377
vt -0.1285333 0.08436732
vt -0.1801597 0.01397297
vt -0.1770557 0.01267448
vt -0.1735618 0.02220837
vt -0.1758246 0.02315494
vt -0.1062892 -0.1214753
vt -0.1034902 -0.1196081
vt -0.1094986 -0.1114226
vt -0.1115391 -0.1127838
vt -0.02214023 -0.101052
vt -0.02047485 -0.09812845
vt -0.02951452 -0.09350382
vt -0.03072859 -0.09563512
vt 0.01903859 -0.02341801
vt 0.02016636 -0.020248
vt 0.01045661 -0.01727751
vt 0.009634468 -0.01958846
vt 0.04633766 0.06102059
vt 0.04723293 0.06426394
vt 0.03733359 0.06652359
vt 0.03668093 0.06415915
vt 0.07455494 0.1227146
vt 0.07547858 0.1259499
vt 0.06559942 0.1282962
vt 0.06492607 0.1259376
vt 0.1425638 0.1033199
vt 0.1445844 0.1060102
vt 0.1347269 0.1097765
vt -0.1623632 -0.03443154
vt -0.1679532 -0.03092445
vt -0.1689397 -0.0331702
vt 0.3526785 -0.06084691
vt 0.3514286 -0.0639708
vt 0.3592052 -0.06657808
vt 0.3601073 -0.06432351
vt 0.3375037 -0.1055494
vt 0.3366119 -0.1087938
vt 0.3446317 -0.1105129
vt 0.3452753 -0.1081715
vt 0.3171821 -0.1701317
vt 0.3164344 -0.1734123
vt 0.3245223 -0.1747756
vt 0.3250619 -0.172408
vt 0.2643657 -0.253065
vt 0.2632632 -0.2562439
vt 0.2719488 -0.2561907
vt -0.2637804 0.08897118
vt -0.2640058 0.09147851
vt -0.2724659 0.08893979
vt -0.3202777 0.06802115
vt -0.3210312 0.07130034
vt -0.328907 0.06901023
vt -0.3283632 0.06664355
vt -0.2936421 -0.001507861
vt -0.2944822 0.001750234
vt -0.3022946 -0.0007477911
vt -0.3016883 -0.003099159
vt -0.2611083 0.072086
vt -0.261394 0.07431779
vt -0.2698873 0.07250095
vt -0.02803429 -0.336792
vt -0.03192304 -0.3440136
vt -0.02985426 -0.3452851
vt 0.2750981 -0.2371813
vt 0.2719578 -0.2383894
vt 0.275335 -0.245864
vt 0.2776013 -0.2449921
vt 0.1671836 0.02453141
vt 0.1653667 0.02292034
vt 0.1645988 0.02061664
vt 0.1650856 0.01823765
vt 0.1666967 0.01642076
vt 0.1695905 0.01748129
vt 0.1714074 0.0190924
vt 0.1721753 0.02139607
vt 0.1718663 0.02425029
vt 0.1695626 0.02501823
vt -0.2038448 0.009987045
vt -0.2682895 -0.01171264
vt -0.2672159 -0.0149014
vt -0.2027711 0.006798302
vt -0.2327185 0.0453683
vt -0.2939871 0.01586958
vt -0.2925274 0.01283802
vt -0.2312589 0.04233672
vt -0.2463435 -0.06971364
vt -0.2824913 -0.1273101
vt -0.2796414 -0.1290987
vt 0.07076489 -0.2929845
vt 0.07315604 -0.2906174
vt 0.02531626 -0.2422919
vt 0.1359609 -0.1654356
vt 0.1984996 -0.192136
vt 0.1998208 -0.1890415
vt 0.137282 -0.1623412
vt 0.1757787 -0.07380931
vt 0.240429 -0.09488904
vt 0.241472 -0.09169015
vt 0.1768218 -0.07061041
vt 0.202771 0.006798317
vt 0.2672158 -0.01490138
vt 0.2682895 -0.01171264
vt 0.2038448 0.009987048
vt 0.2312589 0.04233672
vt 0.2925274 0.01283802
vt 0.2939871 0.01586959
vt 0.2327185 0.0453683
vt 0.2434937 -0.07150215
vt 0.2796414 -0.1290985
vt 0.2824913 -0.1273099
vt 0.2463436 -0.06971355
vt -0.02531618 -0.2422919
vt -0.07315595 -0.2906175
vt -0.0707648 -0.2929846
vt -0.1998208 -0.1890415
vt -0.1984996 -0.192136
vt -0.1359609 -0.1654356
vt -0.1768218 -0.07061042
vt -0.241472 -0.09169015
vt -0.240429 -0.09488904
vt -0.1757787 -0.07380931
vt 0.2796414 -0.1290985
vt 0.3157891 -0.1866949
vt 0.318639 -0.1849063
vt 0.2824913 -0.1273099
vt -0.07315595 -0.2906175
vt -0.1209957 -0.3389429
vt -0.0707648 -0.2929846
vt -0.1998208 -0.1890415
vt -0.2610383 -0.2188363
vt -0.1984996 -0.192136
vt -0.241472 -0.09169015
vt -0.3061221 -0.1127698
vt -0.240429 -0.09488904
vt -0.263514 -0.007569672
vt -0.328413 -0.02799339
vt -0.3273696 -0.0311922
vt -0.2624707 -0.0107685
vt -0.2902133 0.02611788
vt -0.3521918 -0.00194734
vt -0.3508241 -0.005021472
vt -0.2888456 0.02304376
vt -0.2824913 -0.1273101
vt -0.315789 -0.186695
vt -0.2796414 -0.1290987
vt 0.07076489 -0.2929845
vt 0.1186046 -0.34131
vt 0.1209958 -0.3389429
vt 0.07315604 -0.2906174
vt 0.1984996 -0.192136
vt 0.2610383 -0.2188363
vt 0.2623594 -0.2157418
vt 0.1998208 -0.1890415
vt 0.240429 -0.09488904
vt 0.3050791 -0.1159687
vt 0.3061221 -0.1127698
vt 0.241472 -0.09169015
vt 0.2672158 -0.01490138
vt 0.3316605 -0.03660105
vt 0.3327342 -0.03341231
vt 0.2682895 -0.01171264
vt 0.2925274 0.01283802
vt 0.3537959 -0.01666068
vt 0.3552555 -0.01362911
vt 0.2939871 0.01586959
vt 0.2312589 0.04233672
vt 0.2327185 0.0453683
vt 0.17145 0.074867
vt 0.207346 -0.01390578
vt 0.2434937 -0.07150215
vt 0.2463436 -0.06971355
vt 0.2101959 -0.01211718
vt 0.02252358 -0.1939663
vt -0.02531618 -0.2422919
vt 0.02491472 -0.1963335
vt -0.07474329 -0.1356408
vt -0.1359609 -0.1654356
vt -0.07342215 -0.1387352
vt -0.1121716 -0.0495307
vt -0.1768218 -0.07061042
vt -0.1757787 -0.07380931
vt -0.2038448 0.009987045
vt -0.2027711 0.006798302
vt -0.1383263 0.02849798
vt -0.17145 0.074867
vt -0.2327185 0.0453683
vt -0.2312589 0.04233672
vt -0.1699905 0.07183541
vt -0.2101958 -0.01211726
vt -0.2463435 -0.06971364
vt -0.2073459 -0.01390585
vt -0.02491466 -0.1963335
vt 0.02531626 -0.2422919
vt -0.02252351 -0.1939663
vt 0.07342215 -0.1387352
vt 0.1359609 -0.1654356
vt 0.137282 -0.1623412
vt 0.07474329 -0.1356408
vt 0.1111286 -0.0527296
vt 0.1757787 -0.07380931
vt 0.1768218 -0.07061041
vt 0.1121716 -0.0495307
vt 0.1383263 0.02849799
vt 0.202771 0.006798317
vt 0.2038448 0.009987048
vt -0.04107569 -0.0487064
vt -0.105256 -0.07119849
vt -0.1044923 -0.07348343
vt -0.1385708 0.02494998
vt -0.1372003 0.02083586
vt -0.07291933 0.04303851
vt -0.2040309 -0.0006191324
vt -0.1391406 0.01980763
vt -0.1405229 0.02391778
vt -0.1093691 -0.07407798
vt -0.1101152 -0.07178721
vt -0.1748977 -0.09255312
vt 0.103724 -0.2760499
vt 0.0509985 -0.2314851
vt 0.049455 -0.2349379
vt -0.2486696 -0.0255812
vt -0.2504198 -0.02249909
vt -0.2978453 -0.07266705
vt 0.07706075 -0.2307382
vt 0.07826237 -0.2271521
vt 0.02205983 -0.1906106
vt -0.1964821 0.04942954
vt -0.2487895 0.007501794
vt -0.2474049 0.004239037
vt 0.02843442 -0.3694481
vt 0.02511487 -0.3658389
vt 0.02222228 -0.3755186
vt -0.3302851 -0.1342647
vt -0.320507 -0.1317242
vt -0.3233881 -0.1289849
vt -0.296012 -0.1192307
vt -0.293009 -0.1218356
vt -0.231001 -0.09900983
vt 0.1362125 -0.276955
vt 0.1254183 -0.3421431
vt 0.129593 -0.3447156
vt 0.1366702 0.0967847
vt 0.1909919 0.05585603
vt 0.1934988 0.05929032
vt 0.1156652 -0.02850304
vt 0.1167831 -0.02502869
vt 0.05187185 -0.004717818
vt 0.1966952 0.05087935
vt 0.1940562 0.0475455
vt 0.2480179 0.006143425
vt 0.1874672 -0.04781027
vt 0.1228352 -0.02662752
vt 0.1217265 -0.03010481
vt -0.2226379 -0.1572737
vt -0.1583769 -0.1349235
vt -0.1595303 -0.1317247
vt 0.0288321 -0.2524889
vt 0.02582759 -0.2504208
vt -0.01195686 -0.3070012
vt -0.1458388 -0.1336188
vt -0.1445744 -0.1367753
vt -0.08170705 -0.1107619
vt 0.08269527 -0.1859321
vt 0.04802778 -0.2444741
vt 0.05119208 -0.2462883
vt -0.07621269 0.07568625
vt -0.07505438 0.07222757
vt -0.06566019 0.07569003
vt -0.01976169 -0.05076196
vt -0.02921067 -0.05407198
vt -0.02806547 -0.05727371
vt 0.02691138 0.1497768
vt 0.02229403 0.1450622
vt 0.03740784 0.1486904
vt -0.08794427 -0.09017852
vt -0.07263373 -0.09285782
vt -0.07745431 -0.08903136
vt -0.1580377 -0.01978263
vt -0.1646509 -0.0187312
vt -0.1645623 -0.02118242
vt -0.1625463 0.003653124
vt -0.1690897 0.002344056
vt -0.1680461 0.0001242541
vt -0.1711766 0.01414404
vt -0.1766223 0.01053215
vt -0.1747537 0.00894323
vt -0.1732817 -0.001120616
vt -0.1763553 -0.00663404
vt -0.1739559 -0.007143018
vt -0.1532771 -0.02701578
vt -0.1530161 -0.03307018
vt -0.1506999 -0.03226307
vt -0.1174107 -0.02309138
vt -0.1142823 -0.02802992
vt -0.1126132 -0.02623263
vt -0.08948278 0.01861214
vt -0.0846359 0.01554751
vt -0.08377289 0.01784351
vt -0.08139947 0.07237906
vt -0.07570082 0.07153107
vt -0.07570329 0.07398392
vt -0.1015486 0.1052841
vt -0.09599809 0.107337
vt -0.09709419 0.1095312
vt -0.3575024 0.007485123
vt -0.364571 0.003324831
vt -0.3630904 0.0006591141
vt -0.2684133 -0.108583
vt -0.267494 -0.11129
vt -0.2596354 -0.1089413
vt -0.3385304 -0.004885211
vt -0.3377892 -0.007009623
vt -0.2734588 0.01513982
vt -0.2777413 0.01861503
vt -0.3414667 -0.005219216
vt -0.3405847 -0.007577078
vt 0.1093943 0.1007232
vt 0.1079347 0.09769159
vt 0.1706628 0.07122447
vt 0.07262151 0.04372663
vt 0.07154779 0.0405379
vt 0.1359926 0.01883821
vt 0.04415725 -0.04157767
vt 0.04311422 -0.04477657
vt 0.1077644 -0.06585631
vt 0.1088075 -0.06265741
vt 0.007695616 -0.1217192
vt 0.006374479 -0.1248137
vt 0.06891324 -0.151514
vt 0.07023437 -0.1484196
vt -0.07678589 -0.1532242
vt -0.07917704 -0.1555913
vt -0.03133725 -0.2039169
vt -0.02894611 -0.2015497
vt -0.1747302 0.04487914
vt -0.1775801 0.04666773
vt -0.2137278 -0.01092868
vt -0.2108779 -0.01271727
vt -0.1079347 0.09769158
vt -0.1093943 0.1007232
vt -0.1706628 0.07122446
vt -0.1692032 0.06819288
vt -0.03313568 -0.07295257
vt -0.03423112 -0.06973349
vt -0.09751052 -0.09485886
vt -0.07962404 0.0606172
vt -0.08083959 0.06405617
vt -0.1449524 0.04139439
vt -0.006374481 -0.1248136
vt -0.007695618 -0.1217192
vt -0.07023437 -0.1484196
vt -0.06891324 -0.151514
vt 0.07917709 -0.1555913
vt 0.07678594 -0.1532242
vt 0.02894618 -0.2015497
vt 0.03133732 -0.2039169
vt 0.1775801 0.04666778
vt 0.1747302 0.04487919
vt 0.210878 -0.0127172
vt 0.2137279 -0.01092861
vt 0.01281508 -0.1746871
vt 0.014302 -0.1777054
vt 0.02319998 -0.1728137
vt 0.3584919 -0.08531488
vt 0.3565422 -0.08805703
vt 0.3634872 -0.09242067
vt 0.3648943 -0.09044166
vt -0.04670354 -0.1255948
vt -0.04581996 -0.1288414
vt -0.03615199 -0.1257377
vt -0.03679611 -0.123371
vt -0.07385136 -0.04808822
vt -0.06329886 -0.04808467
vt -0.06397576 -0.0457271
vt -0.09921843 0.02721376
vt -0.08992602 0.0313069
vt -0.090813 0.03359378
vt -0.1378377 0.07438907
vt -0.1359769 0.07158581
vt -0.1277779 0.07757564
vt -0.1291344 0.07961918
vt -0.1847092 0.01248675
vt -0.1816052 0.01118827
vt -0.1781112 0.02072215
vt -0.180374 0.02166872
vt -0.1131266 -0.1290644
vt -0.1103276 -0.1271972
vt -0.116336 -0.1190117
vt -0.1183765 -0.1203729
vt -0.02755953 -0.113528
vt -0.02589414 -0.1106044
vt -0.03493381 -0.1059798
vt -0.03614789 -0.1081111
vt 0.01474211 -0.03624268
vt 0.01586988 -0.03307267
vt 0.006160132 -0.03010219
vt 0.005337988 -0.03241313
vt 0.04293044 0.05169145
vt 0.04382572 0.0549348
vt 0.03392637 0.05719445
vt 0.03327371 0.05483001
vt 0.07220455 0.1196173
vt 0.0731282 0.1228527
vt 0.06324904 0.1251989
vt 0.0625757 0.1228404
vt 0.1436127 0.1070639
vt 0.1456334 0.1097542
vt 0.1357758 0.1135204
vt -0.165668 -0.04774984
vt -0.171258 -0.04424275
vt -0.1722444 -0.0464885
vt 0.3517524 -0.07113875
vt 0.3505026 -0.07426266
vt 0.3582792 -0.07686992
vt 0.3591812 -0.07461536
vt 0.3354853 -0.1190192
vt 0.3345935 -0.1222635
vt 0.3426133 -0.1239826
vt 0.3432569 -0.1216412
vt 0.3142529 -0.1833338
vt 0.3135053 -0.1866144
vt 0.3215932 -0.1879777
vt 0.3221328 -0.1856101
vt 0.2599302 -0.2620046
vt 0.2588277 -0.2651834
vt 0.2675133 -0.2651302
vt -0.2593563 0.08306429
vt -0.2595818 0.08557162
vt -0.2680418 0.08303289
vt -0.3174836 0.06494535
vt -0.3182371 0.06822453
vt -0.3261129 0.06593443
vt -0.325569 0.06356775
vt -0.2899491 -0.01077889
vt -0.2907892 -0.007520796
vt -0.2986015 -0.01001882
vt -0.2979952 -0.01237019
vt -0.2566068 0.06482083
vt -0.2568925 0.06705261
vt -0.2653858 0.06523578
vt -0.02115199 -0.3445001
vt -0.02504074 -0.3517217
vt -0.02297196 -0.3529932
vt 0.2798215 -0.2393677
vt 0.2766812 -0.2405758
vt 0.2800583 -0.2480504
vt 0.2823247 -0.2471785
vt 0.1734445 0.01200937
vt 0.1716276 0.0103983
vt 0.1708597 0.0080946
vt 0.1713465 0.005715611
vt 0.1729576 0.003898716
vt 0.1758514 0.004959249
vt 0.1776683 0.006570357
vt 0.1784362 0.008874025
vt 0.1781271 0.01172825
vt 0.1758235 0.01249619
vt -0.201511 0.0003272562
vt -0.2659558 -0.02137243
vt -0.2648821 -0.02456119
vt -0.2004373 -0.002861487
vt -0.2319313 0.04172576
vt -0.2931998 0.01222705
vt -0.2917402 0.009195487
vt -0.2304717 0.03869419
vt -0.2498755 -0.06852506
vt -0.2860233 -0.1261215
vt -0.2831734 -0.1279101
vt 0.06434229 -0.300568
vt 0.06673344 -0.2982008
vt 0.01889366 -0.2498753
vt 0.1314519 -0.1782144
vt 0.1939907 -0.2049148
vt 0.1953118 -0.2018203
vt 0.1327731 -0.17512
vt 0.1724146 -0.08693602
vt 0.2370648 -0.1080158
vt 0.2381078 -0.1048169
vt 0.1734576 -0.08373712
vt 0.2004373 -0.002861471
vt 0.2648821 -0.02456116
vt 0.2659558 -0.02137243
vt 0.201511 0.000327261
vt 0.2304717 0.03869419
vt 0.2917402 0.009195482
vt 0.2931998 0.01222706
vt 0.2319313 0.04172577
vt 0.2470257 -0.07031357
vt 0.2831734 -0.12791
vt 0.2860233 -0.1261214
vt 0.2498756 -0.06852498
vt -0.01889357 -0.2498753
vt -0.06673335 -0.2982009
vt -0.06434221 -0.300568
vt -0.1953118 -0.2018203
vt -0.1939907 -0.2049147
vt -0.131452 -0.1782144
vt -0.1734577 -0.08373713
vt -0.2381078 -0.1048169
vt -0.2370648 -0.1080158
vt -0.1724146 -0.08693602
vt 0.2831734 -0.12791
vt 0.3193211 -0.1855063
vt 0.322171 -0.1837177
vt 0.2860233 -0.1261214
vt -0.06673335 -0.2982009
vt -0.1145731 -0.3465264
vt -0.06434221 -0.300568
vt -0.1953118 -0.2018203
vt -0.2565294 -0.231615
vt -0.1939907 -0.2049147
vt -0.2381078 -0.1048169
vt -0.302758 -0.1258965
vt -0.2370648 -0.1080158
vt -0.2609784 -0.01715535
vt -0.3258773 -0.03757906
vt -0.324834 -0.04077787
vt -0.2599351 -0.02035417
vt -0.2891378 0.02263048
vt -0.3511163 -0.005434736
vt -0.3497486 -0.008508867
vt -0.2877701 0.01955637
vt -0.2860233 -0.1261215
vt -0.319321 -0.1855064
vt -0.2831734 -0.1279101
vt 0.06434229 -0.300568
vt 0.112182 -0.3488934
vt 0.1145732 -0.3465263
vt 0.06673344 -0.2982008
vt 0.1939907 -0.2049148
vt 0.2565294 -0.2316151
vt 0.2578505 -0.2285207
vt 0.1953118 -0.2018203
vt 0.2370648 -0.1080158
vt 0.301715 -0.1290955
vt 0.302758 -0.1258966
vt 0.2381078 -0.1048169
vt 0.2648821 -0.02456116
vt 0.3293268 -0.04626084
vt 0.3304005 -0.0430721
vt 0.2659558 -0.02137243
vt 0.2917402 0.009195482
vt 0.3530086 -0.02030322
vt 0.3544682 -0.01727164
vt 0.2931998 0.01222706
vt 0.2304717 0.03869419
vt 0.2319313 0.04172577
vt 0.1706628 0.07122447
vt 0.210878 -0.0127172
vt 0.2470257 -0.07031357
vt 0.2498756 -0.06852498
vt 0.2137279 -0.01092861
vt 0.02894618 -0.2015497
vt -0.01889357 -0.2498753
vt 0.03133732 -0.2039169
vt -0.07023437 -0.1484196
vt -0.131452 -0.1782144
vt -0.06891324 -0.151514
vt -0.1088075 -0.06265741
vt -0.1734577 -0.08373713
vt -0.1724146 -0.08693602
vt -0.201511 0.0003272562
vt -0.2004373 -0.002861487
vt -0.1359926 0.01883819
vt -0.1706628 0.07122446
vt -0.2319313 0.04172576
vt -0.2304717 0.03869419
vt -0.1692032 0.06819288
vt -0.2137278 -0.01092868
vt -0.2498755 -0.06852506
vt -0.2108779 -0.01271727
vt -0.03133725 -0.2039169
vt 0.01889366 -0.2498753
vt -0.02894611 -0.2015497
vt 0.06891324 -0.151514
vt 0.1314519 -0.1782144
vt 0.1327731 -0.17512
vt 0.07023437 -0.1484196
vt 0.1077644 -0.06585631
vt 0.1724146 -0.08693602
vt 0.1734576 -0.08373712
vt 0.1088075 -0.06265741
vt 0.1359926 0.01883821
vt 0.2004373 -0.002861471
vt 0.201511 0.000327261
vt -0.03752388 -0.06209655
vt -0.1017042 -0.08458864
vt -0.1009405 -0.08687358
vt -0.1361665 0.01469142
vt -0.134796 0.0105773
vt -0.07051503 0.03277995
vt -0.2017049 -0.01090701
vt -0.1368146 0.009519754
vt -0.138197 0.01362991
vt -0.1059766 -0.0875133
vt -0.1067226 -0.08522252
vt -0.1715051 -0.1059884
vt 0.09764116 -0.2852233
vt 0.04491568 -0.2406584
vt 0.04337217 -0.2441112
vt -0.2507815 -0.02534061
vt -0.2525317 -0.02225851
vt -0.2999572 -0.07242647
vt 0.07139114 -0.2402888
vt 0.07259276 -0.2367027
vt 0.01639021 -0.2001612
vt -0.1977285 0.05026073
vt -0.2500359 0.008332992
vt -0.2486513 0.005070236
vt 0.03536749 -0.3722816
vt 0.03204793 -0.3686724
vt 0.02915535 -0.3783522
vt -0.327483 -0.147952
vt -0.3177049 -0.1454116
vt -0.320586 -0.1426723
vt -0.2923005 -0.1324445
vt -0.2892975 -0.1350495
vt -0.2272895 -0.1122236
vt 0.1428248 -0.2791464
vt 0.1320307 -0.3443345
vt 0.1362053 -0.346907
vt 0.1374631 0.09673237
vt 0.1917849 0.0558037
vt 0.1942918 0.05923799
vt 0.1124272 -0.04107754
vt 0.1135451 -0.0376032
vt 0.04863385 -0.01729232
vt 0.1977983 0.05054858
vt 0.1951592 0.04721472
vt 0.249121 0.00581265
vt 0.1844558 -0.06045493
vt 0.1198238 -0.03927218
vt 0.1187151 -0.04274947
vt -0.2186925 -0.1706405
vt -0.1544316 -0.1482904
vt -0.1555849 -0.1450915
vt 0.03563783 -0.2578329
vt 0.03263332 -0.2557648
vt -0.005151133 -0.3123452
vt -0.1415181 -0.1468754
vt -0.1402537 -0.1500319
vt -0.0773863 -0.1240185
vt 0.08959158 -0.1912666
vt 0.05492408 -0.2498086
vt 0.05808839 -0.2516229
vt -0.07389166 0.06735604
vt -0.07273335 0.06389737
vt -0.06333916 0.06735983
vt -0.01582396 -0.06412935
vt -0.02527294 -0.06743936
vt -0.02412774 -0.07064109
vt 0.02315402 0.1474679
vt 0.01853668 0.1427532
vt 0.03365048 0.1463815
vt -0.08608674 -0.1038857
vt -0.0707762 -0.106565
vt -0.07559678 -0.1027386
vt -0.160952 -0.03341968
vt -0.1675652 -0.03236825
vt -0.1674766 -0.03481947
vt -0.1658686 -0.008847511
vt -0.1724121 -0.01015658
vt -0.1713685 -0.01237638
vt -0.1755283 0.003432906
vt -0.180974 -0.0001789778
vt -0.1791055 -0.0017679
vt -0.1790464 -0.01083428
vt -0.1821199 -0.01634771
vt -0.1797205 -0.01685669
vt -0.1600677 -0.0376127
vt -0.1598068 -0.04366709
vt -0.1574905 -0.04285998
vt -0.1242854 -0.03516194
vt -0.1211571 -0.04010048
vt -0.1194879 -0.03830319
vt -0.09604058 0.006630443
vt -0.0911937 0.003565814
vt -0.09033069 0.00586181
vt -0.08782816 0.06247322
vt -0.08212951 0.06162523
vt -0.08213197 0.06407808
vt -0.1082703 0.09787597
vt -0.1027198 0.09992884
vt -0.1038159 0.1021231
vt -0.3573499 0.01163786
vt -0.3644184 0.00747757
vt -0.3629379 0.004811853
vt -0.2638809 -0.121324
vt -0.2629617 -0.124031
vt -0.2551031 -0.1216823
vt -0.3364315 -0.01239061
vt -0.3356903 -0.01451502
vt -0.2713599 0.007634425
vt -0.2759713 0.01257282
vt -0.3396967 -0.01126142
vt -0.3388147 -0.01361928
vt 0.1070376 0.09783603
vt 0.105578 0.09480447
vt 0.1683062 0.06833736
vt 0.06863706 0.03462251
vt 0.06756335 0.03143378
vt 0.1320081 0.00973409
vt 0.03913721 -0.05416455
vt 0.03809418 -0.05736344
vt 0.1027444 -0.07844318
vt 0.1037874 -0.07524429
vt 0.001584914 -0.1338141
vt 0.0002637776 -0.1369086
vt 0.06280254 -0.1636089
vt 0.06412368 -0.1605145
vt -0.08443369 -0.1595698
vt -0.08682483 -0.1619369
vt -0.03898503 -0.2102624
vt -0.03659388 -0.2078953
vt -0.1773362 0.04754282
vt -0.1801861 0.04933142
vt -0.2163338 -0.008265002
vt -0.213484 -0.0100536
vt -0.105578 0.09480446
vt -0.1070376 0.09783603
vt -0.1683062 0.06833734
vt -0.1668466 0.06530576
vt -0.02782926 -0.08584303
vt -0.0289247 -0.08262394
vt -0.09220409 -0.1077493
vt -0.07592482 0.0527649
vt -0.07714038 0.05620387
vt -0.1412532 0.03354209
vt -0.0002637834 -0.1369086
vt -0.00158492 -0.1338141
vt -0.06412368 -0.1605145
vt -0.06280254 -0.1636089
vt 0.08682487 -0.1619369
vt 0.08443373 -0.1595698
vt 0.03659395 -0.2078953
vt 0.03898508 -0.2102624
vt 0.1801861 0.04933146
vt 0.1773362 0.04754287
vt 0.213484 -0.01005353
vt 0.2163339 -0.008264935
vt 0.01944946 -0.1824541
vt 0.02093637 -0.1854724
vt 0.02983436 -0.1805807
vt 0.3580506 -0.08944725
vt 0.3561009 -0.0921894
vt 0.3630458 -0.09655305
vt 0.364453 -0.09457403
vt -0.04173752 -0.1382581
vt -0.04085394 -0.1415046
vt -0.03118596 -0.138401
vt -0.03183008 -0.1360342
vt -0.06987844 -0.06101688
vt -0.05932593 -0.06101334
vt -0.06000282 -0.05865577
vt -0.09638628 0.0176941
vt -0.08709387 0.02178724
vt -0.08798085 0.02407411
vt -0.1370082 0.07059039
vt -0.1351474 0.06778713
vt -0.1269484 0.07377695
vt -0.1283049 0.07582049
vt -0.1885959 0.01258443
vt -0.1854919 0.01128595
vt -0.1819979 0.02081984
vt -0.1842607 0.02176641
vt -0.1209166 -0.1352251
vt -0.1181176 -0.1333579
vt -0.124126 -0.1251725
vt -0.1261665 -0.1265336
vt -0.03447072 -0.1251542
vt -0.03280533 -0.1222306
vt -0.04184501 -0.117606
vt -0.04305908 -0.1197373
vt 0.008827933 -0.04849194
vt 0.009955706 -0.04532193
vt 0.0002459582 -0.04235145
vt -0.0005761852 -0.04466239
vt 0.03786806 0.04281903
vt 0.03876334 0.04606239
vt 0.02886399 0.04832203
vt 0.02821134 0.0459576
vt 0.06820303 0.1169912
vt 0.06912668 0.1202266
vt 0.05924752 0.1225729
vt 0.05857418 0.1202143
vt 0.1432885 0.1118389
vt 0.1453092 0.1145292
vt 0.1354517 0.1182954
vt -0.1679956 -0.06149737
vt -0.1735856 -0.05799028
vt -0.174572 -0.06023603
vt 0.3492464 -0.08079863
vt 0.3479966 -0.08392253
vt 0.3557732 -0.0865298
vt 0.3566752 -0.08427523
vt 0.3318261 -0.1320379
vt 0.3309343 -0.1352822
vt 0.3389542 -0.1370014
vt 0.3395978 -0.13466
vt 0.3096647 -0.1961578
vt 0.308917 -0.1994383
vt 0.317005 -0.2008016
vt 0.3175445 -0.198434
vt 0.2538872 -0.2703863
vt 0.2527847 -0.2735652
vt 0.2614703 -0.273512
vt -0.2533237 0.07730187
vt -0.2535492 0.0798092
vt -0.2620092 0.07727049
vt -0.313031 0.06225052
vt -0.3137845 0.06552972
vt -0.3216603 0.06323962
vt -0.3211165 0.06087294
vt -0.2846083 -0.01962517
vt -0.2854484 -0.01636706
vt -0.2932608 -0.01886509
vt -0.2926544 -0.02121646
vt -0.250503 0.05776069
vt -0.2507886 0.05999246
vt -0.2592819 0.05817563
vt -0.01337891 -0.3507585
vt -0.01726766 -0.3579801
vt -0.01519888 -0.3592516
vt 0.2839338 -0.2399661
vt 0.2807935 -0.2411741
vt 0.2841707 -0.2486487
vt 0.286437 -0.2477768
vt 0.1797052 -0.0005127526
vt 0.1778883 -0.002123829
vt 0.1771203 -0.004427523
vt 0.1776071 -0.006806513
vt 0.1792182 -0.008623408
vt 0.1821121 -0.007562875
vt 0.183929 -0.005951767
vt 0.1846969 -0.003648099
vt 0.1843878 -0.0007938716
vt 0.1820842 -2.593664E-05
vt -0.1975266 -0.008776864
vt -0.2619714 -0.03047655
vt -0.2608977 -0.03366531
vt -0.1964529 -0.01196561
vt -0.2295747 0.03883865
vt -0.2908432 0.009339945
vt -0.2893836 0.006308384
vt -0.2281151 0.03580708
vt -0.2524815 -0.06586139
vt -0.2886293 -0.1234578
vt -0.2857794 -0.1252464
vt 0.05669456 -0.3069135
vt 0.05908571 -0.3045464
vt 0.01124591 -0.2562208
vt 0.1253413 -0.1903093
vt 0.18788 -0.2170096
vt 0.1892012 -0.2139152
vt 0.1266624 -0.1872149
vt 0.1673946 -0.09952289
vt 0.2320448 -0.1206026
vt 0.2330878 -0.1174037
vt 0.1684376 -0.09632399
vt 0.1964529 -0.01196558
vt 0.2608977 -0.03366526
vt 0.2619714 -0.03047653
vt 0.1975266 -0.008776845
vt 0.2281151 0.03580708
vt 0.2893836 0.006308384
vt 0.2908432 0.009339959
vt 0.2295747 0.03883866
vt 0.2496317 -0.06764992
vt 0.2857794 -0.1252463
vt 0.2886293 -0.1234577
vt 0.2524816 -0.06586132
vt -0.01124583 -0.2562208
vt -0.05908563 -0.3045464
vt -0.05669449 -0.3069135
vt -0.1892012 -0.2139152
vt -0.18788 -0.2170096
vt -0.1253413 -0.1903093
vt -0.1684376 -0.096324
vt -0.2330878 -0.1174037
vt -0.2320448 -0.1206026
vt -0.1673946 -0.0995229
vt 0.2857794 -0.1252463
vt 0.3219271 -0.1828427
vt 0.324777 -0.1810541
vt 0.2886293 -0.1234577
vt -0.05908563 -0.3045464
vt -0.1069254 -0.3528719
vt -0.05669449 -0.3069135
vt -0.1892012 -0.2139152
vt -0.2504187 -0.24371
vt -0.18788 -0.2170096
vt -0.2330878 -0.1174037
vt -0.297738 -0.1384834
vt -0.2320448 -0.1206026
vt -0.2567877 -0.02620134
vt -0.3216866 -0.04662504
vt -0.3206433 -0.04982386
vt -0.2557444 -0.02940017
vt -0.2864718 0.01985059
vt -0.3484503 -0.008214617
vt -0.3470826 -0.01128875
vt -0.285104 0.01677648
vt -0.2886293 -0.1234578
vt -0.321927 -0.1828428
vt -0.2857794 -0.1252464
vt 0.05669456 -0.3069135
vt 0.1045343 -0.355239
vt 0.1069255 -0.3528718
vt 0.05908571 -0.3045464
vt 0.18788 -0.2170096
vt 0.2504187 -0.24371
vt 0.2517399 -0.2406155
vt 0.1892012 -0.2139152
vt 0.2320448 -0.1206026
vt 0.2966949 -0.1416823
vt 0.297738 -0.1384834
vt 0.2330878 -0.1174037
vt 0.2608977 -0.03366526
vt 0.3253424 -0.05536492
vt 0.3264161 -0.05217618
vt 0.2619714 -0.03047653
vt 0.2893836 0.006308384
vt 0.350652 -0.02319029
vt 0.3521116 -0.02015872
vt 0.2908432 0.009339959
vt 0.2281151 0.03580708
vt 0.2295747 0.03883866
vt 0.1683062 0.06833736
vt 0.213484 -0.01005353
vt 0.2496317 -0.06764992
vt 0.2524816 -0.06586132
vt 0.2163339 -0.008264935
vt 0.03659395 -0.2078953
vt -0.01124583 -0.2562208
vt 0.03898508 -0.2102624
vt -0.06412368 -0.1605145
vt -0.1253413 -0.1903093
vt -0.06280254 -0.1636089
vt -0.1037874 -0.07524429
vt -0.1684376 -0.096324
vt -0.1673946 -0.0995229
vt -0.1975266 -0.008776864
vt -0.1964529 -0.01196561
vt -0.1320081 0.009734066
vt -0.1683062 0.06833734
vt -0.2295747 0.03883865
vt -0.2281151 0.03580708
vt -0.1668466 0.06530576
vt -0.2163338 -0.008265002
vt -0.2524815 -0.06586139
vt -0.213484 -0.0100536
vt -0.03898503 -0.2102624
vt 0.01124591 -0.2562208
vt -0.03659388 -0.2078953
vt 0.06280254 -0.1636089
vt 0.1253413 -0.1903093
vt 0.1266624 -0.1872149
vt 0.06412368 -0.1605145
vt 0.1027444 -0.07844318
vt 0.1673946 -0.09952289
vt 0.1684376 -0.09632399
vt 0.1037874 -0.07524429
vt 0.1320081 0.00973409
vt 0.1964529 -0.01196558
vt 0.1975266 -0.008776845
vt -0.03232019 -0.07493466
vt -0.0965005 -0.09742674
vt -0.0957368 -0.09971168
vt -0.1321098 0.004983156
vt -0.1307393 0.0008690317
vt -0.06645833 0.02307168
vt -0.1977285 -0.02063993
vt -0.1328382 -0.0002131836
vt -0.1342205 0.003896972
vt -0.1009286 -0.1004096
vt -0.1016746 -0.0981188
vt -0.1664571 -0.1188847
vt 0.09021369 -0.2932909
vt 0.03748818 -0.2487261
vt 0.03594468 -0.2521788
vt -0.2516837 -0.02384816
vt -0.2534338 -0.02076605
vt -0.3008593 -0.07093401
vt 0.06427605 -0.2488692
vt 0.06547768 -0.2452831
vt 0.009275114 -0.2087417
vt -0.1976293 0.05219654
vt -0.2499368 0.0102688
vt -0.2485522 0.007006044
vt 0.04298472 -0.3735203
vt 0.03966518 -0.3699112
vt 0.03677259 -0.3795909
vt -0.3230225 -0.1611668
vt -0.3132444 -0.1586263
vt -0.3161254 -0.1558871
vt -0.286942 -0.1450968
vt -0.2839389 -0.1477017
vt -0.221931 -0.1248759
vt 0.1496657 -0.2796123
vt 0.1388716 -0.3448004
vt 0.1430462 -0.3473729
vt 0.1368494 0.09770672
vt 0.1911711 0.05677806
vt 0.1936781 0.06021235
vt 0.1075315 -0.05311875
vt 0.1086494 -0.0496444
vt 0.04373814 -0.02933354
vt 0.1975357 0.05129859
vt 0.1948967 0.04796473
vt 0.2488584 0.006562653
vt 0.1797853 -0.0725707
vt 0.1151533 -0.05138794
vt 0.1140445 -0.05486523
vt -0.2131095 -0.1834169
vt -0.1488485 -0.1610667
vt -0.1500018 -0.1578679
vt 0.04343037 -0.2617429
vt 0.04042587 -0.2596748
vt 0.002641376 -0.3162552
vt -0.1355813 -0.1594846
vt -0.1343169 -0.1626412
vt -0.07144956 -0.1366277
vt 0.09735358 -0.1950909
vt 0.06268604 -0.2536329
vt 0.06585035 -0.2554471
vt -0.06992026 0.0595784
vt -0.06876195 0.05611972
vt -0.05936776 0.05958219
vt -0.0102482 -0.07691091
vt -0.01969718 -0.08022093
vt -0.01855199 -0.08342266
vt 0.01775113 0.1452926
vt 0.01313378 0.1405779
vt 0.02824759 0.1442062
vt -0.08259486 -0.1173548
vt -0.06728433 -0.120034
vt -0.07210491 -0.1162076
vt -0.1628066 -0.04701852
vt -0.1694198 -0.04596709
vt -0.1693312 -0.04841832
vt -0.1682177 -0.02089076
vt -0.1747611 -0.02219983
vt -0.1737176 -0.02441963
vt -0.1791612 -0.006433141
vt -0.1846069 -0.01004503
vt -0.1827383 -0.01163394
vt -0.1845712 -0.0194181
vt -0.1876447 -0.02493152
vt -0.1852453 -0.0254405
vt -0.1672532 -0.04707605
vt -0.1669923 -0.05313044
vt -0.164676 -0.05232333
vt -0.1320631 -0.04639397
vt -0.1289347 -0.0513325
vt -0.1272655 -0.04953521
vt -0.1037597 -0.00491487
vt -0.09891278 -0.007979495
vt -0.09804977 -0.005683498
vt -0.09547951 0.05256594
vt -0.08978085 0.05171797
vt -0.08978333 0.05417082
vt -0.1160513 0.08993839
vt -0.1105008 0.09199128
vt -0.1115969 0.09418554
vt -0.355684 0.01656863
vt -0.3627525 0.01240836
vt -0.361272 0.009742638
vt -0.2577488 -0.1334856
vt -0.2568294 -0.1361926
vt -0.2489709 -0.1338439
vt -0.3326889 -0.01932265
vt -0.3319477 -0.02144705
vt -0.2676173 0.0007023768
vt -0.2725708 0.007140385
vt -0.3362963 -0.01669385
vt -0.3354142 -0.01905171
vt 0.1227348 0.123523
vt 0.1212752 0.1204914
vt 0.1840033 0.0940242
vt 0.09697832 0.1093906
vt 0.0959046 0.1062018
vt 0.1603493 0.08450206
vt 0.07560606 0.04800579
vt 0.07456303 0.04480689
vt 0.1392132 0.02372707
vt 0.1402562 0.02692596
vt 0.04672066 -0.03573505
vt 0.04539952 -0.03882948
vt 0.1079382 -0.06552996
vt 0.1092594 -0.06243555
vt -0.02654392 -0.1064827
vt -0.02893508 -0.1088498
vt 0.01890459 -0.1571755
vt 0.02129575 -0.1548084
vt -0.1551964 0.03010576
vt -0.1580462 0.03189436
vt -0.1941939 -0.02570213
vt -0.191344 -0.02749072
vt -0.1212752 0.1204914
vt -0.1227348 0.123523
vt -0.1840033 0.09402417
vt -0.1825437 0.0909926
vt -0.06656099 0.01866385
vt -0.06765644 0.02188294
vt -0.1309358 -0.003242528
vt -0.1020402 0.1176463
vt -0.1032558 0.1210853
vt -0.1673686 0.09842343
vt -0.04539952 -0.03882947
vt -0.04672066 -0.03573505
vt -0.1092594 -0.06243553
vt -0.1079382 -0.06552995
vt 0.02893512 -0.1088498
vt 0.02654397 -0.1064827
vt -0.02129568 -0.1548084
vt -0.01890453 -0.1571755
vt 0.1580462 0.03189441
vt 0.1551964 0.03010582
vt 0.191344 -0.02749064
vt 0.1941939 -0.02570205
vt -0.02991172 -0.1192757
vt -0.02842479 -0.122294
vt -0.01952682 -0.1174023
vt 0.3590265 -0.05338839
vt 0.3570768 -0.05613054
vt 0.3640217 -0.06049419
vt 0.3654289 -0.05851517
vt -0.07778042 -0.03621727
vt -0.07689684 -0.03946383
vt -0.06722887 -0.03636014
vt -0.06787299 -0.03399339
vt -0.09812973 0.04369526
vt -0.08757722 0.04369882
vt -0.08825412 0.04605639
vt -0.1157631 0.095881
vt -0.1064706 0.09997415
vt -0.1073576 0.102261
vt -0.1409557 0.1039223
vt -0.1390949 0.101119
vt -0.1308958 0.1071089
vt -0.1322523 0.1091524
vt -0.1568663 0.01582276
vt -0.1537623 0.01452428
vt -0.1502683 0.02405817
vt -0.1525311 0.02500474
vt -0.06141942 -0.0829794
vt -0.05862039 -0.08111225
vt -0.06462879 -0.07292674
vt -0.0666693 -0.07428793
vt 0.01715209 -0.03035389
vt 0.01881748 -0.02743031
vt 0.009777815 -0.02280566
vt 0.008563733 -0.02493696
vt 0.0523909 0.05111052
vt 0.05351867 0.05428053
vt 0.04380893 0.05725102
vt 0.04298679 0.05494009
vt 0.07467092 0.1155511
vt 0.07556619 0.1187944
vt 0.06566685 0.1210541
vt 0.0650142 0.1186897
vt 0.09667762 0.1400127
vt 0.09760126 0.1432481
vt 0.08772211 0.1455944
vt 0.08704876 0.1432358
vt 0.1433685 0.07673231
vt 0.1453892 0.07942259
vt 0.1355317 0.08318888
vt -0.1479515 0.04757493
vt -0.1535415 0.05108202
vt -0.1545279 0.04883626
vt 0.3660981 -0.00148058
vt 0.3648482 -0.00460448
vt 0.3726249 -0.007211755
vt 0.3735269 -0.004957189
vt 0.3576295 -0.02666633
vt 0.3567377 -0.02991064
vt 0.3647575 -0.03162983
vt 0.3654011 -0.02928839
vt 0.3427349 -0.09300308
vt 0.3419873 -0.09628361
vt 0.3500752 -0.09764692
vt 0.3506148 -0.09527932
vt 0.2984807 -0.202779
vt 0.2973782 -0.2059579
vt 0.3060638 -0.2059047
vt -0.2978339 0.1246344
vt -0.2980593 0.1271417
vt -0.3065193 0.124603
vt -0.3450365 0.08562947
vt -0.34579 0.08890866
vt -0.3536658 0.08661854
vt -0.353122 0.08425187
vt -0.3236121 0.05283401
vt -0.3244522 0.05609211
vt -0.3322646 0.05359407
vt -0.3316582 0.0512427
vt -0.2955841 0.1155589
vt -0.2958698 0.1177907
vt -0.3043631 0.1159739
vt -0.07285397 -0.297631
vt -0.07674269 -0.3048526
vt -0.07467391 -0.3061242
vt 0.2505241 -0.2311645
vt 0.2473838 -0.2323725
vt 0.250761 -0.2398471
vt 0.2530273 -0.2389752
vt 0.1305128 0.1001107
vt 0.1286959 0.09849963
vt 0.127928 0.09619594
vt 0.1284148 0.09381695
vt 0.1300258 0.09200005
vt 0.1329197 0.09306059
vt 0.1347366 0.0946717
vt 0.1355045 0.09697536
vt 0.1351955 0.09982959
vt 0.1328918 0.1005975
vt -0.2258678 0.06599102
vt -0.2903125 0.04429124
vt -0.2892389 0.04110248
vt -0.2247941 0.06280227
vt -0.2452717 0.06452537
vt -0.3065403 0.03502655
vt -0.3050806 0.03199499
vt -0.2438121 0.0614938
vt -0.2303415 -0.08329859
vt -0.2664891 -0.1408951
vt -0.2636392 -0.1426837
vt 0.1145839 -0.2538268
vt 0.1169751 -0.2514597
vt 0.06913541 -0.203134
vt 0.1704769 -0.09223042
vt 0.2330156 -0.1189309
vt 0.2343368 -0.1158365
vt 0.1717981 -0.08913599
vt 0.2038634 0.002647265
vt 0.2685136 -0.01843257
vt 0.2695566 -0.01523368
vt 0.2049064 0.005846159
vt 0.2247941 0.0628023
vt 0.2892388 0.04110252
vt 0.2903125 0.04429125
vt 0.2258678 0.06599103
vt 0.2438121 0.06149381
vt 0.3050806 0.03199501
vt 0.3065402 0.03502659
vt 0.2452717 0.06452539
vt 0.2274916 -0.0850871
vt 0.2636393 -0.1426836
vt 0.2664892 -0.140895
vt 0.2303415 -0.0832985
vt -0.06913534 -0.203134
vt -0.116975 -0.2514597
vt -0.1145838 -0.2538268
vt -0.2343368 -0.1158365
vt -0.2330156 -0.1189309
vt -0.1704769 -0.09223042
vt -0.2049064 0.005846153
vt -0.2695566 -0.01523367
vt -0.2685136 -0.01843257
vt -0.2038634 0.002647263
vt 0.2636393 -0.1426836
vt 0.2997869 -0.20028
vt 0.3026367 -0.1984914
vt 0.2664892 -0.140895
vt -0.116975 -0.2514597
vt -0.1648147 -0.2997853
vt -0.1145838 -0.2538268
vt -0.2343368 -0.1158365
vt -0.2955543 -0.1456313
vt -0.2330156 -0.1189309
vt -0.2695566 -0.01523367
vt -0.3342067 -0.03631345
vt -0.2685136 -0.01843257
vt -0.2867416 0.048074
vt -0.3516406 0.02765019
vt -0.3505972 0.02445138
vt -0.2856984 0.04487517
vt -0.3045622 0.044586
vt -0.3665406 0.01652067
vt -0.3651729 0.01344654
vt -0.3031944 0.04151189
vt -0.2664891 -0.1408951
vt -0.2997868 -0.2002801
vt -0.2636392 -0.1426837
vt 0.1145839 -0.2538268
vt 0.1624236 -0.3021524
vt 0.1648147 -0.2997853
vt 0.1169751 -0.2514597
vt 0.2330156 -0.1189309
vt 0.2955543 -0.1456313
vt 0.2968754 -0.1425369
vt 0.2343368 -0.1158365
vt 0.2685136 -0.01843257
vt 0.3331637 -0.03951235
vt 0.3342067 -0.03631346
vt 0.2695566 -0.01523368
vt 0.2892388 0.04110252
vt 0.3536835 0.01940276
vt 0.3547572 0.0225915
vt 0.2903125 0.04429125
vt 0.3050806 0.03199501
vt 0.366349 0.002496222
vt 0.3678086 0.005527796
vt 0.3065402 0.03502659
vt 0.2438121 0.06149381
vt 0.2452717 0.06452539
vt 0.1840033 0.0940242
vt 0.191344 -0.02749064
vt 0.2274916 -0.0850871
vt 0.2303415 -0.0832985
vt 0.1941939 -0.02570205
vt -0.02129568 -0.1548084
vt -0.06913534 -0.203134
vt -0.01890453 -0.1571755
vt -0.1092594 -0.06243553
vt -0.1704769 -0.09223042
vt -0.1079382 -0.06552995
vt -0.1402563 0.02692596
vt -0.2049064 0.005846153
vt -0.2038634 0.002647263
vt -0.2258678 0.06599102
vt -0.2247941 0.06280227
vt -0.1603494 0.08450204
vt -0.1840033 0.09402417
vt -0.2452717 0.06452537
vt -0.2438121 0.0614938
vt -0.1825437 0.0909926
vt -0.1941939 -0.02570213
vt -0.2303415 -0.08329859
vt -0.191344 -0.02749072
vt 0.01890459 -0.1571755
vt 0.06913541 -0.203134
vt 0.02129575 -0.1548084
vt 0.1079382 -0.06552996
vt 0.1704769 -0.09223042
vt 0.1717981 -0.08913599
vt 0.1092594 -0.06243555
vt 0.1392132 0.02372707
vt 0.2038634 0.002647265
vt 0.2049064 0.005846159
vt 0.1402562 0.02692596
vt 0.1603493 0.08450206
vt 0.2247941 0.0628023
vt 0.2258678 0.06599103
vt -0.07023924 0.02917593
vt -0.1344195 0.006683747
vt -0.1336558 0.004398813
vt -0.1610157 0.08452775
vt -0.1596452 0.08041362
vt -0.09536426 0.1026164
vt -0.2260072 0.05910892
vt -0.1611169 0.07953576
vt -0.1624992 0.08364592
vt -0.1376179 0.004128903
vt -0.138364 0.006419671
vt -0.2031465 -0.01434632
vt 0.1461578 -0.226698
vt 0.09343235 -0.182133
vt 0.09188884 -0.1855858
vt -0.2424218 -0.03224511
vt -0.244172 -0.029163
vt -0.2915974 -0.07933106
vt 0.1175844 -0.1785356
vt 0.118786 -0.1749495
vt 0.06258355 -0.1384079
vt -0.1959908 0.03999168
vt -0.2482981 -0.001936176
vt -0.2469136 -0.00519893
vt -0.0156375 -0.3603526
vt -0.01895705 -0.3567434
vt -0.02184962 -0.3664232
vt -0.3550907 -0.05431572
vt -0.3453127 -0.05177522
vt -0.3481937 -0.04903594
vt -0.3260866 -0.04239381
vt -0.3230835 -0.04499871
vt -0.2610756 -0.02217283
vt 0.09632467 -0.2720528
vt 0.08553059 -0.3372409
vt 0.08970523 -0.3398134
vt 0.1391446 0.0930565
vt 0.1934663 0.05212771
vt 0.1959732 0.05556201
vt 0.1430201 0.04479029
vt 0.1441381 0.04826463
vt 0.07922681 0.06857559
vt 0.1971453 0.04854316
vt 0.1945062 0.0452093
vt 0.2484679 0.003807121
vt 0.213502 0.02591415
vt 0.1488701 0.04709699
vt 0.1477613 0.0436197
vt -0.2540347 -0.07997659
vt -0.1897738 -0.05762632
vt -0.1909271 -0.05442751
vt -0.01602544 -0.2276579
vt -0.01902995 -0.2255898
vt -0.05681427 -0.2821703
vt -0.1793246 -0.05722839
vt -0.1780602 -0.06038494
vt -0.1151929 -0.0343714
vt 0.03792034 -0.1614324
vt 0.003252943 -0.2199745
vt 0.006417251 -0.2217887
vt -0.09815961 0.1238112
vt -0.09700128 0.1203525
vt -0.0876071 0.123815
vt -0.05111559 0.02679695
vt -0.06056457 0.02348692
vt -0.05941937 0.02028519
vt 0.05724683 0.1639824
vt 0.05262947 0.1592677
vt 0.06774329 0.1628959
vt -0.1070951 -0.009258209
vt -0.09178458 -0.01193748
vt -0.09660516 -0.008111033
vt -0.1463304 0.06208984
vt -0.1529436 0.06314126
vt -0.1528551 0.06069004
vt -0.1480118 0.07689979
vt -0.1545552 0.07559071
vt -0.1535117 0.07337092
vt -0.1493251 0.07489321
vt -0.1547708 0.07128132
vt -0.1529023 0.0696924
vt -0.1407304 0.05221529
vt -0.1438039 0.04670187
vt -0.1414045 0.04619289
vt -0.111504 0.03146341
vt -0.111243 0.02540902
vt -0.1089268 0.02621612
vt -0.07257403 0.04564663
vt -0.06944563 0.04070809
vt -0.06777646 0.04250538
vt -0.04519495 0.08892186
vt -0.04034806 0.08585723
vt -0.03948504 0.08815323
vt -0.0375573 0.1325266
vt -0.03185865 0.1316786
vt -0.03186111 0.1341315
vt -0.05681657 0.1530114
vt -0.05126609 0.1550643
vt -0.05236218 0.1572586
vt -0.3660546 -0.02027349
vt -0.3731231 -0.02443381
vt -0.3716425 -0.02709953
vt -0.3030568 -0.03456037
vt -0.3021376 -0.03726736
vt -0.294279 -0.03491861
vt -0.3591423 0.03822958
vt -0.3584011 0.03610517
vt -0.2940707 0.05825471
vt -0.2963602 0.05282997
vt -0.3600855 0.02899562
vt -0.3592035 0.02663776
vt 0.1255734 0.1251061
vt 0.1241138 0.1220745
vt 0.1868418 0.09560724
vt 0.1016848 0.1175055
vt 0.1006111 0.1143167
vt 0.1650558 0.09261696
vt 0.08149655 0.06003661
vt 0.08045352 0.05683772
vt 0.1451037 0.03575788
vt 0.1461467 0.03895677
vt 0.05385263 -0.02379476
vt 0.05253148 -0.02688918
vt 0.1150702 -0.05358968
vt 0.1163913 -0.05049526
vt -0.01769014 -0.1003503
vt -0.02008129 -0.1027174
vt 0.02775835 -0.1510431
vt 0.0301495 -0.148676
vt -0.1523038 0.02608163
vt -0.1551537 0.02787022
vt -0.1913013 -0.02972628
vt -0.1884514 -0.03151486
vt -0.1241138 0.1220745
vt -0.1255734 0.1251061
vt -0.1868418 0.09560721
vt -0.1853822 0.09257564
vt -0.07277813 0.03112661
vt -0.07387357 0.03434569
vt -0.1371529 0.009220211
vt -0.1064199 0.1244233
vt -0.1076355 0.1278623
vt -0.1717482 0.1052004
vt -0.05253149 -0.02688918
vt -0.05385263 -0.02379475
vt -0.1163913 -0.05049526
vt -0.1150702 -0.05358967
vt 0.02008133 -0.1027174
vt 0.01769018 -0.1003503
vt -0.03014946 -0.148676
vt -0.0277583 -0.1510431
vt 0.1551537 0.02787027
vt 0.1523038 0.02608168
vt 0.1884514 -0.03151479
vt 0.1913013 -0.0297262
vt -0.03763649 -0.1112577
vt -0.03614956 -0.1142759
vt -0.0272516 -0.1093842
vt 0.3596593 -0.05057731
vt 0.3577096 -0.05331946
vt 0.3646545 -0.05768312
vt 0.3660617 -0.0557041
vt -0.08360927 -0.02352065
vt -0.08272569 -0.02676721
vt -0.07305773 -0.02366352
vt -0.07370185 -0.02129677
vt -0.102823 0.05614781
vt -0.0922705 0.05615137
vt -0.0929474 0.05850893
vt -0.119148 0.1044278
vt -0.1098556 0.108521
vt -0.1107426 0.1108079
vt -0.1420362 0.1063951
vt -0.1401753 0.1035918
vt -0.1319763 0.1095816
vt -0.1333328 0.1116252
vt -0.1524857 0.01440285
vt -0.1493817 0.01310437
vt -0.1458878 0.02263826
vt -0.1481505 0.02358483
vt -0.05242827 -0.07734502
vt -0.04962924 -0.07547786
vt -0.05563762 -0.06729237
vt -0.05767814 -0.06865355
vt 0.02518871 -0.01907098
vt 0.0268541 -0.0161474
vt 0.01781444 -0.01152275
vt 0.01660036 -0.01365404
vt 0.05929972 0.0627312
vt 0.0604275 0.0659012
vt 0.05071775 0.06887171
vt 0.04989561 0.06656077
vt 0.08060972 0.123448
vt 0.081505 0.1266914
vt 0.07160565 0.1289511
vt 0.070953 0.1265866
vt 0.1014036 0.1414275
vt 0.1023273 0.1446628
vt 0.09244811 0.1470091
vt 0.09177476 0.1446505
vt 0.143866 0.07061897
vt 0.1458867 0.07330925
vt 0.1360292 0.07707556
vt -0.1453819 0.06149878
vt -0.1509719 0.06500587
vt -0.1519583 0.06276011
vt 0.3691083 0.007215925
vt 0.3678585 0.004092025
vt 0.3756351 0.001484741
vt 0.3765371 0.003739308
vt 0.3619633 -0.01410147
vt 0.3610715 -0.01734577
vt 0.3690913 -0.01906497
vt 0.3697349 -0.01672354
vt 0.3481322 -0.08009811
vt 0.3473845 -0.08337864
vt 0.3554725 -0.08474196
vt 0.3560121 -0.08237436
vt 0.3055359 -0.1939999
vt 0.3044334 -0.1971788
vt 0.313119 -0.1971256
vt -0.3048772 0.1294086
vt -0.3051026 0.1319159
vt -0.3135626 0.1293771
vt -0.3502787 0.08715175
vt -0.3510322 0.09043095
vt -0.358908 0.08814081
vt -0.3583642 0.08577414
vt -0.3298684 0.06071399
vt -0.3307085 0.06397208
vt -0.3385209 0.06147404
vt -0.3379146 0.05912267
vt -0.3027083 0.1216502
vt -0.302994 0.123882
vt -0.3114873 0.1220651
vt -0.08182001 -0.2919632
vt -0.08570875 -0.2991848
vt -0.08363996 -0.3004563
vt 0.2458808 -0.2318762
vt 0.2427405 -0.2330843
vt 0.2461177 -0.2405589
vt 0.248384 -0.239687
vt 0.1233578 0.1121856
vt 0.1215409 0.1105745
vt 0.1207729 0.1082708
vt 0.1212597 0.1058918
vt 0.1228708 0.1040749
vt 0.1257647 0.1051355
vt 0.1275816 0.1067466
vt 0.1283495 0.1090503
vt 0.1280404 0.1119045
vt 0.1257367 0.1126724
vt -0.2305743 0.0741059
vt -0.295019 0.05240611
vt -0.2939453 0.04921736
vt -0.2295005 0.07091715
vt -0.2481103 0.06610839
vt -0.3093788 0.03660957
vt -0.3079191 0.03357801
vt -0.2466507 0.06307683
vt -0.2274489 -0.08732273
vt -0.2635965 -0.1449192
vt -0.2607466 -0.1467078
vt 0.1234376 -0.2476944
vt 0.1258288 -0.2453274
vt 0.07798915 -0.1970016
vt 0.1776089 -0.08029014
vt 0.2401476 -0.1069906
vt 0.2414687 -0.1038962
vt 0.17893 -0.07719572
vt 0.2097538 0.01467807
vt 0.274404 -0.006401774
vt 0.2754471 -0.003202878
vt 0.2107969 0.01787696
vt 0.2295005 0.07091717
vt 0.2939453 0.04921739
vt 0.295019 0.05240611
vt 0.2305743 0.07410591
vt 0.2466507 0.06307684
vt 0.3079191 0.03357802
vt 0.3093787 0.03660959
vt 0.2481103 0.06610842
vt 0.224599 -0.08911125
vt 0.2607467 -0.1467077
vt 0.2635965 -0.1449191
vt 0.2274489 -0.08732267
vt -0.07798909 -0.1970017
vt -0.1258287 -0.2453274
vt -0.1234376 -0.2476945
vt -0.2414687 -0.1038962
vt -0.2401476 -0.1069907
vt -0.1776089 -0.08029015
vt -0.2107969 0.01787696
vt -0.2754471 -0.003202881
vt -0.274404 -0.006401774
vt -0.2097539 0.01467807
vt 0.2607467 -0.1467077
vt 0.2968942 -0.2043042
vt 0.2997441 -0.2025156
vt 0.2635965 -0.1449191
vt -0.1258287 -0.2453274
vt -0.1736683 -0.293653
vt -0.1234376 -0.2476945
vt -0.2414687 -0.1038962
vt -0.3026862 -0.1336911
vt -0.2401476 -0.1069907
vt -0.2754471 -0.003202881
vt -0.3400972 -0.02428267
vt -0.274404 -0.006401774
vt -0.2916842 0.05613095
vt -0.3565831 0.03570714
vt -0.3555398 0.03250833
vt -0.2906409 0.05293213
vt -0.3077563 0.04607375
vt -0.3697348 0.0180084
vt -0.3683671 0.01493428
vt -0.3063886 0.04299963
vt -0.2635965 -0.1449192
vt -0.2968941 -0.2043042
vt -0.2607466 -0.1467078
vt 0.1234376 -0.2476944
vt 0.1712773 -0.2960201
vt 0.1736684 -0.293653
vt 0.1258288 -0.2453274
vt 0.2401476 -0.1069906
vt 0.3026862 -0.1336911
vt 0.3040074 -0.1305967
vt 0.2414687 -0.1038962
vt 0.274404 -0.006401774
vt 0.3390542 -0.02748157
vt 0.3400972 -0.02428268
vt 0.2754471 -0.003202878
vt 0.2939453 0.04921739
vt 0.3583899 0.02751761
vt 0.3594637 0.03070635
vt 0.295019 0.05240611
vt 0.3079191 0.03357802
vt 0.3691875 0.004079206
vt 0.3706471 0.00711078
vt 0.3093787 0.03660959
vt 0.2466507 0.06307684
vt 0.2481103 0.06610842
vt 0.1868418 0.09560724
vt 0.1884514 -0.03151479
vt 0.224599 -0.08911125
vt 0.2274489 -0.08732267
vt 0.1913013 -0.0297262
vt -0.03014946 -0.148676
vt -0.07798909 -0.1970017
vt -0.0277583 -0.1510431
vt -0.1163913 -0.05049526
vt -0.1776089 -0.08029015
vt -0.1150702 -0.05358967
vt -0.1461467 0.03895678
vt -0.2107969 0.01787696
vt -0.2097539 0.01467807
vt -0.2305743 0.0741059
vt -0.2295005 0.07091715
vt -0.1650558 0.09261694
vt -0.1868418 0.09560721
vt -0.2481103 0.06610839
vt -0.2466507 0.06307683
vt -0.1853822 0.09257564
vt -0.1913013 -0.02972628
vt -0.2274489 -0.08732273
vt -0.1884514 -0.03151486
vt 0.02775835 -0.1510431
vt 0.07798915 -0.1970016
vt 0.0301495 -0.148676
vt 0.1150702 -0.05358968
vt 0.1776089 -0.08029014
vt 0.17893 -0.07719572
vt 0.1163913 -0.05049526
vt 0.1451037 0.03575788
vt 0.2097538 0.01467807
vt 0.2107969 0.01787696
vt 0.1461467 0.03895677
vt 0.1650558 0.09261696
vt 0.2295005 0.07091717
vt 0.2305743 0.07410591
vt -0.07633924 0.04154851
vt -0.1405195 0.01905632
vt -0.1397558 0.01677138
vt -0.1658049 0.09329423
vt -0.1644344 0.0891801
vt -0.1001535 0.1113829
vt -0.2307045 0.06790093
vt -0.1658142 0.0883278
vt -0.1671965 0.09243795
vt -0.1435403 0.01657489
vt -0.1442863 0.01886567
vt -0.2090688 -0.001900348
vt 0.1547708 -0.2187983
vt 0.1020455 -0.1742333
vt 0.1005019 -0.1776861
vt -0.2415028 -0.03514881
vt -0.243253 -0.0320667
vt -0.2906784 -0.08223477
vt 0.1258498 -0.169992
vt 0.1270514 -0.1664059
vt 0.07084896 -0.1298643
vt -0.1962286 0.03665486
vt -0.2485359 -0.005273025
vt -0.2471513 -0.008535778
vt -0.02440641 -0.3596547
vt -0.02772597 -0.3560455
vt -0.03061853 -0.3657253
vt -0.3603421 -0.04142926
vt -0.350564 -0.03888876
vt -0.353445 -0.03614946
vt -0.3323631 -0.03027051
vt -0.32936 -0.03287543
vt -0.2673522 -0.01004952
vt 0.08848515 -0.27248
vt 0.07769106 -0.3376681
vt 0.08186571 -0.3402405
vt 0.1399763 0.09068558
vt 0.194298 0.04975678
vt 0.1968049 0.05319107
vt 0.1487686 0.05616011
vt 0.1498866 0.05963445
vt 0.08497538 0.07994542
vt 0.1975717 0.0463886
vt 0.1949327 0.04305475
vt 0.2488943 0.001652543
vt 0.2189933 0.03737156
vt 0.1543614 0.05855441
vt 0.1532526 0.05507712
vt -0.260567 -0.06742398
vt -0.196306 -0.0450737
vt -0.1974594 -0.04187489
vt -0.02502266 -0.2241099
vt -0.02802717 -0.2220418
vt -0.06581146 -0.2786223
vt -0.1862591 -0.04489871
vt -0.1849947 -0.04805526
vt -0.1221274 -0.02204171
vt 0.02896925 -0.1580998
vt -0.005698123 -0.2166419
vt -0.002533813 -0.218456
vt -0.1028511 0.1305177
vt -0.1016928 0.127059
vt -0.09229862 0.1305215
vt -0.05763954 0.03912094
vt -0.06708851 0.03581091
vt -0.06594332 0.03260918
vt 0.06357388 0.1650967
vt 0.05895652 0.1603821
vt 0.07407033 0.1640103
vt -0.1112371 0.004272182
vt -0.0959266 0.001592911
vt -0.1007472 0.005419356
vt -0.144309 0.0754357
vt -0.1509222 0.07648711
vt -0.1508336 0.0740359
vt -0.1454172 0.0882771
vt -0.1519607 0.08696802
vt -0.1509171 0.08474822
vt -0.1452398 0.08380026
vt -0.1506855 0.08018837
vt -0.1488169 0.07859945
vt -0.1344385 0.05976044
vt -0.1375121 0.05424701
vt -0.1351127 0.05373804
vt -0.1032554 0.04002481
vt -0.1029944 0.03397042
vt -0.1006782 0.03477752
vt -0.06360171 0.05612234
vt -0.0604733 0.05118379
vt -0.05880412 0.05298109
vt -0.03626563 0.09973575
vt -0.03141874 0.09667112
vt -0.03055573 0.09896712
vt -0.02869972 0.141728
vt -0.02300106 0.14088
vt -0.02300353 0.1433329
vt -0.04782588 0.1604735
vt -0.0422754 0.1625264
vt -0.04337149 0.1647206
vt -0.3680985 -0.02648486
vt -0.3751671 -0.0306452
vt -0.3736865 -0.0333109
vt -0.3102132 -0.02304507
vt -0.3092939 -0.02575206
vt -0.3014353 -0.02340331
vt -0.3635716 0.04404134
vt -0.3628305 0.04191693
vt -0.2985001 0.06406648
vt -0.3003973 0.05706998
vt -0.3641227 0.03323562
vt -0.3632407 0.03087776
vt 0.1969752 -0.05565998
vt 0.1923696 -0.05627903
vt 0.1912652 -0.05829965
vt 0.1958708 -0.0576806
vt 0.04192363 0.1446936
vt 0.04147052 0.1400688
vt 0.04340841 0.1388249
vt 0.04386151 0.1434498
vt -0.02188873 0.05847326
vt -0.02284731 0.05392622
vt -0.02068666 0.05312984
vt -0.01972808 0.05767688
vt -0.05511525 -0.03911902
vt -0.05751087 -0.04310093
vt -0.05532401 -0.04382224
vt -0.0529284 -0.03984034
vt -0.09587121 -0.1248513
vt -0.09956077 -0.1276765
vt -0.09743147 -0.1285532
vt -0.09374189 -0.1257281
vt -0.1922748 -0.05557312
vt -0.1968803 -0.05495407
vt -0.1957759 -0.05697469
vt -0.1911704 -0.05759373
vt -0.03538593 0.1406649
vt -0.03583903 0.1452897
vt -0.03777691 0.1440459
vt -0.03732381 0.139421
vt 0.03098925 0.0556426
vt 0.03003068 0.06018965
vt 0.02787003 0.05939328
vt 0.02882861 0.05484623
vt 0.06443302 -0.03893639
vt 0.0620374 -0.03495449
vt 0.05985055 -0.0356758
vt 0.06224617 -0.0396577
vt 0.1027353 -0.1235306
vt 0.09904577 -0.1207054
vt 0.09691645 -0.1215822
vt 0.100606 -0.1244073
vt 0.1861933 0.009608226
vt 0.1815526 0.009367412
vt 0.1779397 0.00644482
vt 0.1767346 0.001956793
vt 0.1783977 -0.002382403
vt 0.1822937 -0.004915339
vt 0.1869345 -0.004674519
vt 0.1905473 -0.001751938
vt 0.1917524 0.0027361
vt 0.1900893 0.00707529
vt -0.191456 0.0070537
vt -0.1931191 0.002714503
vt -0.1919141 -0.001773529
vt -0.1883011 -0.00469611
vt -0.1836604 -0.00493693
vt -0.1797644 -0.002403995
vt -0.1781013 0.001935202
vt -0.1793064 0.006423229
vt -0.1829192 0.00934582
vt -0.18756 0.00958663
vt 0.1651452 -0.05765464
vt 0.1607015 -0.0562953
vt 0.1602498 -0.0588058
vt 0.1646935 -0.06016515
vt 0.1964295 -0.01957808
vt 0.1920498 -0.02113136
vt 0.1921456 -0.02368038
vt 0.1965254 -0.0221271
vt 0.1666321 0.01983724
vt 0.163868 0.0161017
vt 0.1645929 0.01365604
vt 0.167357 0.01739158
vt 0.04941063 -0.01115574
vt 0.0476434 -0.01545358
vt 0.04872938 -0.01776169
vt 0.0504966 -0.01346385
vt -0.07797233 -0.06564792
vt -0.08097061 -0.06919825
vt -0.08007935 -0.0715883
vt -0.07708107 -0.06803798
vt -0.1578738 -0.06553965
vt -0.1623175 -0.06689899
vt -0.1618658 -0.0694095
vt -0.157422 -0.06805016
vt -0.1951187 -0.02978455
vt -0.1994984 -0.02823127
vt -0.1995942 -0.0307803
vt -0.1952145 -0.03233357
vt -0.1684764 0.01269182
vt -0.1712405 0.01642737
vt -0.1719654 0.01398171
vt -0.1692013 0.01024617
vt -0.04594654 -0.01475584
vt -0.04771377 -0.010458
vt -0.04879975 -0.01276611
vt -0.04703252 -0.01706395
vt 0.08690482 -0.06418724
vt 0.08390652 -0.06063692
vt 0.08301527 -0.06302696
vt 0.08601355 -0.06657729
vt 0.187279 0.01410309
vt 0.1828328 0.01545411
vt 0.1784416 0.01393366
vt 0.1757827 0.01012251
vt 0.1758718 0.005476375
vt 0.1786747 0.001769924
vt 0.183121 0.000418899
vt 0.1875122 0.001939346
vt 0.1901711 0.005750502
vt 0.190082 0.01039664
vt -0.1902904 0.01212264
vt -0.1903795 0.00747651
vt -0.1877206 0.003665355
vt -0.1833294 0.002144908
vt -0.1788832 0.003495933
vt -0.1760802 0.007202384
vt -0.1759911 0.01184852
vt -0.1786499 0.01565967
vt -0.1830412 0.01718012
vt -0.1874874 0.01582909
vt -0.08761911 -0.03033339
vt -0.08952406 -0.02609479
vt -0.09045506 -0.02691815
vt -0.08855011 -0.03115675
vt 0.00880936 -0.1138324
vt 0.006303045 -0.1099193
vt 0.005538777 -0.1108993
vt 0.008045095 -0.1148125
vt 0.1462446 -0.09996403
vt 0.1418894 -0.09834342
vt 0.141749 -0.09957831
vt 0.1461042 -0.1011989
vt 0.1918284 0.01346908
vt 0.1876477 0.01144018
vt 0.1882531 0.01035478
vt 0.1924338 0.01238367
vt 0.1499809 0.03693224
vt 0.1472615 0.03316405
vt 0.1481501 0.03229517
vt 0.1508695 0.03606337
vt 0.087386 -0.02513395
vt 0.08548106 -0.02937255
vt 0.08641206 -0.03019591
vt 0.088317 -0.0259573
vt -0.005690382 -0.110312
vt -0.008196721 -0.1142252
vt -0.007432451 -0.1152052
vt -0.00492612 -0.1112921
vt -0.1406853 -0.1015791
vt -0.1450406 -0.1031997
vt -0.1449002 -0.1044346
vt -0.1405449 -0.102814
vt -0.1897178 0.007174806
vt -0.1938985 0.009203707
vt -0.1945039 0.008118303
vt -0.1903232 0.006089402
vt -0.1507945 0.03061437
vt -0.1535139 0.03438257
vt -0.1544026 0.03351369
vt -0.1516831 0.02974549
vt 0.1883579 0.0186062
vt 0.188094 0.0232457
vt 0.1851535 0.02684403
vt 0.1806595 0.02802675
vt 0.1763287 0.02634212
vt 0.1738151 0.02243361
vt 0.174079 0.01779411
vt 0.1770195 0.01419578
vt 0.1815134 0.01301305
vt 0.1858443 0.01469768
vt -0.1856292 0.0150554
vt -0.1812983 0.01337076
vt -0.1768044 0.0145535
vt -0.1738639 0.01815182
vt -0.1736 0.02279132
vt -0.1761136 0.02669984
vt -0.1804444 0.02838447
vt -0.1849384 0.02720174
vt -0.1878789 0.02360341
vt -0.1881427 0.01896392
vt -0.02602832 -0.03003085
vt -0.02793622 -0.02540815
vt -0.02924922 -0.02560447
vt -0.02734132 -0.03022717
vt -0.002370514 -0.1364503
vt -0.004901266 -0.1321369
vt -0.006198378 -0.1324198
vt -0.003667629 -0.1367331
vt 0.1448809 -0.1223814
vt 0.1400502 -0.1210877
vt 0.1393827 -0.1222353
vt 0.1442134 -0.123529
vt 0.07914713 0.1510939
vt 0.07831708 0.1461623
vt 0.07959284 0.145795
vt 0.08042289 0.1507266
vt 0.04865687 0.08249655
vt 0.0474702 0.07763843
vt 0.04878065 0.07742582
vt 0.04996733 0.08228394
vt 0.03082961 -0.02660231
vt 0.02892171 -0.03122502
vt 0.0302347 -0.03142134
vt 0.03214261 -0.02679863
vt 0.005154796 -0.1322861
vt 0.00262402 -0.1365995
vt 0.003921135 -0.1368823
vt 0.006451901 -0.132569
vt -0.140742 -0.1185027
vt -0.1455727 -0.1197964
vt -0.1449052 -0.120944
vt -0.1400745 -0.1196502
vt -0.0738878 0.1469083
vt -0.0747178 0.1518398
vt -0.07599358 0.1514725
vt -0.07516357 0.1465409
vt -0.04295441 0.07874149
vt -0.04414109 0.0835996
vt -0.04545155 0.083387
vt -0.04426488 0.07852888
vt 0.1784664 0.03084508
vt 0.1771422 0.03566753
vt 0.1732364 0.03879068
vt 0.1682408 0.03902156
vt 0.1640635 0.03627199
vt 0.1623002 0.03159223
vt 0.1636244 0.02676977
vt 0.1675302 0.02364663
vt 0.1725258 0.02341576
vt 0.1767031 0.02616531
vt -0.1770403 0.02592664
vt -0.1728631 0.02317708
vt -0.1678675 0.02340796
vt -0.1639616 0.0265311
vt -0.1626375 0.03135356
vt -0.1644008 0.03603332
vt -0.1685781 0.03878289
vt -0.1735737 0.038552
vt -0.1774795 0.03542886
vt -0.1788036 0.0306064
vt -0.129704 -0.01740403
vt -0.1312388 -0.01264442
vt -0.132271 -0.01468651
vt -0.1307362 -0.01944611
vt 0.02712307 -0.07435184
vt 0.02377507 -0.07063695
vt 0.0234958 -0.07290795
vt 0.0268438 -0.07662284
vt 0.1389168 -0.03837436
vt 0.1339659 -0.03766803
vt 0.1344555 -0.03990315
vt 0.1394063 -0.04060948
vt 0.1778076 0.004683292
vt 0.1734021 0.002316702
vt 0.1742999 0.0002120787
vt 0.1787054 0.00257867
vt 0.1805458 0.02481748
vt 0.1779465 0.02054511
vt 0.1790567 0.01854442
vt 0.181656 0.02281679
vt 0.1283899 -0.0117258
vt 0.1268551 -0.0164854
vt 0.1278873 -0.01852749
vt 0.1294221 -0.01376788
vt -0.01912424 -0.07482865
vt -0.02247225 -0.07854353
vt -0.02219299 -0.08081453
vt -0.01884498 -0.07709965
vt -0.132495 -0.04797805
vt -0.1374458 -0.04868439
vt -0.1379354 -0.05091951
vt -0.1329845 -0.05021318
vt -0.178656 -0.007463799
vt -0.1830616 -0.005097208
vt -0.1839593 -0.007201831
vt -0.1795538 -0.009568416
vt -0.1859439 0.01567954
vt -0.1885432 0.01995191
vt -0.1896534 0.01795122
vt -0.1870541 0.01367885
vt 0.157505 0.05069434
vt 0.1566078 0.05561415
vt 0.1529902 0.05906703
vt 0.1480339 0.05973408
vt 0.1436321 0.05736051
vt 0.1414662 0.05285296
vt 0.1423633 0.04793314
vt 0.1459809 0.04448027
vt 0.1509372 0.04381322
vt 0.155339 0.04618678
vt -0.1547393 0.04773102
vt -0.1503375 0.04535746
vt -0.1453813 0.04602451
vt -0.1417636 0.04947738
vt -0.1408665 0.0543972
vt -0.1430324 0.05890476
vt -0.1474342 0.06127831
vt -0.1523905 0.06061126
vt -0.1560081 0.05715839
vt -0.1569053 0.05223858
vt -0.05003233 -0.01410159
vt -0.05182015 -0.009431138
vt -0.05289591 -0.01061399
vt -0.05110808 -0.01528445
vt 0.05645088 -0.07379963
vt 0.05262197 -0.07058266
vt 0.05192553 -0.07202189
vt 0.05575445 -0.07523885
vt 0.1567274 -0.03235232
vt 0.1517546 -0.03288212
vt 0.1518393 -0.03447876
vt 0.1568121 -0.03394895
vt 0.1764307 0.05633148
vt 0.1732038 0.05251092
vt 0.1740143 0.0511327
vt 0.1772412 0.05495326
vt 0.1305749 0.06687801
vt 0.1291019 0.06209892
vt 0.1302121 0.06094831
vt 0.1316851 0.0657274
vt 0.05507358 -0.01067668
vt 0.05328574 -0.01534713
vt 0.0543615 -0.01652999
vt 0.05614933 -0.01185954
vt -0.04824737 -0.07578939
vt -0.0520763 -0.07900636
vt -0.05137985 -0.08044559
vt -0.04755094 -0.07722862
vt -0.152556 -0.04040421
vt -0.1575288 -0.03987441
vt -0.1576135 -0.04147104
vt -0.1526407 -0.04200084
vt -0.1777636 0.04865957
vt -0.1809905 0.05248012
vt -0.181801 0.0511019
vt -0.1785741 0.04728135
vt -0.1308024 0.06157465
vt -0.1322755 0.06635372
vt -0.1333856 0.06520312
vt -0.1319126 0.06042404
vt 0.1531356 0.06761293
vt 0.1512255 0.07223473
vt 0.1469636 0.0748511
vt 0.1419777 0.07446269
vt 0.1381724 0.07121785
vt 0.1370011 0.06635601
vt 0.1389112 0.06173421
vt 0.1431731 0.05911784
vt 0.148159 0.05950625
vt 0.1519643 0.06275109
vt -0.151988 0.06354006
vt -0.1481826 0.06029522
vt -0.1431968 0.0599068
vt -0.1389349 0.06252317
vt -0.1370248 0.06714498
vt -0.1381961 0.07200681
vt -0.1420014 0.07525165
vt -0.1469872 0.07564007
vt -0.1512492 0.07302368
vt -0.1531593 0.06840189
vt -0.06434263 -0.00350409
vt -0.06619326 0.001141836
vt -0.06800812 0.00134066
vt -0.0661575 -0.003305271
vt -0.08571962 -0.1099276
vt -0.08722638 -0.105159
vt -0.08902588 -0.1048507
vt -0.08751912 -0.1096192
vt -0.1871713 0.007484333
vt -0.1830674 0.01034213
vt -0.1836637 0.0120677
vt -0.1877677 0.009209908
vt 0.03388992 0.1733546
vt 0.03485384 0.1684475
vt 0.03663877 0.1688313
vt 0.03567485 0.1737384
vt 0.05692549 0.1076691
vt 0.0560064 0.1027533
vt 0.05781882 0.1029733
vt 0.05873792 0.1078891
vt 0.06835658 0.0002800862
vt 0.06650595 -0.004365844
vt 0.06832082 -0.004167027
vt 0.07017145 0.0004789035
vt 0.08446074 -0.1042847
vt 0.082954 -0.1090533
vt 0.0847535 -0.1087449
vt 0.08626024 -0.1039764
vt 0.1793678 0.005028178
vt 0.1834717 0.002170358
vt 0.1840681 0.003895931
vt 0.1799641 0.006753745
vt -0.02749269 0.1670013
vt -0.02652879 0.1719085
vt -0.02831372 0.1722923
vt -0.02927763 0.1673851
vt -0.04991858 0.1038915
vt -0.05083768 0.1088072
vt -0.05265011 0.1090272
vt -0.051731 0.1041115
vt 0.1590491 0.06189814
vt 0.1578344 0.06674932
vt 0.1540002 0.06996
vt 0.1490111 0.07030382
vt 0.1447727 0.06764945
vt 0.142904 0.06301076
vt 0.1441187 0.05815958
vt 0.1479529 0.0549489
vt 0.152942 0.05460509
vt 0.1571804 0.05725946
vt -0.1576251 0.05648806
vt -0.1533867 0.05383369
vt -0.1483976 0.05417751
vt -0.1445634 0.05738819
vt -0.1433487 0.06223937
vt -0.1452174 0.06687805
vt -0.1494558 0.06953242
vt -0.1544449 0.06918861
vt -0.1582791 0.06597792
vt -0.1594938 0.06112675
vt -0.04256741 0.03320731
vt -0.0446421 0.0377576
vt -0.04651856 0.03720963
vt -0.04444387 0.03265934
vt -0.005223958 -0.07535582
vt -0.008342354 -0.0714462
vt -0.01016335 -0.07215706
vt -0.007044953 -0.07606668
vt 0.1190843 -0.1114351
vt 0.1141834 -0.1104399
vt 0.113172 -0.1121127
vt 0.118073 -0.113108
vt 0.1288701 0.1368212
vt 0.1273208 0.1320663
vt 0.128971 0.1310183
vt 0.1305202 0.1357732
vt 0.07849246 0.1214038
vt 0.07724328 0.1165614
vt 0.07910044 0.1159512
vt 0.08034962 0.1207937
vt 0.04899435 0.03577318
vt 0.04691967 0.03122289
vt 0.04879612 0.03067493
vt 0.05087081 0.03522522
vt 0.01041636 -0.07310056
vt 0.007297968 -0.07701017
vt 0.009118961 -0.07772104
vt 0.01223735 -0.07381143
vt -0.1143174 -0.1097806
vt -0.1192183 -0.1107758
vt -0.118207 -0.1124487
vt -0.113306 -0.1114535
vt -0.1238282 0.1332043
vt -0.1253774 0.1379592
vt -0.1270275 0.1369112
vt -0.1254783 0.1321563
vt -0.07227094 0.1178441
vt -0.07352014 0.1226865
vt -0.0753773 0.1220763
vt -0.07412811 0.1172339
vt 0.150232 0.08712757
vt 0.149021 0.09197967
vt 0.1451893 0.09519328
vt 0.1402004 0.09554091
vt 0.13596 0.09288977
vt 0.1340878 0.08825251
vt 0.1352988 0.08340041
vt 0.1391305 0.08018681
vt 0.1441194 0.07983918
vt 0.1483598 0.08249032
vt -0.1490108 0.08236434
vt -0.1447704 0.0797132
vt -0.1397816 0.08006082
vt -0.1359498 0.08327444
vt -0.1347388 0.08812654
vt -0.1366111 0.0927638
vt -0.1408515 0.09541494
vt -0.1458403 0.09506731
vt -0.149672 0.0918537
vt -0.1508831 0.08700161
vt 0.01068241 0.05401821
vt 0.008145066 0.05832766
vt 0.00804495 0.05597313
vt 0.01058231 0.05166369
vt 0.103453 0.05802111
vt 0.09908093 0.06044894
vt 0.09906724 0.05809234
vt 0.1034393 0.0556645
vt 0.1384034 0.06309165
vt 0.1334173 0.06270672
vt 0.1334524 0.06035034
vt 0.1384385 0.06073526
vt 0.1630147 0.06658919
vt 0.1590506 0.06354039
vt 0.1591349 0.06118526
vt 0.163099 0.06423406
vt 0.1671579 0.06920847
vt 0.1650628 0.06466752
vt 0.1652213 0.06231622
vt 0.1673164 0.06685717
vt 0.0001041449 0.05347059
vt -0.002433202 0.04916113
vt -0.002333092 0.04680662
vt 0.0002042553 0.05111607
vt -0.0925474 0.0486832
vt -0.09691949 0.04625537
vt -0.09690581 0.04389877
vt -0.09253372 0.0463266
vt -0.1344889 0.04882609
vt -0.139475 0.04921101
vt -0.1395101 0.04685463
vt -0.134524 0.04646971
vt -0.1670491 0.05314053
vt -0.1710132 0.05618933
vt -0.1710976 0.05383419
vt -0.1671335 0.05078539
vt -0.1714783 0.06170761
vt -0.1735733 0.06624856
vt -0.1737319 0.06389726
vt -0.1716368 0.0593563
vt 0.140435 0.1012538
vt 0.1385033 0.1058666
vt 0.1342292 0.1084631
vt 0.1292453 0.1080514
vt 0.1254551 0.1047888
vt 0.1243065 0.09992154
vt 0.1262382 0.09530872
vt 0.1305123 0.09271228
vt 0.1354963 0.09312398
vt 0.1392864 0.09638654
vt -0.1392572 0.09851889
vt -0.135467 0.09525632
vt -0.1304831 0.09484462
vt -0.1262089 0.09744106
vt -0.1242773 0.1020539
vt -0.1254259 0.1069212
vt -0.129216 0.1101837
vt -0.1342 0.1105954
vt -0.1384741 0.107999
vt -0.1404057 0.1033861
vt 0.0376059 0.07605737
vt 0.0347744 0.08017951
vt 0.0341292 0.07848014
vt 0.03696069 0.07435799
vt 0.1011478 0.05721537
vt 0.09663706 0.05937464
vt 0.09603915 0.05765805
vt 0.1005499 0.05549879
vt 0.144218 0.05214346
vt 0.1392643 0.05145824
vt 0.1387915 0.04970306
vt 0.1437453 0.05038828
vt 0.1756129 0.07174584
vt 0.1719671 0.0683227
vt 0.171818 0.06651109
vt 0.1754638 0.06993423
vt 0.09540199 0.1110305
vt 0.09363644 0.1063516
vt 0.0941121 0.1045972
vt 0.09587765 0.1092761
vt -0.02558937 0.07387032
vt -0.02842087 0.06974817
vt -0.02777566 0.06804878
vt -0.02494416 0.07217093
vt -0.09117921 0.04797298
vt -0.09568997 0.04581373
vt -0.09509207 0.04409713
vt -0.0905813 0.04625639
vt -0.1409261 0.0394438
vt -0.1458799 0.04012902
vt -0.1454071 0.03837383
vt -0.1404534 0.03768861
vt -0.1775907 0.06233323
vt -0.1812365 0.06575637
vt -0.1810874 0.06394474
vt -0.1774416 0.06052161
vt -0.09003267 0.1077112
vt -0.09179824 0.1123902
vt -0.0922739 0.1106357
vt -0.09050833 0.1059568
vt 0.139879 0.1141441
vt 0.1376635 0.1186275
vt 0.1332358 0.1209525
vt 0.1282872 0.1202309
vt 0.1247078 0.1167384
vt 0.1238649 0.111809
vt 0.1260804 0.1073256
vt 0.130508 0.1050006
vt 0.1354566 0.1057222
vt 0.139036 0.1092147
vt -0.1395471 0.1106222
vt -0.1359677 0.1071297
vt -0.1310191 0.1064081
vt -0.1265914 0.1087331
vt -0.124376 0.1132165
vt -0.1252189 0.1181459
vt -0.1287983 0.1216384
vt -0.1337469 0.12236
vt -0.1381745 0.120035
vt -0.14039 0.1155516
vt 0.1890814 -0.05410666
vt 0.1923473 -0.05333596
vt 0.1910314 -0.05172728
vt 0.1877656 -0.05249799
vt 0.03942903 0.1456216
vt 0.0385425 0.1498999
vt 0.03671307 0.1485648
vt 0.0375996 0.1442866
vt -0.03375522 0.06774615
vt -0.03688873 0.06764425
vt -0.03811233 0.06647286
vt -0.03497883 0.06657474
vt -0.07307018 -0.02903035
vt -0.07588371 -0.03274163
vt -0.07673356 -0.03304225
vt -0.07392003 -0.02933097
vt -0.1166869 -0.1179573
vt -0.1172421 -0.1206881
vt -0.1175988 -0.1197378
vt -0.1170436 -0.1170071
vt -0.2021645 -0.05111612
vt -0.1988987 -0.05188683
vt -0.1975828 -0.05027816
vt -0.2008487 -0.04950745
vt -0.03258431 0.1440198
vt -0.03347084 0.1397415
vt -0.03164141 0.1384065
vt -0.03075488 0.1426847
vt 0.03755813 0.05327557
vt 0.03442463 0.05337747
vt 0.03564822 0.05220606
vt 0.03878174 0.05210419
vt 0.06875144 -0.03960246
vt 0.0659379 -0.03589118
vt 0.06678776 -0.0361918
vt 0.06960128 -0.03990308
vt 0.1045647 -0.116148
vt 0.1040095 -0.1134172
vt 0.1043662 -0.1124669
vt 0.1049214 -0.1151977
vt 0.1826682 -0.002266505
vt 0.1848918 -0.006390513
vt 0.1890878 -0.008429859
vt 0.1936536 -0.007605555
vt 0.1968451 -0.004232478
vt 0.1974433 0.0004009786
vt 0.1952197 0.004524987
vt 0.1910236 0.006564333
vt 0.1864579 0.00574003
vt 0.1832664 0.002366957
vt -0.1821517 0.001201823
vt -0.1853433 0.0045749
vt -0.189909 0.005399193
vt -0.1941051 0.003359857
vt -0.1963287 -0.0007641559
vt -0.1957305 -0.005397608
vt -0.192539 -0.008770689
vt -0.1879732 -0.009594982
vt -0.1837772 -0.007555646
vt -0.1815536 -0.003431635
vt 0.1610644 -0.05666319
vt 0.1627114 -0.0533596
vt 0.1612735 -0.05142557
vt 0.1596265 -0.05472916
vt 0.1926157 -0.02008645
vt 0.1965077 -0.0174776
vt 0.1945031 -0.01586624
vt 0.190611 -0.01847508
vt 0.1639445 0.02128639
vt 0.165954 0.0224047
vt 0.1639611 0.02358471
vt 0.1619515 0.02246639
vt 0.03730099 -0.005389207
vt 0.03522945 -0.008042784
vt 0.03430093 -0.006657162
vt 0.03637247 -0.004003579
vt -0.09908171 -0.05804417
vt -0.1008783 -0.06207082
vt -0.1004071 -0.06016099
vt -0.09861054 -0.05613435
vt -0.1762013 -0.05754935
vt -0.1745543 -0.06085294
vt -0.1731164 -0.05891892
vt -0.1747634 -0.05561532
vt -0.2016542 -0.02517116
vt -0.1977622 -0.02778001
vt -0.1957575 -0.02616864
vt -0.1996496 -0.02355981
vt -0.1613658 0.009963331
vt -0.1593563 0.008845003
vt -0.1573634 0.01002501
vt -0.1593729 0.01114333
vt -0.03466883 -0.01904039
vt -0.03674036 -0.01638681
vt -0.03581185 -0.01500119
vt -0.0337403 -0.01765477
vt 0.08973886 -0.06347895
vt 0.08794231 -0.05945231
vt 0.08747116 -0.05754248
vt 0.0892677 -0.06156912
vt 0.1817595 0.001076368
vt 0.185113 -0.002173746
vt 0.1896764 -0.002832324
vt 0.1937064 -0.0006478215
vt 0.1956639 0.003545358
vt 0.1948011 0.008145565
vt 0.1914476 0.01139568
vt 0.1868843 0.01205427
vt 0.1828542 0.009869754
vt 0.1808967 0.005676575
vt -0.1791316 0.006551628
vt -0.1810891 0.01074481
vt -0.1851192 0.01292931
vt -0.1896825 0.01227073
vt -0.193036 0.009020619
vt -0.1938988 0.004420412
vt -0.1919413 0.0002272276
vt -0.1879112 -0.00195727
vt -0.1833479 -0.001298688
vt -0.1799944 0.001951427
vt -0.07452917 -0.03403996
vt -0.07619597 -0.03075296
vt -0.07524945 -0.02997577
vt -0.07358265 -0.03326277
vt 0.01893792 -0.1087962
vt 0.01719499 -0.1052161
vt 0.01784151 -0.1041752
vt 0.01958444 -0.1077552
vt 0.1439172 -0.09175612
vt 0.1457087 -0.09000018
vt 0.1456161 -0.08875968
vt 0.1438246 -0.09051561
vt 0.1871914 0.01419433
vt 0.1905949 0.01739903
vt 0.1897899 0.01835933
vt 0.1863864 0.01515464
vt 0.1463671 0.04058525
vt 0.1473238 0.04170889
vt 0.146319 0.04243936
vt 0.1453623 0.04131571
vt 0.07755649 -0.02166222
vt 0.07588967 -0.02494921
vt 0.07494316 -0.02417203
vt 0.07660996 -0.02088503
vt -0.0258268 -0.108628
vt -0.02756971 -0.1122081
vt -0.02821622 -0.1111671
vt -0.02647329 -0.107587
vt -0.1590113 -0.09299333
vt -0.1572198 -0.09474926
vt -0.1571272 -0.09350875
vt -0.1589187 -0.09175281
vt -0.1930912 0.01340037
vt -0.1896877 0.01019567
vt -0.1888827 0.01115598
vt -0.1922862 0.01436069
vt -0.1426304 0.02876285
vt -0.1416737 0.02763922
vt -0.1406688 0.02836969
vt -0.1416255 0.02949333
vt 0.1862477 0.00857143
vt 0.1903061 0.01030662
vt 0.1925141 0.01424575
vt 0.1920281 0.01888421
vt 0.1890338 0.02245026
vt 0.184675 0.0235818
vt 0.1806165 0.02184661
vt 0.1784086 0.01790748
vt 0.1788946 0.01326902
vt 0.1818889 0.009702978
vt -0.1814206 0.009964748
vt -0.1784264 0.01353079
vt -0.1779404 0.01816926
vt -0.1801483 0.02210837
vt -0.1842068 0.02384357
vt -0.1885656 0.02271203
vt -0.1915598 0.01914598
vt -0.1920458 0.01450752
vt -0.1898379 0.01056839
vt -0.1857794 0.008833205
vt -0.01652478 -0.0302912
vt -0.01888559 -0.02609103
vt -0.01769111 -0.02601871
vt -0.0153303 -0.03021888
vt 0.008875481 -0.1282632
vt 0.007667436 -0.1255026
vt 0.008756356 -0.1249633
vt 0.0099644 -0.1277239
vt 0.1412402 -0.1127226
vt 0.1440476 -0.113482
vt 0.1441964 -0.112184
vt 0.141389 -0.1114246
vt 0.0781752 0.1505508
vt 0.0780357 0.1554371
vt 0.07671086 0.1552627
vt 0.07685036 0.1503764
vt 0.03958967 0.09208332
vt 0.03757464 0.09260891
vt 0.03631972 0.09238701
vt 0.03833475 0.09186141
vt 0.01582666 -0.01951444
vt 0.01346585 -0.02371461
vt 0.01227138 -0.02364229
vt 0.01463218 -0.01944212
vt -0.01645876 -0.1346883
vt -0.01766679 -0.1374489
vt -0.0187557 -0.1369096
vt -0.01754766 -0.1341491
vt -0.1567904 -0.1142396
vt -0.153983 -0.1134801
vt -0.1541318 -0.1121822
vt -0.1569392 -0.1129416
vt -0.07313324 0.1516923
vt -0.07327278 0.146806
vt -0.07194794 0.1466315
vt -0.0718084 0.1515178
vt -0.0350819 0.07730551
vt -0.03709692 0.07677992
vt -0.035842 0.07655801
vt -0.03382698 0.07708359
vt 0.1759869 0.02110557
vt 0.1808024 0.02234633
vt 0.1839464 0.02621597
vt 0.1842179 0.03123642
vt 0.1815132 0.03549004
vt 0.1768654 0.03735209
vt 0.1720499 0.03611133
vt 0.168906 0.03224169
vt 0.1686345 0.02722123
vt 0.1713392 0.02296762
vt -0.1710972 0.0224698
vt -0.1683925 0.02672342
vt -0.168664 0.03174388
vt -0.171808 0.03561352
vt -0.1766235 0.03685427
vt -0.1812712 0.03499223
vt -0.1839759 0.0307386
vt -0.1837044 0.02571816
vt -0.1805605 0.02184851
vt -0.175745 0.02060775
vt -0.1159898 -0.02405656
vt -0.1167598 -0.01989355
vt -0.1157305 -0.01783695
vt -0.1149605 -0.02199998
vt 0.03344393 -0.07063001
vt 0.03151503 -0.06697387
vt 0.03165235 -0.06467751
vt 0.03358125 -0.06833366
vt 0.1362606 -0.03560587
vt 0.1383576 -0.03298868
vt 0.1377018 -0.03077861
vt 0.1356048 -0.03339579
vt 0.1773397 0.005405051
vt 0.1820171 0.007271525
vt 0.1809734 0.009329019
vt 0.176296 0.007462545
vt 0.1836133 0.02573184
vt 0.1871032 0.0251146
vt 0.1858912 0.0270757
vt 0.1824013 0.02769294
vt 0.1234416 -0.01307819
vt 0.1226716 -0.01724122
vt 0.1216423 -0.01518464
vt 0.1224123 -0.01102161
vt -0.0406528 -0.07141732
vt -0.0425817 -0.07507347
vt -0.042719 -0.07277712
vt -0.04079012 -0.06912097
vt -0.1521473 -0.03930093
vt -0.1500503 -0.04191812
vt -0.1493946 -0.03970804
vt -0.1514915 -0.03709086
vt -0.1866619 -0.002900286
vt -0.1819846 -0.004766767
vt -0.1809409 -0.002709271
vt -0.1856182 -0.0008427923
vt -0.1805843 0.011617
vt -0.1770945 0.01223425
vt -0.1758825 0.01419536
vt -0.1793723 0.01357811
vt 0.1580194 0.04304007
vt 0.1625271 0.04524167
vt 0.1648726 0.04968576
vt 0.1641601 0.05467485
vt 0.1606618 0.05830328
vt 0.1557139 0.05918511
vt 0.1512063 0.05698352
vt 0.1488608 0.05253943
vt 0.1495732 0.04755033
vt 0.1530715 0.04392191
vt -0.1523026 0.04539389
vt -0.1488043 0.04902232
vt -0.1480918 0.05401141
vt -0.1504374 0.0584555
vt -0.154945 0.0606571
vt -0.1598929 0.05977527
vt -0.1633912 0.05614683
vt -0.1641036 0.05115774
vt -0.1617581 0.04671366
vt -0.1572505 0.04451206
vt -0.05483578 -0.004836949
vt -0.05698768 -0.0007296836
vt -0.05516478 -0.0009184552
vt -0.05301289 -0.005025717
vt -0.0699664 -0.1066926
vt -0.07173984 -0.1037878
vt -0.06991146 -0.103928
vt -0.06813802 -0.1068327
vt -0.1694479 -0.0485626
vt -0.1723774 -0.04949312
vt -0.1711833 -0.05089174
vt -0.1682538 -0.04996121
vt 0.03333376 0.1714744
vt 0.03198761 0.1762538
vt 0.03020629 0.1757897
vt 0.03155244 0.1710102
vt 0.04926174 0.1162492
vt 0.04729078 0.1171789
vt 0.04547816 0.1168769
vt 0.04744912 0.1159473
vt 0.05705247 0.005985494
vt 0.05490056 0.001878226
vt 0.05307767 0.001689459
vt 0.05522957 0.005796722
vt 0.06909795 -0.1152053
vt 0.06732453 -0.11811
vt 0.06549613 -0.1182502
vt 0.06726957 -0.1153455
vt 0.1779813 -0.06213346
vt 0.1750519 -0.06120291
vt 0.1738578 -0.06260153
vt 0.1767872 -0.06353208
vt -0.02518804 0.1719042
vt -0.02653418 0.1671247
vt -0.02475286 0.1666605
vt -0.02340673 0.17144
vt -0.04365344 0.1021661
vt -0.04562437 0.1012365
vt -0.04381175 0.1009345
vt -0.04184081 0.1018642
vt 0.1573014 0.05293312
vt 0.1620685 0.05456931
vt 0.1649626 0.05869623
vt 0.1648784 0.06373754
vt 0.161848 0.06776763
vt 0.1570289 0.06924714
vt 0.1522619 0.06761096
vt 0.1493677 0.06348404
vt 0.1494519 0.05844272
vt 0.1524823 0.05441263
vt -0.1527597 0.05355353
vt -0.1497292 0.05758361
vt -0.149645 0.06262492
vt -0.1525392 0.06675185
vt -0.1573063 0.06838804
vt -0.1621253 0.06690853
vt -0.1651558 0.06287844
vt -0.16524 0.05783713
vt -0.1623458 0.0537102
vt -0.1575788 0.05207401
vt -0.04070785 -0.01461489
vt -0.04275133 -0.01004106
vt -0.04182128 -0.008909748
vt -0.03977781 -0.01348359
vt 0.05842658 -0.06624369
vt 0.05802055 -0.0634044
vt 0.05825546 -0.06189885
vt 0.0586615 -0.06473814
vt 0.1522112 -0.02767519
vt 0.1557637 -0.02580478
vt 0.1550762 -0.02436392
vt 0.1515237 -0.02623433
vt 0.1750925 0.05870974
vt 0.1788666 0.06121605
vt 0.1775949 0.06219443
vt 0.1738208 0.05968813
vt 0.1270216 0.07259893
vt 0.1273321 0.07144345
vt 0.1260424 0.07225318
vt 0.1257319 0.07340867
vt 0.04067341 -0.007213376
vt 0.03862993 -0.01178721
vt 0.0376999 -0.0106559
vt 0.03974338 -0.006082068
vt -0.07052176 -0.07037576
vt -0.07092779 -0.07321505
vt -0.07116272 -0.07170949
vt -0.07075667 -0.06887022
vt -0.1667524 -0.03061687
vt -0.1631999 -0.03248728
vt -0.1625125 -0.03104642
vt -0.1660649 -0.029176
vt -0.1775437 0.05214644
vt -0.1737696 0.04964014
vt -0.1724979 0.05061853
vt -0.176272 0.05312483
vt -0.121644 0.05731361
vt -0.1213335 0.05846912
vt -0.1200438 0.05927886
vt -0.1203543 0.05812336
vt 0.1510511 0.05899928
vt 0.1560058 0.05992283
vt 0.1594704 0.06358343
vt 0.1601215 0.06858288
vt 0.1577106 0.07301155
vt 0.1531583 0.07517783
vt 0.1482036 0.07425429
vt 0.144739 0.07059368
vt 0.1440879 0.06559423
vt 0.1464989 0.06116556
vt -0.1459062 0.0616666
vt -0.1434952 0.06609527
vt -0.1441463 0.07109471
vt -0.1476109 0.07475532
vt -0.1525656 0.07567886
vt -0.1571179 0.07351258
vt -0.1595289 0.06908391
vt -0.1588777 0.06408447
vt -0.1554131 0.06042386
vt -0.1504584 0.05950031
vt -0.03610176 0.03170111
vt -0.03877269 0.03558701
vt -0.03719318 0.03577105
vt -0.03452224 0.03188515
vt 0.0005534205 -0.06815095
vt -0.0008836606 -0.06508446
vt 0.0003855952 -0.0640803
vt 0.00182268 -0.06714678
vt 0.1148326 -0.1016169
vt 0.117456 -0.101895
vt 0.1173977 -0.1000257
vt 0.1147742 -0.09974752
vt 0.1286429 0.133037
vt 0.1297251 0.1378538
vt 0.1277589 0.1378112
vt 0.1266766 0.1329944
vt 0.07205553 0.1294139
vt 0.07020485 0.1303444
vt 0.06842759 0.1300302
vt 0.07027826 0.1290997
vt 0.03601518 0.04349044
vt 0.03334425 0.03960453
vt 0.03176472 0.03978859
vt 0.03443565 0.04367449
vt -0.00914745 -0.07205006
vt -0.01058453 -0.07511655
vt -0.0118538 -0.07411237
vt -0.01041672 -0.07104589
vt -0.1305829 -0.1035134
vt -0.1279595 -0.1032353
vt -0.1279011 -0.1013659
vt -0.1305245 -0.1016441
vt -0.1251981 0.1357409
vt -0.1241158 0.130924
vt -0.1221496 0.1308815
vt -0.1232318 0.1356983
vt -0.06644607 0.1153642
vt -0.06829673 0.1144337
vt -0.06651947 0.1141195
vt -0.0646688 0.11505
vt 0.1488378 0.07815734
vt 0.1536163 0.0796796
vt 0.1565788 0.08373377
vt 0.1565939 0.08877128
vt 0.1536558 0.09286799
vt 0.1488868 0.09445909
vt 0.1441083 0.09293682
vt 0.1411458 0.08888265
vt 0.1411307 0.08384513
vt 0.1440687 0.07974843
vt -0.1435672 0.07908607
vt -0.1406291 0.08318277
vt -0.1406442 0.08822029
vt -0.1436067 0.09227446
vt -0.1483852 0.09379672
vt -0.1531542 0.09220563
vt -0.1560924 0.08810893
vt -0.1560773 0.08307141
vt -0.1531147 0.07901724
vt -0.1483363 0.07749497
vt 0.01391285 0.05118974
vt 0.01097924 0.0552664
vt 0.01008291 0.05693009
vt 0.01301651 0.05285344
vt 0.09884716 0.05490045
vt 0.0989802 0.05946374
vt 0.09743728 0.06111478
vt 0.09730424 0.05655148
vt 0.1352587 0.06067483
vt 0.1387491 0.06407096
vt 0.1370435 0.06570486
vt 0.1335532 0.06230873
vt 0.1653639 0.06602193
vt 0.1700967 0.0670013
vt 0.1683756 0.06861629
vt 0.1636428 0.06763692
vt 0.1682051 0.07000535
vt 0.169695 0.06813941
vt 0.1685168 0.06974244
vt 0.1670269 0.07160839
vt -0.01857212 0.0620198
vt -0.02150573 0.05794314
vt -0.02060939 0.05960684
vt -0.01767578 0.06368349
vt -0.114158 0.05773701
vt -0.114025 0.05317371
vt -0.112482 0.05482476
vt -0.1126151 0.05938805
vt -0.1499107 0.05454336
vt -0.1464204 0.05114723
vt -0.1447148 0.05278113
vt -0.1482051 0.05617727
vt -0.1708508 0.05314784
vt -0.166118 0.05216848
vt -0.1643969 0.05378347
vt -0.1691297 0.05476284
vt -0.1619348 0.05501866
vt -0.1604449 0.05688461
vt -0.1592667 0.05848764
vt -0.1607566 0.05662168
vt 0.1382433 0.09149905
vt 0.1431945 0.09243858
vt 0.1466467 0.0961103
vt 0.1472813 0.1011117
vt 0.1448559 0.1055325
vt 0.1402968 0.107684
vt 0.1353456 0.1067445
vt 0.1318934 0.1030728
vt 0.1312588 0.09807134
vt 0.1336842 0.09365056
vt -0.1319893 0.09499794
vt -0.1295639 0.09941871
vt -0.1301985 0.1044201
vt -0.1336507 0.1080919
vt -0.1386019 0.1090314
vt -0.143161 0.1068799
vt -0.1455864 0.1024591
vt -0.1449518 0.09745768
vt -0.1414996 0.09378596
vt -0.1365484 0.09284642
vt 0.03851845 0.07404567
vt 0.03578229 0.07827801
vt 0.03493174 0.07902758
vt 0.03766792 0.07479525
vt 0.09767354 0.0567027
vt 0.09831409 0.06110783
vt 0.09698541 0.06200929
vt 0.09634487 0.05760415
vt 0.142362 0.0531971
vt 0.1461797 0.05630571
vt 0.1445929 0.05718576
vt 0.1407751 0.05407716
vt 0.1768386 0.07466087
vt 0.1804376 0.07642559
vt 0.1788677 0.0770187
vt 0.1752687 0.07525398
vt 0.08695213 0.1196461
vt 0.08477377 0.1185758
vt 0.0844504 0.118922
vt 0.08662875 0.1199923
vt -0.04666336 0.08497246
vt -0.04939955 0.08074012
vt -0.04854899 0.08148969
vt -0.04581281 0.08572203
vt -0.1136041 0.05853249
vt -0.1129635 0.05412734
vt -0.1116348 0.0550288
vt -0.1122753 0.05943393
vt -0.1557345 0.04757152
vt -0.1519168 0.04446291
vt -0.1503299 0.04534297
vt -0.1541477 0.04845158
vt -0.1778812 0.06466145
vt -0.1742822 0.06289674
vt -0.1727123 0.06348986
vt -0.1763113 0.06525455
vt -0.08229376 0.1040106
vt -0.08447206 0.1050809
vt -0.08414866 0.1054271
vt -0.08197036 0.1043568
vt 0.1386866 0.104252
vt 0.1436596 0.1046362
vt 0.1474322 0.1078962
vt 0.1485633 0.1127868
vt 0.1466209 0.1174401
vt 0.1423469 0.1200785
vt 0.1373739 0.1196944
vt 0.1336013 0.1164344
vt 0.1324702 0.1115437
vt 0.1344126 0.1068904
vt -0.1328683 0.1073734
vt -0.1309259 0.1120267
vt -0.132057 0.1169173
vt -0.1358296 0.1201774
vt -0.1408026 0.1205615
vt -0.1450766 0.1179231
vt -0.147019 0.1132698
vt -0.1458879 0.1083791
vt -0.1421153 0.1051191
vt -0.1371423 0.104735
vt 0.2021606 -0.02931301
vt 0.1977617 -0.03090736
vt 0.1971124 -0.03312992
vt 0.2015112 -0.03153557
vt 0.04039247 0.1404279
vt 0.04029913 0.1357435
vt 0.04234373 0.1346455
vt 0.04243707 0.1393299
vt -0.0295348 0.05451133
vt -0.03025792 0.04988239
vt -0.02805163 0.04920069
vt -0.0273285 0.05382962
vt -0.06694721 -0.04095931
vt -0.06938647 -0.04495639
vt -0.06721088 -0.04569593
vt -0.06477164 -0.04169883
vt -0.1120889 -0.1192634
vt -0.1160715 -0.1217029
vt -0.1140547 -0.1228047
vt -0.1100721 -0.1203651
vt -0.197054 -0.03120841
vt -0.2014529 -0.02961406
vt -0.2008035 -0.03183662
vt -0.1964046 -0.03343096
vt -0.03376292 0.1359965
vt -0.03385627 0.1406809
vt -0.03590086 0.1395829
vt -0.03580752 0.1348985
vt 0.03967624 0.05150486
vt 0.03895312 0.05613381
vt 0.03674683 0.05545209
vt 0.03746995 0.05082314
vt 0.07788131 -0.04021426
vt 0.07544206 -0.03621719
vt 0.07326649 -0.03695671
vt 0.07570573 -0.0409538
vt 0.120505 -0.1164213
vt 0.1165224 -0.1139817
vt 0.1145056 -0.1150835
vt 0.1184882 -0.1175231
vt 0.1899028 0.008626094
vt 0.1852573 0.008462775
vt 0.1816162 0.005583933
vt 0.1803705 0.00108919
vt 0.1819958 -0.00330462
vt 0.1858715 -0.005919201
vt 0.190517 -0.005755877
vt 0.194158 -0.002877035
vt 0.1954038 0.001617712
vt 0.1937785 0.006011517
vt -0.1949156 0.005846416
vt -0.196541 0.001452627
vt -0.1952952 -0.00304212
vt -0.1916542 -0.005920968
vt -0.1870086 -0.006084287
vt -0.183133 -0.003469711
vt -0.1815076 0.0009240949
vt -0.1827534 0.005418836
vt -0.1863944 0.008297679
vt -0.19104 0.008461008
vt 0.1927989 -0.03742985
vt 0.1959255 -0.03610995
vt 0.1943469 -0.03476494
vt 0.1912203 -0.03608484
vt 0.04661188 0.1358615
vt 0.04554341 0.1400239
vt 0.04379022 0.1386305
vt 0.04485869 0.1344681
vt -0.01998046 0.05566885
vt -0.02308166 0.05546768
vt -0.02428502 0.05432347
vt -0.02118381 0.05452464
vt -0.05981214 -0.04167611
vt -0.06260113 -0.04536729
vt -0.06343672 -0.04562935
vt -0.06064771 -0.04193816
vt -0.107941 -0.1283026
vt -0.1085056 -0.1309467
vt -0.1088152 -0.1299684
vt -0.1082506 -0.1273243
vt -0.2049334 -0.03232744
vt -0.2018068 -0.03364735
vt -0.2002282 -0.03230234
vt -0.2033548 -0.03098243
vt -0.03991101 0.1336853
vt -0.04097947 0.1295229
vt -0.03922628 0.1281295
vt -0.03815781 0.1322919
vt 0.02359365 0.04123309
vt 0.02049243 0.04143425
vt 0.02169578 0.04029004
vt 0.024797 0.04008888
vt 0.05548747 -0.05198529
vt 0.05269847 -0.04829411
vt 0.05353404 -0.04855616
vt 0.05632303 -0.05224736
vt 0.0957811 -0.1266436
vt 0.0952165 -0.1239995
vt 0.09552611 -0.1230212
vt 0.09609072 -0.1256653
vt 0.1756423 0.002797826
vt 0.178033 -0.001186807
vt 0.1822855 -0.003015799
vt 0.1867756 -0.001990529
vt 0.189788 0.001497374
vt 0.1901722 0.00611566
vt 0.1877814 0.01010028
vt 0.1835289 0.01192928
vt 0.1790389 0.01090401
vt 0.1760265 0.007416106
vt -0.1749857 0.006213814
vt -0.1779981 0.009701712
vt -0.1824881 0.01072699
vt -0.1867407 0.008897995
vt -0.1891315 0.004913357
vt -0.1887472 0.0002950777
vt -0.1857348 -0.003192826
vt -0.1812448 -0.004218084
vt -0.1769923 -0.002389097
vt -0.1746015 0.001595539
vt 0.1559393 -0.06358246
vt 0.1574711 -0.06025738
vt 0.1559604 -0.05839337
vt 0.1544287 -0.06171844
vt 0.1920806 -0.02302349
vt 0.1957847 -0.02021804
vt 0.1937078 -0.01873718
vt 0.1900037 -0.02154262
vt 0.1689959 0.01608782
vt 0.1709001 0.01723531
vt 0.1688691 0.01831425
vt 0.166965 0.01716676
vt 0.05060876 -0.01765378
vt 0.04861722 -0.0204073
vt 0.04766477 -0.01901693
vt 0.04965631 -0.01626341
vt -0.0877113 -0.06992023
vt -0.0895215 -0.07387208
vt -0.08902472 -0.07195841
vt -0.08721451 -0.06800656
vt -0.1709738 -0.06386178
vt -0.1694421 -0.06718685
vt -0.1679313 -0.06532285
vt -0.1694631 -0.06199778
vt -0.2012035 -0.02760845
vt -0.1974994 -0.03041389
vt -0.1954225 -0.02893303
vt -0.1991266 -0.0261276
vt -0.1669997 0.004571366
vt -0.1650956 0.003423855
vt -0.1630646 0.004502787
vt -0.1649687 0.005650299
vt -0.04837304 -0.03112625
vt -0.05036458 -0.02837273
vt -0.04941214 -0.02698236
vt -0.04742059 -0.02973587
vt 0.0784281 -0.07524393
vt 0.07661789 -0.07129209
vt 0.07612113 -0.0693784
vt 0.07793131 -0.07333025
vt 0.1753185 0.006160486
vt 0.1787943 0.003097039
vt 0.1833507 0.002657572
vt 0.1872471 0.005009932
vt 0.1889955 0.009255608
vt 0.1879278 0.01377289
vt 0.184452 0.01683633
vt 0.1798956 0.01727581
vt 0.1759991 0.01492345
vt 0.1742508 0.01067777
vt -0.1724713 0.01146342
vt -0.1742196 0.01570909
vt -0.1781161 0.01806145
vt -0.1826724 0.01762197
vt -0.1861482 0.01455852
vt -0.1872159 0.01004124
vt -0.1854676 0.005795563
vt -0.1815711 0.003443208
vt -0.1770148 0.003882675
vt -0.173539 0.006946126
vt 0.1740515 -0.04959885
vt 0.169498 -0.04861899
vt 0.1692852 -0.05117375
vt 0.1738387 -0.05215361
vt 0.1973097 -0.01343675
vt 0.1931116 -0.01542757
vt 0.1934789 -0.01796983
vt 0.197677 -0.01597901
vt 0.1605051 0.01717434
vt 0.1580765 0.01319104
vt 0.1590165 0.010797
vt 0.1614452 0.01478029
vt 0.03832906 -0.01768216
vt 0.03666782 -0.02205962
vt 0.03780847 -0.02435795
vt 0.0394697 -0.01998048
vt -0.09073249 -0.06451153
vt -0.09390911 -0.06794562
vt -0.0931467 -0.07039033
vt -0.08997007 -0.06695624
vt -0.1662177 -0.05886883
vt -0.1707711 -0.05984868
vt -0.1705583 -0.06240344
vt -0.1660049 -0.06142359
vt -0.1958615 -0.02452604
vt -0.2000596 -0.02253522
vt -0.2004269 -0.02507748
vt -0.1962288 -0.0270683
vt -0.1615219 0.009613177
vt -0.1639506 0.01359648
vt -0.1648906 0.01120244
vt -0.1624619 0.007219133
vt -0.03303778 -0.021254
vt -0.03469902 -0.01687654
vt -0.03583965 -0.01917486
vt -0.03417842 -0.02355233
vt 0.101255 -0.0619911
vt 0.0980784 -0.05855701
vt 0.09731598 -0.06100171
vt 0.1004926 -0.06443579
vt 0.1907076 0.01301035
vt 0.1862677 0.01443199
vt 0.1818663 0.01296386
vt 0.1791845 0.009166737
vt 0.1792468 0.004490983
vt 0.1820292 0.0007225871
vt 0.186469 -0.0006990469
vt 0.1908704 0.0007690853
vt 0.1935522 0.004566209
vt 0.19349 0.009241964
vt -0.1934725 0.01085442
vt -0.1935347 0.006178673
vt -0.1908529 0.002381549
vt -0.1864515 0.0009134159
vt -0.1820116 0.002335062
vt -0.1792292 0.006103451
vt -0.179167 0.0107792
vt -0.1818488 0.01457632
vt -0.1862502 0.01604445
vt -0.19069 0.01462281
vt -0.07498141 -0.03825619
vt -0.07683535 -0.0339617
vt -0.07777356 -0.03478157
vt -0.07591961 -0.03907606
vt 0.02824694 -0.1154412
vt 0.02539925 -0.1117297
vt 0.02472894 -0.1127796
vt 0.02757662 -0.1164911
vt 0.1602637 -0.08476342
vt 0.1556868 -0.08383454
vt 0.155749 -0.08508337
vt 0.1603258 -0.08601225
vt 0.1895852 0.02110973
vt 0.1856931 0.01854073
vt 0.1864423 0.01753618
vt 0.1903344 0.02010519
vt 0.1433215 0.03336959
vt 0.1409267 0.02936133
vt 0.1418882 0.02856162
vt 0.1442831 0.03256988
vt 0.07672081 -0.0329984
vt 0.07486688 -0.03729289
vt 0.07580505 -0.03811276
vt 0.077659 -0.03381827
vt -0.02278258 -0.1127313
vt -0.02563027 -0.1164427
vt -0.02495996 -0.1174926
vt -0.02211228 -0.1137812
vt -0.1536684 -0.08823279
vt -0.1582452 -0.08916168
vt -0.1583074 -0.09041051
vt -0.1537305 -0.08948161
vt -0.1872818 0.0137477
vt -0.1911739 0.01631672
vt -0.1919231 0.01531218
vt -0.188031 0.01274317
vt -0.1431843 0.02664885
vt -0.1455792 0.03065711
vt -0.1465407 0.0298574
vt -0.1441459 0.02584915
vt 0.1911341 0.01691086
vt 0.1909148 0.02158325
vt 0.1880078 0.0252557
vt 0.1835236 0.02652545
vt 0.1791749 0.0249075
vt 0.1766228 0.02101988
vt 0.1768422 0.01634749
vt 0.1797492 0.01267505
vt 0.1842334 0.01140529
vt 0.1885821 0.01302323
vt -0.1882231 0.01331158
vt -0.1838744 0.01169363
vt -0.1793902 0.0129634
vt -0.1764832 0.01663584
vt -0.1762638 0.02130822
vt -0.1788159 0.02519586
vt -0.1831645 0.0268138
vt -0.1876488 0.02554404
vt -0.1905558 0.02187159
vt -0.1907751 0.01719921
vt -0.08793273 -0.04299767
vt -0.08947818 -0.03962205
vt -0.08851393 -0.03887863
vt -0.08696847 -0.04225425
vt 0.005105839 -0.1197187
vt 0.00342269 -0.1162031
vt 0.004069917 -0.1151708
vt 0.005753071 -0.1186863
vt 0.1419911 -0.09728925
vt 0.1437211 -0.09546216
vt 0.1435491 -0.09423926
vt 0.141819 -0.09606636
vt 0.1875087 0.0126107
vt 0.1906195 0.01604025
vt 0.1897489 0.01692715
vt 0.1866381 0.01349762
vt 0.1523369 0.03383291
vt 0.1532028 0.03491182
vt 0.1521707 0.03558644
vt 0.1513048 0.03450754
vt 0.09049261 -0.03080254
vt 0.08894715 -0.03417816
vt 0.08798289 -0.03343474
vt 0.08952835 -0.03005912
vt -0.01203712 -0.1198628
vt -0.01372027 -0.1233784
vt -0.01436748 -0.122346
vt -0.01268433 -0.1188304
vt -0.156994 -0.09756075
vt -0.1552639 -0.09938784
vt -0.1550918 -0.09816495
vt -0.1568219 -0.09633785
vt -0.1932167 0.01212913
vt -0.1901059 0.0086996
vt -0.1892353 0.009586503
vt -0.1923461 0.01301604
vt -0.1492003 0.02176995
vt -0.1483344 0.02069105
vt -0.1473023 0.02136568
vt -0.1481682 0.02244458
vt 0.1801338 0.01538344
vt 0.1840773 0.01730499
vt 0.186075 0.02131682
vt 0.1853638 0.02588652
vt 0.1822154 0.02926865
vt 0.1778324 0.03017132
vt 0.1738888 0.02824976
vt 0.1718912 0.02423794
vt 0.1726024 0.01966824
vt 0.1757508 0.01628611
vt -0.1752816 0.01652117
vt -0.1721332 0.01990329
vt -0.171422 0.02447299
vt -0.1734197 0.02848483
vt -0.1773632 0.03040638
vt -0.1817463 0.0295037
vt -0.1848947 0.02612157
vt -0.1856059 0.02155187
vt -0.1836082 0.01754004
vt -0.1796647 0.01561849
vt -0.01185974 -0.03509258
vt -0.01382844 -0.03045376
vt -0.01513565 -0.03066587
vt -0.01316695 -0.03530471
vt 0.02047684 -0.1377735
vt 0.01738184 -0.1338003
vt 0.01613598 -0.1342544
vt 0.01923098 -0.1382276
vt 0.1746325 -0.07506071
vt 0.1696184 -0.07557836
vt 0.1694042 -0.07689626
vt 0.1744183 -0.07637861
vt 0.07838492 0.1478146
vt 0.07795507 0.1427905
vt 0.07926704 0.142526
vt 0.07969689 0.1475501
vt 0.04156495 0.07791256
vt 0.04069294 0.07294618
vt 0.0420189 0.07281961
vt 0.04289091 0.07778598
vt 0.01888495 -0.03204142
vt 0.01691625 -0.03668026
vt 0.01822346 -0.03689238
vt 0.02019215 -0.03225354
vt -0.01512128 -0.1346086
vt -0.0182163 -0.1385817
vt -0.01697044 -0.1390358
vt -0.01387542 -0.1350627
vt -0.1690506 -0.07395709
vt -0.1740647 -0.07343946
vt -0.1738504 -0.07475735
vt -0.1688363 -0.07527499
vt -0.07316688 0.1432134
vt -0.07359669 0.1482375
vt -0.07490866 0.147973
vt -0.07447884 0.1429489
vt -0.03464175 0.07393788
vt -0.03551377 0.07890427
vt -0.03683974 0.07877769
vt -0.03596773 0.07381131
vt 0.1819828 0.03023443
vt 0.1806576 0.03509738
vt 0.176751 0.03827171
vt 0.1717552 0.03854494
vt 0.1675784 0.03581269
vt 0.165816 0.03111861
vt 0.1671412 0.02625566
vt 0.1710479 0.02308133
vt 0.1760437 0.02280811
vt 0.1802205 0.02554036
vt -0.1803953 0.02521512
vt -0.1762185 0.02248288
vt -0.1712227 0.0227561
vt -0.167316 0.02593043
vt -0.1659908 0.03079338
vt -0.1677532 0.03548746
vt -0.17193 0.0382197
vt -0.1769258 0.03794648
vt -0.1808324 0.03477215
vt -0.1821577 0.0299092
vt -0.03043662 -0.04235833
vt -0.03270618 -0.03812098
vt -0.03152254 -0.03805874
vt -0.02925298 -0.04229609
vt -0.005046153 -0.1373375
vt -0.006190328 -0.1346696
vt -0.005111105 -0.1341319
vt -0.003966925 -0.1367998
vt 0.1647561 -0.07780651
vt 0.167724 -0.07765803
vt 0.167459 -0.07638849
vt 0.1644911 -0.07653699
vt 0.08163153 0.1438374
vt 0.08119069 0.1486382
vt 0.07989014 0.1483856
vt 0.08033098 0.1435849
vt 0.0507858 0.07988373
vt 0.048771 0.08025575
vt 0.04753297 0.08001143
vt 0.04954775 0.07963941
vt 0.0295042 -0.03193691
vt 0.02723465 -0.03617426
vt 0.02605101 -0.03611202
vt 0.02832057 -0.03187467
vt -0.002534146 -0.1440131
vt -0.003678316 -0.1466811
vt -0.004757534 -0.1461433
vt -0.003613363 -0.1434754
vt -0.1797813 -0.07445584
vt -0.1768134 -0.07460432
vt -0.1765484 -0.0733348
vt -0.1795163 -0.07318632
vt -0.07655285 0.1443272
vt -0.07699374 0.1395265
vt -0.07569318 0.1392739
vt -0.07525229 0.1440746
vt -0.04670112 0.06500772
vt -0.0487159 0.06463571
vt -0.04747785 0.0643914
vt -0.04546307 0.0647634
vt 0.1688506 0.02463155
vt 0.1735698 0.02607777
vt 0.1765143 0.03005338
vt 0.1765593 0.03503981
vt 0.1736878 0.03913242
vt 0.1689964 0.04076797
vt 0.1642772 0.03932174
vt 0.1613327 0.03534614
vt 0.1612876 0.0303597
vt 0.1641592 0.02626709
vt -0.1639478 0.0257636
vt -0.1610762 0.0298562
vt -0.1611213 0.03484263
vt -0.1640658 0.03881824
vt -0.168785 0.04026446
vt -0.1734763 0.03862892
vt -0.1763479 0.03453631
vt -0.1763028 0.02954987
vt -0.1733584 0.02557427
vt -0.1686392 0.02412804
vt -0.1277003 -0.02829865
vt -0.128286 -0.02408593
vt -0.1271779 -0.02208907
vt -0.1265922 -0.02630178
vt 0.02128556 -0.08301253
vt 0.01938901 -0.07944159
vt 0.01951907 -0.07716113
vt 0.02141561 -0.08073208
vt 0.1305678 -0.04415247
vt 0.1325833 -0.04149437
vt 0.1318428 -0.03933052
vt 0.1298273 -0.04198862
vt 0.1747018 0.00149745
vt 0.1792404 0.003587705
vt 0.1781008 0.005571806
vt 0.1735622 0.003481557
vt 0.1853243 0.02430361
vt 0.1887988 0.0238287
vt 0.1874965 0.02570884
vt 0.1840221 0.02618375
vt 0.134607 -0.01729605
vt 0.1340213 -0.02150877
vt 0.1329132 -0.0195119
vt 0.1334989 -0.01529919
vt -0.02855739 -0.0840324
vt -0.03045394 -0.08760335
vt -0.03058398 -0.0853229
vt -0.02868744 -0.08175196
vt -0.1464651 -0.04717059
vt -0.1444496 -0.04982869
vt -0.143709 -0.04766484
vt -0.1457245 -0.04500674
vt -0.1842683 -0.006292962
vt -0.1797296 -0.008383219
vt -0.17859 -0.006399111
vt -0.1831286 -0.004308864
vt -0.1830302 0.01007144
vt -0.1795558 0.01054634
vt -0.1782536 0.01242649
vt -0.181728 0.01195158
vt 0.1481249 0.04398408
vt 0.1525038 0.04633928
vt 0.1546532 0.05083301
vt 0.1537522 0.05574884
vt 0.1501448 0.0592091
vt 0.145209 0.05989207
vt 0.1408301 0.05753687
vt 0.1386807 0.05304313
vt 0.1395817 0.04812729
vt 0.1431891 0.04466704
vt -0.1423774 0.04610214
vt -0.13877 0.04956239
vt -0.137869 0.05447823
vt -0.1400184 0.05897196
vt -0.1443973 0.06132715
vt -0.1493331 0.06064419
vt -0.1529404 0.05718394
vt -0.1538415 0.05226811
vt -0.151692 0.04777436
vt -0.1473131 0.04541918
vt -0.1192953 -0.02626892
vt -0.1208143 -0.02146989
vt -0.1218488 -0.02352837
vt -0.1203298 -0.0283274
vt 0.0442819 -0.07403565
vt 0.04063864 -0.07056774
vt 0.0405522 -0.07287005
vt 0.04419548 -0.07633796
vt 0.1489131 -0.0296812
vt 0.1439126 -0.02944897
vt 0.1446325 -0.0316399
vt 0.1496329 -0.03187213
vt 0.1808451 0.01071838
vt 0.1766738 0.007972162
vt 0.1777638 0.005938822
vt 0.1819351 0.008685044
vt 0.1786409 0.02391765
vt 0.1763284 0.01946969
vt 0.1775677 0.0175245
vt 0.1798801 0.02197246
vt 0.1202016 -0.02032018
vt 0.1186825 -0.02511921
vt 0.1197171 -0.02717769
vt 0.1212361 -0.02237867
vt -0.0343711 -0.07580058
vt -0.03801439 -0.07926848
vt -0.03792797 -0.08157077
vt -0.03428468 -0.07810289
vt -0.142114 -0.04071213
vt -0.1471145 -0.04094436
vt -0.1478344 -0.04313529
vt -0.1428339 -0.04290304
vt -0.1815244 -0.002119252
vt -0.1856958 0.0006269684
vt -0.1867858 -0.00140637
vt -0.1826144 -0.00415259
vt -0.1830398 0.01439088
vt -0.1853523 0.01883885
vt -0.1865915 0.01689365
vt -0.184279 0.01244569
vt 0.1621905 0.05085288
vt 0.1613148 0.05581418
vt 0.1577108 0.05933373
vt 0.152755 0.06006718
vt 0.1483405 0.05773438
vt 0.1461533 0.05322639
vt 0.147029 0.0482651
vt 0.150633 0.04474555
vt 0.1555887 0.04401209
vt 0.1600033 0.04634489
vt -0.1592128 0.04780407
vt -0.1547982 0.04547127
vt -0.1498425 0.04620472
vt -0.1462385 0.04972427
vt -0.1453628 0.05468556
vt -0.14755 0.05919356
vt -0.1519645 0.06152635
vt -0.1569203 0.0607929
vt -0.1605243 0.05727335
vt -0.1614 0.05231206
vt -0.06799124 -0.01550939
vt -0.07002789 -0.01134276
vt -0.06822579 -0.01157165
vt -0.06618915 -0.01573828
vt -0.0874877 -0.1078905
vt -0.08910954 -0.1050141
vt -0.08730448 -0.1052301
vt -0.08568265 -0.1081064
vt -0.1541312 0.09008131
vt -0.1569852 0.09134811
vt -0.1570395 0.08952515
vt -0.1541855 0.08825834
vt 0.04276125 0.1650877
vt 0.04130058 0.1697707
vt 0.03954714 0.1692624
vt 0.04100781 0.1645794
vt 0.05997903 0.1048071
vt 0.05800031 0.1055844
vt 0.05621082 0.1052417
vt 0.05818953 0.1044644
vt 0.06988342 -0.004979403
vt 0.06784676 -0.009146035
vt 0.06604467 -0.009374926
vt 0.06808133 -0.005208298
vt 0.08697598 -0.1166564
vt 0.08535415 -0.1195327
vt 0.0835491 -0.1197487
vt 0.08517092 -0.1168723
vt 0.1693777 0.08581384
vt 0.1665237 0.08454704
vt 0.166578 0.08272407
vt 0.169432 0.08399086
vt -0.03473405 0.1650061
vt -0.0361947 0.1603232
vt -0.03444126 0.1598149
vt -0.0329806 0.1644978
vt -0.05477176 0.09058051
vt -0.05675046 0.08980324
vt -0.05496096 0.08946057
vt -0.05298226 0.09023784
vt 0.1479346 0.05456896
vt 0.1525901 0.05639099
vt 0.1552849 0.06060226
vt 0.1549898 0.0655942
vt 0.1518174 0.06946007
vt 0.1469795 0.07072323
vt 0.1423241 0.0689012
vt 0.1396292 0.06468994
vt 0.1399243 0.059698
vt 0.1430967 0.05583214
vt -0.1434153 0.05499607
vt -0.1402429 0.05886193
vt -0.1399478 0.06385387
vt -0.1426426 0.06806514
vt -0.1472981 0.06988717
vt -0.152136 0.068624
vt -0.1553084 0.06475814
vt -0.1556035 0.0597662
vt -0.1529087 0.05555493
vt -0.1482532 0.0537329
vt -0.05153255 -0.009913914
vt -0.05341243 -0.005239655
vt -0.05522452 -0.005048709
vt -0.05334463 -0.009722956
vt -0.06617147 -0.1207267
vt -0.06828295 -0.1161524
vt -0.07010587 -0.1160756
vt -0.0679944 -0.1206499
vt -0.1832423 0.03739803
vt -0.1788367 0.039851
vt -0.1792585 0.04163853
vt -0.1836641 0.03918555
vt 0.03701212 0.1708128
vt 0.03826595 0.1659307
vt 0.0400402 0.1664209
vt 0.03878638 0.171303
vt 0.05086476 0.1040584
vt 0.05027347 0.09905076
vt 0.05207407 0.09939642
vt 0.05266536 0.104404
vt 0.05778195 -0.006335023
vt 0.05590207 -0.01100928
vt 0.05771415 -0.01081833
vt 0.05959404 -0.00614407
vt 0.06769342 -0.1151723
vt 0.06558197 -0.1197466
vt 0.0674049 -0.1196699
vt 0.06951634 -0.1150956
vt 0.1761896 0.03502126
vt 0.1805951 0.03256825
vt 0.1810168 0.03435578
vt 0.1766113 0.03680879
vt -0.03068239 0.1643579
vt -0.02942858 0.1692401
vt -0.03120283 0.1697303
vt -0.03245666 0.1648481
vt -0.04276785 0.09997942
vt -0.04335915 0.104987
vt -0.04515976 0.1053327
vt -0.04456846 0.1003251
vt 0.1633612 0.06203768
vt 0.1621551 0.06693089
vt 0.1583258 0.07020009
vt 0.153336 0.07059654
vt 0.1490916 0.0679688
vt 0.1472139 0.06332059
vt 0.1484201 0.05842736
vt 0.1522494 0.05515818
vt 0.1572391 0.05476173
vt 0.1614835 0.05738947
vt -0.1617245 0.05650491
vt -0.1574801 0.05387717
vt -0.1524903 0.05427362
vt -0.148661 0.05754281
vt -0.1474549 0.06243604
vt -0.1493326 0.06708425
vt -0.1535769 0.06971198
vt -0.1585667 0.06931554
vt -0.162396 0.06604634
vt -0.1636022 0.06115311
vt -0.05409507 -0.02572746
vt -0.05603408 -0.02114144
vt -0.05509242 -0.02002415
vt -0.05315341 -0.02461017
vt 0.04959899 -0.0785268
vt 0.04918171 -0.07577835
vt 0.04937351 -0.07427304
vt 0.0497908 -0.07702149
vt 0.1509718 -0.03222081
vt 0.154397 -0.03010472
vt 0.1536069 -0.02873082
vt 0.1501816 -0.0308469
vt 0.175589 0.05553417
vt 0.1791268 0.05824106
vt 0.1778029 0.05912378
vt 0.1742651 0.0564169
vt 0.1345063 0.06469222
vt 0.1348473 0.06346012
vt 0.1335368 0.06421872
vt 0.1331958 0.06545084
vt 0.05385799 -0.01868997
vt 0.05191897 -0.02327599
vt 0.05097731 -0.02215869
vt 0.05291634 -0.01757267
vt -0.06180948 -0.08248233
vt -0.06222676 -0.08523078
vt -0.06241858 -0.08372547
vt -0.06200129 -0.08097704
vt -0.1654558 -0.03406141
vt -0.1620306 -0.0361775
vt -0.1612404 -0.0348036
vt -0.1646657 -0.0326875
vt -0.1783117 0.0489962
vt -0.1747739 0.04628931
vt -0.17345 0.04717204
vt -0.1769878 0.04987891
vt -0.1298178 0.04928321
vt -0.1294768 0.05051534
vt -0.1281663 0.05127395
vt -0.1285073 0.05004184
vt 0.1417531 0.05896766
vt 0.1466252 0.06008233
vt 0.1499103 0.0638492
vt 0.1503537 0.06882949
vt 0.1477859 0.07312088
vt 0.1431879 0.07508422
vt 0.1383158 0.07396956
vt 0.1350307 0.07020268
vt 0.1345873 0.06522239
vt 0.1371551 0.060931
vt -0.1365522 0.06140662
vt -0.1339844 0.06569801
vt -0.1344278 0.0706783
vt -0.1377129 0.07444518
vt -0.1425849 0.07555984
vt -0.147183 0.0735965
vt -0.1497508 0.06930511
vt -0.1493074 0.06432483
vt -0.1460223 0.06055795
vt -0.1411503 0.0594433
vt -0.03619029 -0.01979005
vt -0.03812581 -0.01513736
vt -0.03915926 -0.0163612
vt -0.03722374 -0.02101389
vt 0.0737498 -0.06856042
vt 0.06955241 -0.06579078
vt 0.06903886 -0.0673108
vt 0.07323626 -0.07008044
vt 0.1641655 -0.01813119
vt 0.1593088 -0.01938281
vt 0.1596352 -0.02095929
vt 0.164492 -0.01970767
vt 0.1739003 0.06154204
vt 0.1711376 0.0573475
vt 0.1721108 0.05606237
vt 0.1748735 0.06025689
vt 0.1243256 0.06238483
vt 0.1231448 0.05748788
vt 0.1243238 0.05639561
vt 0.1255046 0.06129258
vt 0.04355066 -0.01683675
vt 0.04161514 -0.02148945
vt 0.04264859 -0.02271329
vt 0.04458412 -0.0180606
vt -0.06408839 -0.07233813
vt -0.06828577 -0.07510778
vt -0.06777223 -0.0766278
vt -0.06357485 -0.07385816
vt -0.1600554 -0.02771809
vt -0.1649122 -0.02646647
vt -0.1652386 -0.02804295
vt -0.1603819 -0.02929455
vt -0.1749433 0.05329888
vt -0.177706 0.05749341
vt -0.1786792 0.05620826
vt -0.1759165 0.05201374
vt -0.1230003 0.05680361
vt -0.1241811 0.06170056
vt -0.1253601 0.06060831
vt -0.1241793 0.05571135
vt 0.157676 0.06836025
vt 0.1557359 0.07301418
vt 0.1514574 0.07565495
vt 0.1464748 0.07527387
vt 0.1426912 0.07201651
vt 0.1415519 0.06712706
vt 0.1434921 0.06247314
vt 0.1477706 0.05983237
vt 0.1527532 0.06021344
vt 0.1565367 0.0634708
vt -0.1563745 0.06417319
vt -0.1525909 0.06091582
vt -0.1476083 0.06053475
vt -0.1433299 0.06317551
vt -0.1413897 0.06782945
vt -0.142529 0.07271889
vt -0.1463126 0.07597626
vt -0.1512952 0.07635733
vt -0.1555736 0.07371657
vt -0.1575138 0.06906264
vt -0.04884595 0.01937539
vt -0.0514374 0.02330712
vt -0.04987191 0.02348757
vt -0.04728046 0.01955583
vt -0.01137309 -0.07999079
vt -0.01276849 -0.07701989
vt -0.01152185 -0.0760016
vt -0.01012645 -0.0789725
vt 0.1246591 -0.09709181
vt 0.1273604 -0.09696707
vt 0.126999 -0.09514351
vt 0.1242976 -0.09526826
vt 0.1287852 0.1312971
vt 0.1294551 0.1361241
vt 0.1275158 0.1359237
vt 0.126846 0.1310967
vt 0.08162367 0.1186826
vt 0.07975831 0.1194551
vt 0.0780061 0.1191094
vt 0.07987146 0.1183369
vt 0.04853217 0.0308351
vt 0.04594073 0.02690335
vt 0.04437523 0.0270838
vt 0.04696667 0.03101555
vt 0.002719708 -0.08408139
vt 0.001324309 -0.08705229
vt 7.766898E-05 -0.08603399
vt 0.001473062 -0.0830631
vt -0.1402986 -0.09648231
vt -0.1375972 -0.09660706
vt -0.1372357 -0.09478351
vt -0.1399371 -0.09465875
vt -0.125086 0.1333586
vt -0.1244162 0.1285316
vt -0.1224769 0.1283312
vt -0.1231467 0.1331582
vt -0.07646066 0.1044679
vt -0.078326 0.1036955
vt -0.0765738 0.1033498
vt -0.07470845 0.1041222
vt 0.1386709 0.08005969
vt 0.1433412 0.08177896
vt 0.1461006 0.08592686
vt 0.1458952 0.09091904
vt 0.1428034 0.09484867
vt 0.1380061 0.09621476
vt 0.1333359 0.09449549
vt 0.1305764 0.09034759
vt 0.1307818 0.0853554
vt 0.1338736 0.08142577
vt -0.1334155 0.08075035
vt -0.1303237 0.08467997
vt -0.1301183 0.08967216
vt -0.1328777 0.09382006
vt -0.137548 0.09553932
vt -0.1423452 0.09417324
vt -0.145437 0.09024362
vt -0.1456424 0.08525144
vt -0.142883 0.08110352
vt -0.1382127 0.07938426
vt -0.03067838 0.02872722
vt -0.03277153 0.0333111
vt -0.03464199 0.03275632
vt -0.03254884 0.02817245
vt 0.01372154 -0.07652576
vt 0.01016855 -0.07296179
vt 0.008445181 -0.07387741
vt 0.01199817 -0.07744136
vt 0.1413998 -0.085922
vt 0.1363706 -0.08618559
vt 0.1358119 -0.08806904
vt 0.1408411 -0.08780544
vt 0.1269285 0.1369544
vt 0.1258369 0.1320322
vt 0.1275948 0.1311408
vt 0.1286864 0.1360631
vt 0.07298909 0.1183238
vt 0.07207527 0.113365
vt 0.07397749 0.112883
vt 0.07489131 0.1178418
vt 0.03918431 0.03093358
vt 0.03709116 0.0263497
vt 0.03896162 0.02579493
vt 0.04105478 0.03037881
vt -0.006248309 -0.07555409
vt -0.009801293 -0.07911804
vt -0.008077928 -0.08003366
vt -0.004524939 -0.0764697
vt -0.1356178 -0.08660717
vt -0.1406471 -0.08634359
vt -0.1400883 -0.08822703
vt -0.1350591 -0.08849062
vt -0.1219486 0.132666
vt -0.1230402 0.1375883
vt -0.124798 0.136697
vt -0.1237064 0.1317747
vt -0.06562745 0.1144478
vt -0.06654128 0.1194066
vt -0.06844348 0.1189245
vt -0.06752966 0.1139657
vt 0.1542876 0.08722883
vt 0.1530974 0.09212585
vt 0.1492783 0.0954074
vt 0.1442893 0.09582002
vt 0.1400359 0.09320612
vt 0.1381427 0.08856412
vt 0.139333 0.0836671
vt 0.1431521 0.08038555
vt 0.1481411 0.07997293
vt 0.1523945 0.08258683
vt -0.152813 0.08233221
vt -0.1485596 0.07971831
vt -0.1435705 0.08013093
vt -0.1397515 0.08341248
vt -0.1385612 0.0883095
vt -0.1404543 0.09295151
vt -0.1447077 0.0955654
vt -0.1496968 0.09515278
vt -0.1535158 0.09187124
vt -0.1547061 0.08697422
vt 0.001244405 0.03825192
vt -0.001669418 0.0422998
vt -0.002564533 0.04397308
vt 0.0003492828 0.0399252
vt 0.08866327 0.04600749
vt 0.08867695 0.05051921
vt 0.08709851 0.0521185
vt 0.08708483 0.04760678
vt 0.1273316 0.0551684
vt 0.1306628 0.05866855
vt 0.1289078 0.06022147
vt 0.1255765 0.05672132
vt 0.1604555 0.06375003
vt 0.1650925 0.06493755
vt 0.1633117 0.06645708
vt 0.1586747 0.06526954
vt 0.1717227 0.06756816
vt 0.1732806 0.06571719
vt 0.1720374 0.0672691
vt 0.1704795 0.06912008
vt -0.005897111 0.04880547
vt -0.008810932 0.04475758
vt -0.007915812 0.04643087
vt -0.005001992 0.05047875
vt -0.1037828 0.04920924
vt -0.1037691 0.04469753
vt -0.1021907 0.04629682
vt -0.1022044 0.05080853
vt -0.1420768 0.04966972
vt -0.1387455 0.04616957
vt -0.1369905 0.04772249
vt -0.1403217 0.05122264
vt -0.1664744 0.05121351
vt -0.1618374 0.05002599
vt -0.1600566 0.05154551
vt -0.1646936 0.05273304
vt -0.1662476 0.05238996
vt -0.1646897 0.05424095
vt -0.1634464 0.05579286
vt -0.1650043 0.05394188
vt 0.127165 0.09241439
vt 0.132032 0.09355556
vt 0.1352979 0.09734044
vt 0.1357152 0.1023233
vt 0.1331246 0.1066009
vt 0.1285154 0.1085393
vt 0.1236484 0.1073982
vt 0.1203825 0.1036133
vt 0.1199652 0.09863041
vt 0.1225559 0.09435281
vt -0.1208246 0.09561852
vt -0.1182339 0.09989612
vt -0.1186513 0.104879
vt -0.1219172 0.1086639
vt -0.1267842 0.109805
vt -0.1313933 0.1078666
vt -0.133984 0.103589
vt -0.1335666 0.09860615
vt -0.1303008 0.09482127
vt -0.1254337 0.0936801
vt 0.02194018 0.05302782
vt 0.01934193 0.05734603
vt 0.01927715 0.05497351
vt 0.02187541 0.05065531
vt 0.1120595 0.06191523
vt 0.1075935 0.06421134
vt 0.1076785 0.06184103
vt 0.1121444 0.05954493
vt 0.1445373 0.06759054
vt 0.1395809 0.06699222
vt 0.1397368 0.06462541
vt 0.1446932 0.06522374
vt 0.1663202 0.06984951
vt 0.1625376 0.06659397
vt 0.1627554 0.0642312
vt 0.1665379 0.06748673
vt 0.1642241 0.06607186
vt 0.162357 0.06140766
vt 0.1626311 0.05904793
vt 0.1644981 0.06371213
vt -0.00950736 0.05184388
vt -0.01210563 0.04752568
vt -0.01204082 0.04515315
vt -0.009442572 0.04947136
vt -0.1005502 0.05167371
vt -0.1050161 0.0493776
vt -0.1051011 0.0470073
vt -0.1006351 0.0493034
vt -0.1404812 0.05263582
vt -0.1454376 0.05323415
vt -0.1455935 0.05086735
vt -0.1406371 0.05026902
vt -0.1700347 0.05599873
vt -0.1738172 0.05925425
vt -0.174035 0.05689146
vt -0.1702525 0.05363595
vt -0.1670555 0.05819375
vt -0.1689225 0.06285795
vt -0.1691966 0.06049822
vt -0.1673296 0.05583401
vt 0.1448105 0.1016751
vt 0.1429027 0.1063422
vt 0.1386406 0.1090124
vt 0.1336521 0.1086657
vt 0.1298427 0.1054345
vt 0.1286674 0.1005531
vt 0.1305752 0.09588591
vt 0.1348374 0.09321575
vt 0.1398259 0.09356248
vt 0.1436352 0.09679364
vt -0.1434917 0.09887426
vt -0.1396823 0.09564308
vt -0.1346938 0.09529635
vt -0.1304317 0.09796652
vt -0.1285239 0.1026337
vt -0.1296992 0.1075151
vt -0.1335086 0.1107463
vt -0.1384971 0.111093
vt -0.1427592 0.1084228
vt -0.144667 0.1037557
vt 0.04765446 0.07685071
vt 0.04476048 0.08097635
vt 0.04414281 0.07925968
vt 0.04703682 0.07513405
vt 0.11018 0.0620424
vt 0.1055643 0.0640114
vt 0.1050593 0.0622594
vt 0.109675 0.06029041
vt 0.1504206 0.05902639
vt 0.1455361 0.05798801
vt 0.145204 0.05619343
vt 0.1500885 0.05723181
vt 0.1758184 0.07645942
vt 0.1725068 0.07270159
vt 0.17253 0.07087158
vt 0.1758417 0.07462941
vt 0.08925544 0.1075561
vt 0.0877277 0.1027526
vt 0.08829266 0.1010109
vt 0.0898204 0.1058144
vt -0.03424592 0.07397921
vt -0.03713991 0.06985358
vt -0.03652222 0.0681369
vt -0.03362824 0.07226254
vt -0.09953796 0.05172104
vt -0.1041536 0.04975203
vt -0.1036486 0.04800004
vt -0.09903288 0.04996903
vt -0.1469323 0.04538779
vt -0.1518168 0.04642618
vt -0.1514846 0.0446316
vt -0.1466001 0.04359321
vt -0.1772163 0.06647647
vt -0.1805279 0.07023429
vt -0.1805511 0.06840428
vt -0.1772395 0.06464645
vt -0.08230086 0.1040697
vt -0.08382861 0.1088732
vt -0.08439356 0.1071316
vt -0.0828658 0.1023281
vt 0.1440867 0.1143975
vt 0.1419059 0.1189439
vt 0.1374945 0.1213544
vt 0.1325376 0.1207082
vt 0.1289286 0.1172522
vt 0.1280458 0.1123064
vt 0.1302266 0.10776
vt 0.134638 0.1053496
vt 0.1395948 0.1059958
vt 0.1432039 0.1094518
vt -0.1435979 0.1107927
vt -0.1399888 0.1073367
vt -0.1350319 0.1066905
vt -0.1306206 0.109101
vt -0.1284398 0.1136474
vt -0.1293225 0.1185931
vt -0.1329316 0.1220492
vt -0.1378885 0.1226953
vt -0.1422998 0.1202849
vt -0.1444806 0.1157385
vt 0.02601641 0.06216084
vt 0.02325911 0.06632674
vt 0.02240392 0.06708118
vt 0.02516122 0.06291528
vt 0.08802603 0.04731627
vt 0.08854087 0.05168685
vt 0.08719179 0.05254613
vt 0.08667694 0.04817555
vt 0.1363507 0.04702335
vt 0.14 0.05027776
vt 0.138386 0.05107731
vt 0.1347367 0.04782291
vt 0.1761182 0.07150833
vt 0.1795571 0.07342185
vt 0.1779745 0.07392885
vt 0.1745356 0.07201532
vt 0.09666885 0.1087824
vt 0.09453087 0.1075688
vt 0.09420387 0.1079405
vt 0.09634186 0.109154
vt -0.03400364 0.07295643
vt -0.03676094 0.06879052
vt -0.03590576 0.06954496
vt -0.03314845 0.07371087
vt -0.1037791 0.04959153
vt -0.1032642 0.04522095
vt -0.1019151 0.04608021
vt -0.10243 0.0504508
vt -0.1497984 0.04204855
vt -0.1461491 0.03879414
vt -0.1445351 0.03959369
vt -0.1481843 0.0428481
vt -0.1776233 0.06150383
vt -0.1741844 0.05959032
vt -0.1726018 0.06009732
vt -0.1760407 0.06201084
vt -0.09247883 0.09316467
vt -0.09461678 0.09437829
vt -0.09428976 0.09474997
vt -0.09215181 0.09353635
vt 0.1273889 0.1062971
vt 0.1323027 0.1069056
vt 0.1358961 0.1103085
vt 0.1367965 0.1152061
vt 0.13466 0.1197276
vt 0.1303026 0.1221459
vt 0.1253887 0.1215374
vt 0.1217954 0.1181345
vt 0.120895 0.1132369
vt 0.1230315 0.1087154
vt -0.1214849 0.1091247
vt -0.1193483 0.1136462
vt -0.1202487 0.1185437
vt -0.1238421 0.1219467
vt -0.1287559 0.1225552
vt -0.1331133 0.1201368
vt -0.1352498 0.1156153
vt -0.1343495 0.1107178
vt -0.1307561 0.1073148
vt -0.1258422 0.1067063
vt 0.2277357 -0.1077603
vt 0.2233369 -0.1093546
vt 0.2226875 -0.1115772
vt 0.2270864 -0.1099828
vt 0.1167575 0.1400582
vt 0.1166642 0.1353739
vt 0.1187088 0.1342759
vt 0.1188021 0.1389602
vt 0.03528074 0.04952772
vt 0.03455762 0.04489878
vt 0.0367639 0.04421707
vt 0.03748704 0.04884601
vt -0.01206018 -0.06943682
vt -0.01449943 -0.07343391
vt -0.01232384 -0.07417344
vt -0.009884613 -0.07017635
vt -0.07279806 -0.1789006
vt -0.07678059 -0.1813402
vt -0.0747638 -0.182442
vt -0.07078125 -0.1800024
vt -0.2226292 -0.1096557
vt -0.2270281 -0.1080613
vt -0.2263787 -0.1102839
vt -0.2219798 -0.1118782
vt -0.110128 0.1356268
vt -0.1102213 0.1403112
vt -0.1122659 0.1392131
vt -0.1121726 0.1345288
vt -0.0251392 0.04652132
vt -0.02586232 0.05115027
vt -0.02806861 0.05046855
vt -0.0273455 0.0458396
vt 0.02299431 -0.06869176
vt 0.02055507 -0.06469468
vt 0.01837949 -0.0654342
vt 0.02081874 -0.06943129
vt 0.081214 -0.1760586
vt 0.07723145 -0.1736191
vt 0.07521464 -0.1747208
vt 0.07919721 -0.1771604
vt 0.1968501 0.01938112
vt 0.1922045 0.0192178
vt 0.1885635 0.01633896
vt 0.1873178 0.01184421
vt 0.1889431 0.007450406
vt 0.1928187 0.004835823
vt 0.1974643 0.004999147
vt 0.2011054 0.007877991
vt 0.2023511 0.01237274
vt 0.2007258 0.01676654
vt -0.2018629 0.01660144
vt -0.2034883 0.01220765
vt -0.2022425 0.007712905
vt -0.1986015 0.004834057
vt -0.1939559 0.004670738
vt -0.1900803 0.007285313
vt -0.1884549 0.01167912
vt -0.1897006 0.01617386
vt -0.1933417 0.0190527
vt -0.1979873 0.01921603
vt 0.2170986 -0.116428
vt 0.2202252 -0.1151081
vt 0.2186466 -0.113763
vt 0.21552 -0.1150829
vt 0.1233398 0.1337689
vt 0.1222713 0.1379314
vt 0.1205181 0.136538
vt 0.1215866 0.1323755
vt 0.04710183 0.04795372
vt 0.04400063 0.04775255
vt 0.04279727 0.04660835
vt 0.04589847 0.04680952
vt -0.001323383 -0.07156815
vt -0.004112381 -0.07525934
vt -0.004947956 -0.07552141
vt -0.002158956 -0.07183021
vt -0.0637239 -0.187567
vt -0.0642885 -0.1902111
vt -0.06459811 -0.1892328
vt -0.0640335 -0.1865887
vt -0.2292331 -0.1113255
vt -0.2261065 -0.1126454
vt -0.2245279 -0.1113004
vt -0.2276545 -0.1099805
vt -0.1166389 0.1315927
vt -0.1177074 0.1274302
vt -0.1159542 0.1260369
vt -0.1148857 0.1301993
vt -0.04348856 0.03351803
vt -0.04658977 0.0337192
vt -0.04538642 0.03257499
vt -0.0422852 0.03237383
vt -0.003001248 -0.08187734
vt -0.005790244 -0.07818614
vt -0.004954671 -0.0784482
vt -0.002165672 -0.08213939
vt 0.05156396 -0.185908
vt 0.05099935 -0.1832639
vt 0.05130897 -0.1822856
vt 0.05187356 -0.1849297
vt 0.177157 0.01064083
vt 0.1795478 0.006656194
vt 0.1838003 0.004827202
vt 0.1882903 0.005852472
vt 0.1913028 0.009340374
vt 0.191687 0.01395866
vt 0.1892962 0.01794328
vt 0.1850437 0.01977228
vt 0.1805537 0.01874701
vt 0.1775412 0.01525911
vt -0.1765005 0.01405681
vt -0.1795129 0.01754471
vt -0.1840029 0.01856999
vt -0.1882555 0.01674099
vt -0.1906462 0.01275636
vt -0.190262 0.008138077
vt -0.1872496 0.004650175
vt -0.1827596 0.003624915
vt -0.178507 0.005453901
vt -0.1761163 0.009438539
vt 0.146178 -0.1184792
vt 0.1477098 -0.1151541
vt 0.1461991 -0.1132901
vt 0.1446673 -0.1166152
vt 0.2221774 -0.07621722
vt 0.2258815 -0.07341178
vt 0.2238046 -0.07193092
vt 0.2201005 -0.07473636
vt 0.236083 -0.02039209
vt 0.2379871 -0.0192446
vt 0.2359561 -0.01816567
vt 0.234052 -0.01931316
vt 0.1274699 -0.04348862
vt 0.1254784 -0.04624214
vt 0.1245259 -0.04485177
vt 0.1265175 -0.04209825
vt -0.03906182 -0.1125048
vt -0.04087203 -0.1164567
vt -0.04037524 -0.114543
vt -0.03856503 -0.1105911
vt -0.1612126 -0.1187585
vt -0.1596808 -0.1220836
vt -0.1581701 -0.1202196
vt -0.1597019 -0.1168945
vt -0.2313003 -0.0808022
vt -0.2275962 -0.08360764
vt -0.2255193 -0.08212678
vt -0.2292234 -0.07932135
vt -0.2340866 -0.0319086
vt -0.2321825 -0.0330561
vt -0.2301515 -0.03197718
vt -0.2320557 -0.03082966
vt -0.1252342 -0.05696108
vt -0.1272257 -0.05420757
vt -0.1262733 -0.0528172
vt -0.1242817 -0.05557071
vt 0.02977858 -0.1178287
vt 0.02796838 -0.1138768
vt 0.02747161 -0.1119631
vt 0.0292818 -0.115915
vt 0.1807481 0.01248169
vt 0.1842239 0.009418244
vt 0.1887803 0.008978778
vt 0.1926768 0.01133114
vt 0.1944251 0.01557681
vt 0.1933574 0.02009409
vt 0.1898816 0.02315754
vt 0.1853252 0.02359702
vt 0.1814288 0.02124465
vt 0.1796804 0.01699897
vt -0.1779009 0.01778462
vt -0.1796492 0.02203029
vt -0.1835457 0.02438265
vt -0.188102 0.02394317
vt -0.1915778 0.02087973
vt -0.1926455 0.01636245
vt -0.1908972 0.01211677
vt -0.1870007 0.009764413
vt -0.1824444 0.01020388
vt -0.1789686 0.01326733
vt 0.1691995 -0.1023003
vt 0.164646 -0.1013205
vt 0.1644333 -0.1038752
vt 0.1689867 -0.1048551
vt 0.2313417 -0.06420803
vt 0.2271436 -0.06619886
vt 0.2275109 -0.06874112
vt 0.231709 -0.0667503
vt 0.2296991 -0.01789809
vt 0.2272704 -0.02188139
vt 0.2282104 -0.02427543
vt 0.2306391 -0.02029214
vt 0.1139352 -0.0432402
vt 0.112274 -0.04761767
vt 0.1134146 -0.049916
vt 0.1150758 -0.04553853
vt -0.04646823 -0.106101
vt -0.04964485 -0.1095351
vt -0.04888244 -0.1119798
vt -0.04570581 -0.1085457
vt -0.1613658 -0.1115703
vt -0.1659193 -0.1125502
vt -0.1657065 -0.115105
vt -0.161153 -0.1141251
vt -0.2298935 -0.07529734
vt -0.2340916 -0.07330652
vt -0.2344589 -0.07584877
vt -0.2302608 -0.0778396
vt -0.2307158 -0.02545929
vt -0.2331446 -0.02147599
vt -0.2340846 -0.02387003
vt -0.2316559 -0.02785334
vt -0.1086439 -0.04681205
vt -0.1103052 -0.04243458
vt -0.1114458 -0.0447329
vt -0.1097846 -0.04911038
vt 0.05699073 -0.1035807
vt 0.05381411 -0.1001466
vt 0.0530517 -0.1025913
vt 0.05622832 -0.1060254
vt 0.2015937 0.02208847
vt 0.1971539 0.02351011
vt 0.1927525 0.02204198
vt 0.1900707 0.01824486
vt 0.1901329 0.0135691
vt 0.1929153 0.009800707
vt 0.1973551 0.008379074
vt 0.2017566 0.009847206
vt 0.2044383 0.01364433
vt 0.2043761 0.01832008
vt -0.2043586 0.01993254
vt -0.2044208 0.01525679
vt -0.201739 0.01145967
vt -0.1973376 0.009991536
vt -0.1928978 0.01141318
vt -0.1901153 0.01518157
vt -0.1900531 0.01985732
vt -0.1927349 0.02365444
vt -0.1971363 0.02512257
vt -0.2015762 0.02370093
vt -0.153335 -0.06461585
vt -0.1551889 -0.06032135
vt -0.1561271 -0.06114122
vt -0.1542732 -0.06543572
vt -0.03528911 -0.1627626
vt -0.03813679 -0.159051
vt -0.03880711 -0.160101
vt -0.03595942 -0.1638124
vt 0.1510557 -0.1594232
vt 0.1464788 -0.1584943
vt 0.146541 -0.1597431
vt 0.1511178 -0.160672
vt 0.2400368 -0.03631113
vt 0.2361447 -0.03888014
vt 0.2368939 -0.03988468
vt 0.240786 -0.03731567
vt 0.2174195 0.001234534
vt 0.2150246 -0.002773733
vt 0.2159862 -0.003573437
vt 0.218381 0.0004348191
vt 0.1550744 -0.05935808
vt 0.1532204 -0.06365258
vt 0.1541586 -0.06447245
vt 0.1560125 -0.06017795
vt 0.04075308 -0.1600528
vt 0.03790539 -0.1637643
vt 0.0385757 -0.1648142
vt 0.04142339 -0.1611027
vt -0.1444604 -0.1628926
vt -0.1490372 -0.1638215
vt -0.1490994 -0.1650703
vt -0.1445225 -0.1641414
vt -0.2377335 -0.04367321
vt -0.2416255 -0.04110419
vt -0.2423747 -0.04210871
vt -0.2384827 -0.04467773
vt -0.2172823 -0.005486217
vt -0.2196771 -0.001477962
vt -0.2206387 -0.002277663
vt -0.2182438 -0.006285918
vt 0.2064758 0.0293779
vt 0.2062564 0.03405029
vt 0.2033494 0.03772274
vt 0.1988652 0.03899249
vt 0.1945165 0.03737455
vt 0.1919645 0.03348692
vt 0.1921838 0.02881454
vt 0.1950908 0.02514209
vt 0.1995751 0.02387234
vt 0.2039237 0.02549027
vt -0.2035647 0.02577862
vt -0.199216 0.02416068
vt -0.1947318 0.02543045
vt -0.1918248 0.02910289
vt -0.1916054 0.03377527
vt -0.1941575 0.0376629
vt -0.1985062 0.03928084
vt -0.2029904 0.03801109
vt -0.2058974 0.03433863
vt -0.2061168 0.02966625
vt -0.1666021 -0.06844749
vt -0.1681475 -0.06507187
vt -0.1671833 -0.06432845
vt -0.1656379 -0.06770407
vt -0.06207746 -0.1644673
vt -0.06376062 -0.1609517
vt -0.06311338 -0.1599194
vt -0.06143024 -0.163435
vt 0.1279705 -0.1726652
vt 0.1297006 -0.1708381
vt 0.1295286 -0.1696152
vt 0.1277985 -0.1714423
vt 0.2354689 -0.04683212
vt 0.2385797 -0.04340258
vt 0.2377091 -0.04251567
vt 0.2345984 -0.0459452
vt 0.22493 0.0004377207
vt 0.2257959 0.001516627
vt 0.2247638 0.002191243
vt 0.2238979 0.001112346
vt 0.169162 -0.0562524
vt 0.1676165 -0.05962802
vt 0.1666523 -0.0588846
vt 0.1681977 -0.05550898
vt 0.05514585 -0.1646117
vt 0.0534627 -0.1681273
vt 0.05281548 -0.1670949
vt 0.05449862 -0.1635793
vt -0.1429734 -0.1729367
vt -0.1412433 -0.1747638
vt -0.1410712 -0.1735409
vt -0.1428013 -0.1717138
vt -0.241177 -0.04731371
vt -0.2380662 -0.05074324
vt -0.2371957 -0.04985635
vt -0.2403064 -0.04642681
vt -0.2217934 -0.01162522
vt -0.2209275 -0.01270412
vt -0.2198954 -0.0120295
vt -0.2207613 -0.0109506
vt 0.1899303 0.02535674
vt 0.1938738 0.02727829
vt 0.1958715 0.03129013
vt 0.1951603 0.03585983
vt 0.1920119 0.03924195
vt 0.1876289 0.04014463
vt 0.1836853 0.03822307
vt 0.1816877 0.03421125
vt 0.1823988 0.02964154
vt 0.1855473 0.02625941
vt -0.1850781 0.02649447
vt -0.1819297 0.0298766
vt -0.1812185 0.0344463
vt -0.1832162 0.03845813
vt -0.1871597 0.04037968
vt -0.1915427 0.03947701
vt -0.1946912 0.03609488
vt -0.1954024 0.03152517
vt -0.1934047 0.02751335
vt -0.1894612 0.0255918
vt -0.08265464 -0.06703328
vt -0.08462334 -0.06239446
vt -0.08593054 -0.06260658
vt -0.08396185 -0.06724541
vt -0.04319098 -0.1892072
vt -0.04628598 -0.185234
vt -0.04753185 -0.1856881
vt -0.04443685 -0.1896612
vt 0.1834738 -0.1567642
vt 0.1784597 -0.1572819
vt 0.1782455 -0.1585998
vt 0.1832596 -0.1580822
vt 0.1565137 0.1413445
vt 0.1560839 0.1363204
vt 0.1573958 0.1360559
vt 0.1578257 0.14108
vt 0.1160151 0.06432947
vt 0.115143 0.05936308
vt 0.116469 0.05923651
vt 0.117341 0.06420289
vt 0.08967991 -0.06398213
vt 0.08771122 -0.06862096
vt 0.08901842 -0.06883309
vt 0.09098712 -0.06419425
vt 0.04854625 -0.1860425
vt 0.04545123 -0.1900156
vt 0.04669709 -0.1904697
vt 0.04979212 -0.1864966
vt -0.1778918 -0.1556606
vt -0.1829059 -0.155143
vt -0.1826917 -0.1564609
vt -0.1776776 -0.1569785
vt -0.1512956 0.1367439
vt -0.1517254 0.141768
vt -0.1530374 0.1415035
vt -0.1526075 0.1364794
vt -0.1090919 0.06035472
vt -0.1099639 0.06532111
vt -0.1112899 0.06519452
vt -0.1104179 0.06022815
vt 0.1931685 0.03498686
vt 0.1918433 0.03984981
vt 0.1879367 0.04302415
vt 0.1829409 0.04329737
vt 0.1787641 0.04056513
vt 0.1770017 0.03587104
vt 0.1783269 0.03100809
vt 0.1822335 0.02783377
vt 0.1872293 0.02756054
vt 0.1914061 0.03029279
vt -0.1915809 0.02996755
vt -0.1874041 0.02723531
vt -0.1824083 0.02750854
vt -0.1785017 0.03068287
vt -0.1771765 0.03554581
vt -0.1789389 0.04023989
vt -0.1831156 0.04297214
vt -0.1881115 0.04269892
vt -0.1920181 0.03952458
vt -0.1933433 0.03466164
vt -0.1034995 -0.07378303
vt -0.1057691 -0.06954569
vt -0.1045854 -0.06948344
vt -0.1023158 -0.07372079
vt -0.07282193 -0.184318
vt -0.07396609 -0.1816501
vt -0.07288687 -0.1811124
vt -0.07174269 -0.1837803
vt 0.1737568 -0.1590937
vt 0.1767247 -0.1589452
vt 0.1764598 -0.1576757
vt 0.1734919 -0.1578242
vt 0.1598605 0.1363214
vt 0.1594197 0.1411221
vt 0.1581191 0.1408695
vt 0.15856 0.1360688
vt 0.1264341 0.0642506
vt 0.1244193 0.06462261
vt 0.1231813 0.06437829
vt 0.1251961 0.06400628
vt 0.1025671 -0.0633616
vt 0.1002976 -0.06759895
vt 0.09911393 -0.0675367
vt 0.1013835 -0.06329936
vt 0.06524135 -0.1909939
vt 0.06409718 -0.1936619
vt 0.06301796 -0.1931242
vt 0.06416213 -0.1904562
vt -0.1887821 -0.155743
vt -0.1858142 -0.1558914
vt -0.1855492 -0.1546219
vt -0.1885171 -0.1544734
vt -0.1547817 0.1368117
vt -0.1552227 0.132011
vt -0.1539221 0.1317584
vt -0.1534812 0.1365592
vt -0.1223495 0.04937452
vt -0.1243642 0.04900251
vt -0.1231262 0.0487582
vt -0.1211114 0.04913021
vt 0.1746347 0.02659982
vt 0.1793539 0.02804605
vt 0.1822984 0.03202165
vt 0.1823435 0.03700808
vt 0.1794719 0.0411007
vt 0.1747805 0.04273624
vt 0.1700613 0.04129002
vt 0.1671169 0.03731441
vt 0.1670718 0.03232798
vt 0.1699433 0.02823537
vt -0.1697319 0.02773187
vt -0.1668604 0.03182448
vt -0.1669054 0.03681091
vt -0.1698499 0.04078651
vt -0.1745691 0.04223274
vt -0.1792605 0.04059719
vt -0.182132 0.03650459
vt -0.182087 0.03151815
vt -0.1791425 0.02754255
vt -0.1744233 0.02609632
vt -0.2047829 -0.0484331
vt -0.2053686 -0.04422038
vt -0.2042605 -0.04222352
vt -0.2036748 -0.04643623
vt -0.03832072 -0.1315133
vt -0.04021727 -0.1279424
vt -0.04008722 -0.1256619
vt -0.03819067 -0.1292329
vt 0.1182882 -0.1031474
vt 0.1203037 -0.1004893
vt 0.1195632 -0.09832549
vt 0.1175477 -0.1009836
vt 0.1980373 -0.04672609
vt 0.202576 -0.04463584
vt 0.2014364 -0.04265174
vt 0.1968977 -0.04474198
vt 0.2382221 -0.006231747
vt 0.2416966 -0.006706651
vt 0.2403943 -0.004826515
vt 0.2369199 -0.004351608
vt 0.2116897 -0.0374305
vt 0.211104 -0.04164321
vt 0.2099959 -0.03964635
vt 0.2105815 -0.03543364
vt 0.03104856 -0.1325333
vt 0.02915202 -0.1361042
vt 0.02902198 -0.1338238
vt 0.03091852 -0.1302528
vt -0.1341855 -0.1061655
vt -0.13217 -0.1088236
vt -0.1314294 -0.1066597
vt -0.1334449 -0.1040016
vt -0.2076038 -0.05451649
vt -0.2030652 -0.05660675
vt -0.2019256 -0.05462264
vt -0.2064642 -0.05253239
vt -0.235928 -0.02046392
vt -0.2324536 -0.01998901
vt -0.2311514 -0.01810886
vt -0.2346258 -0.01858377
vt 0.1411407 0.04580054
vt 0.1455196 0.04815574
vt 0.1476691 0.05264948
vt 0.146768 0.05756531
vt 0.1431607 0.06102556
vt 0.1382249 0.06170853
vt 0.133846 0.05935333
vt 0.1316966 0.05485959
vt 0.1325976 0.04994376
vt 0.136205 0.04648351
vt -0.1353932 0.04791861
vt -0.1317859 0.05137885
vt -0.1308848 0.05629469
vt -0.1330343 0.06078843
vt -0.1374132 0.06314362
vt -0.1423489 0.06246065
vt -0.1459563 0.0590004
vt -0.1468574 0.05408457
vt -0.1447079 0.04959082
vt -0.140329 0.04723564
vt -0.1973519 -0.04806377
vt -0.198871 -0.04326475
vt -0.1999055 -0.04532323
vt -0.1983864 -0.05012225
vt -0.01117211 -0.1237442
vt -0.01481538 -0.1202763
vt -0.01490182 -0.1225786
vt -0.01125854 -0.1260465
vt 0.1415431 -0.08673901
vt 0.1365426 -0.08650679
vt 0.1372625 -0.08869771
vt 0.142263 -0.08892994
vt 0.2085168 -0.03498153
vt 0.2043455 -0.03772775
vt 0.2054355 -0.03976109
vt 0.2096068 -0.03701486
vt 0.235053 -0.00519495
vt 0.2327405 -0.009642917
vt 0.2339797 -0.0115881
vt 0.2362922 -0.007140143
vt 0.1982582 -0.04211505
vt 0.1967392 -0.04691407
vt 0.1977737 -0.04897255
vt 0.1992927 -0.04417353
vt 0.02108256 -0.1255091
vt 0.01743928 -0.128977
vt 0.01752569 -0.1312793
vt 0.02116898 -0.1278114
vt -0.1347441 -0.09776988
vt -0.1397445 -0.09800211
vt -0.1404644 -0.100193
vt -0.1354639 -0.0999608
vt -0.2091962 -0.04781915
vt -0.2133675 -0.04507292
vt -0.2144575 -0.04710627
vt -0.2102862 -0.04985249
vt -0.2394519 -0.01472172
vt -0.2417643 -0.01027376
vt -0.2430036 -0.01221895
vt -0.2406911 -0.01666692
vt 0.1604529 0.05589307
vt 0.1595772 0.06085436
vt 0.1559732 0.06437393
vt 0.1510174 0.06510736
vt 0.1466029 0.06277457
vt 0.1444157 0.05826658
vt 0.1452914 0.05330529
vt 0.1488954 0.04978574
vt 0.1538511 0.04905228
vt 0.1582657 0.05138507
vt -0.1574752 0.05284425
vt -0.1530606 0.05051146
vt -0.1481049 0.05124491
vt -0.1445009 0.05476446
vt -0.1436252 0.05972575
vt -0.1458124 0.06423375
vt -0.1502269 0.06656654
vt -0.1551827 0.0658331
vt -0.1587867 0.06231355
vt -0.1596624 0.05735224
vt -0.1444305 -0.04457904
vt -0.1464672 -0.0404124
vt -0.1446651 -0.0406413
vt -0.1426284 -0.04480793
vt -0.1655215 -0.1312243
vt -0.1671434 -0.1283479
vt -0.1653383 -0.1285639
vt -0.1637165 -0.1314403
vt -0.1650633 0.1651028
vt -0.1679173 0.1663696
vt -0.1679717 0.1645466
vt -0.1651177 0.1632799
vt 0.1148478 0.1774041
vt 0.1133872 0.182087
vt 0.1116337 0.1815787
vt 0.1130944 0.1768957
vt 0.1349884 0.09137122
vt 0.1330096 0.0921485
vt 0.1312201 0.09180582
vt 0.1331989 0.09102853
vt 0.1463227 -0.03404907
vt 0.144286 -0.0382157
vt 0.1424839 -0.0384446
vt 0.1445206 -0.03427797
vt 0.1650099 -0.1399898
vt 0.1633881 -0.1428662
vt 0.161583 -0.1430822
vt 0.1632048 -0.1402058
vt 0.18031 0.1608354
vt 0.1774559 0.1595685
vt 0.1775103 0.1577456
vt 0.1803643 0.1590124
vt -0.1068207 0.1773223
vt -0.1082814 0.1726393
vt -0.1065279 0.172131
vt -0.1050673 0.176814
vt -0.1297812 0.07714447
vt -0.1317599 0.07636718
vt -0.1299704 0.07602452
vt -0.1279918 0.07680179
vt 0.1473193 0.05643458
vt 0.1519748 0.05825661
vt 0.1546696 0.06246787
vt 0.1543745 0.06745981
vt 0.1512021 0.07132567
vt 0.1463642 0.07258884
vt 0.1417088 0.07076682
vt 0.1390139 0.06655555
vt 0.1393091 0.06156361
vt 0.1424814 0.05769774
vt -0.1428 0.05686168
vt -0.1396277 0.06072755
vt -0.1393325 0.06571949
vt -0.1420274 0.06993075
vt -0.1466829 0.07175277
vt -0.1515207 0.07048962
vt -0.1546931 0.06662375
vt -0.1549882 0.06163181
vt -0.1522934 0.05742054
vt -0.1476379 0.05559852
vt -0.1264293 -0.03988219
vt -0.1283092 -0.03520793
vt -0.1301213 -0.03501699
vt -0.1282414 -0.03969124
vt -0.1425938 -0.1511235
vt -0.1447053 -0.1465492
vt -0.1465282 -0.1464724
vt -0.1444168 -0.1510467
vt -0.2157384 0.1072524
vt -0.2113329 0.1097054
vt -0.2117546 0.1114929
vt -0.2161601 0.1090399
vt 0.1085708 0.185002
vt 0.1098247 0.1801199
vt 0.1115989 0.1806101
vt 0.1103451 0.1854922
vt 0.124611 0.09284362
vt 0.1240198 0.08783601
vt 0.1258204 0.08818167
vt 0.1264116 0.09318928
vt 0.1326787 -0.03630332
vt 0.1307988 -0.04097757
vt 0.1326109 -0.04078663
vt 0.1344907 -0.03611236
vt 0.1441159 -0.1455688
vt 0.1420044 -0.1501431
vt 0.1438274 -0.1500664
vt 0.1459388 -0.1454921
vt 0.2086862 0.1048755
vt 0.2130917 0.1024225
vt 0.2135135 0.10421
vt 0.209108 0.106663
vt -0.1022412 0.178547
vt -0.1009874 0.1834291
vt -0.1027616 0.1839193
vt -0.1040155 0.1790371
vt -0.1165143 0.08876446
vt -0.1171056 0.09377207
vt -0.1189062 0.09411774
vt -0.1183149 0.08911013
vt 0.1680876 0.06692985
vt 0.1668814 0.07182306
vt 0.1630521 0.07509227
vt 0.1580623 0.07548871
vt 0.153818 0.07286098
vt 0.1519402 0.06821277
vt 0.1531464 0.06331954
vt 0.1569757 0.06005035
vt 0.1619655 0.0596539
vt 0.1662098 0.06228165
vt -0.1664508 0.06139708
vt -0.1622064 0.05876935
vt -0.1572166 0.05916579
vt -0.1533873 0.06243499
vt -0.1521812 0.06732822
vt -0.1540589 0.07197642
vt -0.1583033 0.07460416
vt -0.1632931 0.07420771
vt -0.1671224 0.07093851
vt -0.1683285 0.06604529
vt -0.12794 -0.05905785
vt -0.129879 -0.05447183
vt -0.1289373 -0.05335453
vt -0.1269983 -0.05794055
vt 0.005143286 -0.1399166
vt 0.004726002 -0.1371682
vt 0.004917809 -0.1356629
vt 0.005335094 -0.1384113
vt 0.163139 -0.1051486
vt 0.1665642 -0.1030326
vt 0.165774 -0.1016586
vt 0.1623488 -0.1037747
vt 0.2348397 0.005906334
vt 0.2383775 0.008613216
vt 0.2370536 0.009495935
vt 0.2335158 0.006789062
vt 0.2121174 0.0375399
vt 0.2124583 0.03630779
vt 0.2111478 0.0370664
vt 0.2108069 0.03829851
vt 0.1277027 -0.05202048
vt 0.1257637 -0.05660649
vt 0.124822 -0.0554892
vt 0.126761 -0.05090318
vt -0.01735361 -0.1438722
vt -0.0177709 -0.1466206
vt -0.01796271 -0.1451153
vt -0.01754542 -0.1423669
vt -0.1776229 -0.1069891
vt -0.1741977 -0.1091052
vt -0.1734075 -0.1077313
vt -0.1768328 -0.1056152
vt -0.2375623 -0.0006316475
vt -0.2340246 -0.003338536
vt -0.2327007 -0.002455799
vt -0.2362384 0.0002510651
vt -0.2074288 0.02213084
vt -0.2070878 0.02336296
vt -0.2057773 0.02412158
vt -0.2061183 0.02288947
vt 0.1414425 0.05487411
vt 0.1463145 0.05598878
vt 0.1495996 0.05975565
vt 0.150043 0.06473593
vt 0.1474752 0.06902733
vt 0.1428772 0.07099066
vt 0.1380051 0.069876
vt 0.13472 0.06610913
vt 0.1342766 0.06112883
vt 0.1368444 0.05683745
vt -0.1362415 0.05731307
vt -0.1336738 0.06160446
vt -0.1341171 0.06658475
vt -0.1374022 0.07035163
vt -0.1422743 0.07146628
vt -0.1468723 0.06950295
vt -0.1494401 0.06521156
vt -0.1489967 0.06023128
vt -0.1457116 0.0564644
vt -0.1408396 0.05534975
vt -0.107766 -0.05453496
vt -0.1097015 -0.04988227
vt -0.110735 -0.05110611
vt -0.1087995 -0.0557588
vt 0.03430405 -0.1306684
vt 0.03010666 -0.1278987
vt 0.02959312 -0.1294188
vt 0.03379051 -0.1321884
vt 0.1802422 -0.08921474
vt 0.1753854 -0.09046637
vt 0.1757119 -0.09204283
vt 0.1805687 -0.09079121
vt 0.2353203 0.01382304
vt 0.2325576 0.009628503
vt 0.2335308 0.008343371
vt 0.2362935 0.01253789
vt 0.2025654 0.03588922
vt 0.2013846 0.03099228
vt 0.2025636 0.02990001
vt 0.2037444 0.03479698
vt 0.1151262 -0.05158175
vt 0.1131907 -0.05623444
vt 0.1142241 -0.05745829
vt 0.1161596 -0.0528056
vt -0.02464249 -0.1344461
vt -0.02883987 -0.1372158
vt -0.02832634 -0.1387358
vt -0.02412895 -0.1359662
vt -0.1761319 -0.09880155
vt -0.1809887 -0.09754994
vt -0.1813152 -0.09912641
vt -0.1764584 -0.100378
vt -0.2363632 0.00557987
vt -0.239126 0.009774401
vt -0.2400991 0.00848926
vt -0.2373364 0.00429473
vt -0.20124 0.03030795
vt -0.2024208 0.0352049
vt -0.2035998 0.03411265
vt -0.202419 0.02921569
vt 0.1626526 0.06729617
vt 0.1607125 0.0719501
vt 0.156434 0.07459088
vt 0.1514514 0.07420979
vt 0.1476679 0.07095243
vt 0.1465286 0.06606297
vt 0.1484687 0.06140905
vt 0.1527472 0.05876829
vt 0.1577298 0.05914936
vt 0.1615133 0.06240672
vt -0.1613511 0.06310911
vt -0.1575676 0.05985174
vt -0.152585 0.05947066
vt -0.1483065 0.06211144
vt -0.1463664 0.06676538
vt -0.1475057 0.07165481
vt -0.1512892 0.07491218
vt -0.1562718 0.07529326
vt -0.1605503 0.07265248
vt -0.1624904 0.06799856
vt -0.1205265 -0.01071822
vt -0.123118 -0.006786489
vt -0.1215525 -0.006606039
vt -0.1189611 -0.01053778
vt -0.07342197 -0.131455
vt -0.07481737 -0.1284842
vt -0.07357073 -0.1274659
vt -0.07217533 -0.1304367
vt 0.1222256 -0.1797788
vt 0.1249269 -0.179654
vt 0.1245655 -0.1778305
vt 0.1218642 -0.1779552
vt 0.2071491 0.1110617
vt 0.2078189 0.1158887
vt 0.2058797 0.1156883
vt 0.2052098 0.1108613
vt 0.1580102 0.1029851
vt 0.1561448 0.1037575
vt 0.1543926 0.1034118
vt 0.1562579 0.1026394
vt 0.1202129 0.0007414733
vt 0.1176215 -0.003190275
vt 0.116056 -0.003009826
vt 0.1186474 0.0009219215
vt 0.06476852 -0.1355457
vt 0.06337313 -0.1385166
vt 0.06212648 -0.1374983
vt 0.06352188 -0.1345274
vt -0.1378651 -0.1791693
vt -0.1351638 -0.179294
vt -0.1348023 -0.1774705
vt -0.1375036 -0.1773457
vt -0.2034498 0.1131232
vt -0.20278 0.1082962
vt -0.2008407 0.1080958
vt -0.2015106 0.1129228
vt -0.1528471 0.08877033
vt -0.1547125 0.0879979
vt -0.1529603 0.08765219
vt -0.1510949 0.08842462
vt 0.1402175 0.08440255
vt 0.1448878 0.08612182
vt 0.1476472 0.09026972
vt 0.1474418 0.0952619
vt 0.14435 0.09919153
vt 0.1395528 0.1005576
vt 0.1348825 0.09883834
vt 0.1321231 0.09469045
vt 0.1323285 0.08969826
vt 0.1354203 0.08576864
vt -0.1349622 0.08509321
vt -0.1318704 0.08902283
vt -0.131665 0.09401502
vt -0.1344244 0.09816292
vt -0.1390947 0.09988218
vt -0.1438919 0.09851611
vt -0.1469837 0.09458648
vt -0.1471891 0.08959429
vt -0.1444297 0.08544638
vt -0.1397594 0.08372713
vt -0.0999602 -0.001293177
vt -0.1020534 0.003290701
vt -0.1039238 0.002735922
vt -0.1018307 -0.001847951
vt -0.0439856 -0.1307223
vt -0.04753859 -0.1271583
vt -0.04926196 -0.1280739
vt -0.04570898 -0.1316379
vt 0.1423443 -0.1685523
vt 0.1373151 -0.1688159
vt 0.1367564 -0.1706994
vt 0.1417856 -0.1704358
vt 0.2053485 0.1173381
vt 0.2042569 0.1124158
vt 0.2060148 0.1115245
vt 0.2071064 0.1164468
vt 0.1483552 0.1046864
vt 0.1474414 0.09972761
vt 0.1493436 0.09924554
vt 0.1502575 0.1042043
vt 0.1084663 0.0009131288
vt 0.1063731 -0.003670743
vt 0.1082436 -0.004225518
vt 0.1103368 0.0003583575
vt 0.05145876 -0.1297506
vt 0.04790577 -0.1333146
vt 0.04962914 -0.1342302
vt 0.05318213 -0.1306663
vt -0.1365624 -0.1692375
vt -0.1415916 -0.1689739
vt -0.1410329 -0.1708574
vt -0.1360037 -0.171121
vt -0.2003686 0.1130497
vt -0.2014602 0.117972
vt -0.203218 0.1170807
vt -0.2021265 0.1121584
vt -0.1409936 0.1008103
vt -0.1419075 0.1057691
vt -0.1438097 0.105287
vt -0.1428958 0.1003282
vt 0.1612272 0.09450734
vt 0.1600369 0.09940436
vt 0.1562179 0.1026859
vt 0.1512288 0.1030985
vt 0.1469754 0.1004846
vt 0.1450823 0.09584263
vt 0.1462726 0.0909456
vt 0.1500916 0.08766406
vt 0.1550806 0.08725143
vt 0.1593341 0.08986533
vt -0.1597525 0.08961071
vt -0.1554991 0.08699681
vt -0.15051 0.08740944
vt -0.146691 0.09069099
vt -0.1455007 0.09558801
vt -0.1473939 0.10023
vt -0.1516473 0.1028439
vt -0.1566363 0.1024313
vt -0.1604554 0.09914975
vt -0.1616456 0.09425272
vt -0.05572098 0.007609786
vt -0.0586348 0.01165767
vt -0.05952991 0.01333095
vt -0.0566161 0.009283069
vt 0.06883802 0.01390252
vt 0.0688517 0.01841424
vt 0.06727326 0.02001353
vt 0.06725958 0.01550181
vt 0.1301362 0.02403227
vt 0.1334675 0.02753242
vt 0.1317124 0.02908534
vt 0.1283811 0.02558518
vt 0.1873163 0.03464856
vt 0.1919533 0.03583608
vt 0.1901726 0.03735561
vt 0.1855356 0.03616808
vt 0.2396642 0.04269108
vt 0.2412221 0.04084011
vt 0.2399788 0.04239202
vt 0.2384209 0.044243
vt 0.05106832 0.0181633
vt 0.0481545 0.01411542
vt 0.04904962 0.0157887
vt 0.05196344 0.01983658
vt -0.08395749 0.01710409
vt -0.0839438 0.01259238
vt -0.08236538 0.01419167
vt -0.08237906 0.01870338
vt -0.1448814 0.01853348
vt -0.1415502 0.01503333
vt -0.1397951 0.01658626
vt -0.1431264 0.0200864
vt -0.1933354 0.02211187
vt -0.1886984 0.02092434
vt -0.1869176 0.02244386
vt -0.1915546 0.0236314
vt -0.2341888 0.02751299
vt -0.2326309 0.02936397
vt -0.2313876 0.03091589
vt -0.2329455 0.0290649
vt 0.1254147 0.09661959
vt 0.1302817 0.09776075
vt 0.1335476 0.1015456
vt 0.1339649 0.1065285
vt 0.1313743 0.1108061
vt 0.1267651 0.1127445
vt 0.1218981 0.1116034
vt 0.1186322 0.1078185
vt 0.1182149 0.1028356
vt 0.1208056 0.098558
vt -0.1190743 0.09982371
vt -0.1164836 0.1041013
vt -0.116901 0.1090842
vt -0.1201669 0.1128691
vt -0.1250339 0.1140102
vt -0.129643 0.1120718
vt -0.1322337 0.1077942
vt -0.1318164 0.1028113
vt -0.1285505 0.09902646
vt -0.1236834 0.0978853
vt -0.03130814 0.02383691
vt -0.03390641 0.02815511
vt -0.03397119 0.02578259
vt -0.03137293 0.02146439
vt 0.09719153 0.03259832
vt 0.09272557 0.03489443
vt 0.09281049 0.03252413
vt 0.09727646 0.03022802
vt 0.1523659 0.03930772
vt 0.1474095 0.0387094
vt 0.1475654 0.03634259
vt 0.1525218 0.03694092
vt 0.1978471 0.04310313
vt 0.1940646 0.03984759
vt 0.1942823 0.03748482
vt 0.1980648 0.04074035
vt 0.2346136 0.0415044
vt 0.2327466 0.0368402
vt 0.2330206 0.03448046
vt 0.2348876 0.03914467
vt 0.04374103 0.02265293
vt 0.04114276 0.01833474
vt 0.04120756 0.0159622
vt 0.04380582 0.02028041
vt -0.08568214 0.02235663
vt -0.09014809 0.02006051
vt -0.09023301 0.01769022
vt -0.08576703 0.01998632
vt -0.1483098 0.02435289
vt -0.1532662 0.02495123
vt -0.1534221 0.02258443
vt -0.1484657 0.0219861
vt -0.2015618 0.02925218
vt -0.2053443 0.0325077
vt -0.2055621 0.03014491
vt -0.2017796 0.02688939
vt -0.2374448 0.0336264
vt -0.2393118 0.0382906
vt -0.2395859 0.03593087
vt -0.2377189 0.03126666
vt 0.1484095 0.1089381
vt 0.1465017 0.1136053
vt 0.1422396 0.1162755
vt 0.1372511 0.1159287
vt 0.1334417 0.1126976
vt 0.1322664 0.1078161
vt 0.1341742 0.103149
vt 0.1384363 0.1004788
vt 0.1434248 0.1008255
vt 0.1472342 0.1040567
vt -0.1470907 0.1061373
vt -0.1432813 0.1029061
vt -0.1382928 0.1025594
vt -0.1340307 0.1052296
vt -0.1321229 0.1098967
vt -0.1332982 0.1147781
vt -0.1371076 0.1180093
vt -0.1420961 0.1183561
vt -0.1463582 0.1156859
vt -0.148266 0.1110187
vt 0.006523452 0.05183803
vt 0.003629469 0.05596367
vt 0.003011797 0.054247
vt 0.005905798 0.05012137
vt 0.09856696 0.02753903
vt 0.09395127 0.02950803
vt 0.09344621 0.02775603
vt 0.09806189 0.02578704
vt 0.1673784 0.0177729
vt 0.1624939 0.01673451
vt 0.1621618 0.01493994
vt 0.1670462 0.01597832
vt 0.2322967 0.03579327
vt 0.2289851 0.03203543
vt 0.2290083 0.03020542
vt 0.23232 0.03396326
vt 0.164894 0.08734053
vt 0.1633663 0.08253704
vt 0.1639312 0.0807954
vt 0.165459 0.08559891
vt 0.006884898 0.04896669
vt 0.003990904 0.04484105
vt 0.00460859 0.04312437
vt 0.007502575 0.04725001
vt -0.08792505 0.017218
vt -0.0925407 0.01524899
vt -0.09203566 0.013497
vt -0.08741996 0.01546599
vt -0.16389 0.004134204
vt -0.1687745 0.005172601
vt -0.1684424 0.003378011
vt -0.1635579 0.00233963
vt -0.2336944 0.02581042
vt -0.237006 0.02956824
vt -0.2370292 0.02773822
vt -0.2337176 0.02398039
vt -0.1579397 0.08385389
vt -0.1594674 0.08865739
vt -0.1600324 0.08691577
vt -0.1585046 0.08211226
vt 0.1518968 0.1245989
vt 0.149716 0.1291453
vt 0.1453046 0.1315558
vt 0.1403477 0.1309096
vt 0.1367387 0.1274536
vt 0.1358559 0.1225078
vt 0.1380367 0.1179614
vt 0.1424481 0.115551
vt 0.1474049 0.1161971
vt 0.151014 0.1196532
vt -0.1514079 0.1209941
vt -0.1477989 0.1175381
vt -0.142842 0.1168919
vt -0.1384307 0.1193024
vt -0.1362499 0.1238488
vt -0.1371326 0.1287945
vt -0.1407417 0.1322505
vt -0.1456985 0.1328967
vt -0.1501099 0.1304863
vt -0.1522907 0.1259399
vt -0.0193666 0.03484023
vt -0.02212391 0.03900614
vt -0.0229791 0.03976058
vt -0.02022179 0.03559468
vt 0.07142793 0.01013538
vt 0.07194276 0.01450596
vt 0.07059368 0.01536524
vt 0.07007883 0.01099465
vt 0.1485872 0.003115819
vt 0.1522365 0.006370232
vt 0.1506225 0.007169777
vt 0.1469732 0.003915369
vt 0.229542 0.02895752
vt 0.2329809 0.03087104
vt 0.2313983 0.03137805
vt 0.2279594 0.02946452
vt 0.1734248 0.08723884
vt 0.1712868 0.08602525
vt 0.1709598 0.08639693
vt 0.1730978 0.08761052
vt 0.01137918 0.04563596
vt 0.008621884 0.04147004
vt 0.009477066 0.04222449
vt 0.01223437 0.0463904
vt -0.08718111 0.01241095
vt -0.08666626 0.008040371
vt -0.08531715 0.008899641
vt -0.08583201 0.01327023
vt -0.1620349 -0.001859077
vt -0.1583856 -0.005113489
vt -0.1567716 -0.004313936
vt -0.1604209 -0.00105953
vt -0.2310469 0.01895312
vt -0.227608 0.01703961
vt -0.2260254 0.01754661
vt -0.2294643 0.01946013
vt -0.1692349 0.07162088
vt -0.1713729 0.0728345
vt -0.1710459 0.07320618
vt -0.1689079 0.07199256
vt 0.1297618 0.1136182
vt 0.1346756 0.1142267
vt 0.138269 0.1176296
vt 0.1391694 0.1225272
vt 0.1370328 0.1270487
vt 0.1326755 0.129467
vt 0.1277616 0.1288585
vt 0.1241682 0.1254556
vt 0.1232679 0.120558
vt 0.1254044 0.1160365
vt -0.1238577 0.1164458
vt -0.1217212 0.1209673
vt -0.1226216 0.1258648
vt -0.126215 0.1292678
vt -0.1311288 0.1298763
vt -0.1354862 0.1274579
vt -0.1376227 0.1229364
vt -0.1367223 0.1180388
vt -0.133129 0.1146359
vt -0.1282151 0.1140274
vt 0.2066579 -0.134716
vt 0.2099237 -0.1339453
vt 0.2086078 -0.1323366
vt 0.205342 -0.1331073
vt 0.1153624 0.1481855
vt 0.1144759 0.1524637
vt 0.1126465 0.1511287
vt 0.113533 0.1468504
vt 0.03006978 0.06559803
vt 0.02693627 0.06549613
vt 0.02571268 0.06432474
vt 0.02884617 0.06442662
vt -0.0186701 -0.05543795
vt -0.02148362 -0.05914923
vt -0.02233348 -0.05944984
vt -0.01951994 -0.05573857
vt -0.07620692 -0.1759944
vt -0.07676213 -0.1787251
vt -0.07711883 -0.1777748
vt -0.07656362 -0.1750441
vt -0.219741 -0.1317255
vt -0.2164752 -0.1324962
vt -0.2151593 -0.1308875
vt -0.2184252 -0.1301168
vt -0.1085178 0.1465835
vt -0.1094043 0.1423053
vt -0.1075749 0.1409702
vt -0.1066883 0.1452485
vt -0.02626677 0.05112753
vt -0.02940029 0.05122942
vt -0.02817668 0.05005802
vt -0.02504317 0.04995615
vt 0.01435139 -0.06601004
vt 0.01153786 -0.06229876
vt 0.01238771 -0.06259938
vt 0.01520124 -0.06631066
vt 0.06408465 -0.174185
vt 0.06352944 -0.1714542
vt 0.06388614 -0.1705039
vt 0.06444135 -0.1732347
vt 0.1922423 0.008262576
vt 0.194466 0.004138568
vt 0.198662 0.002099222
vt 0.2032278 0.002923525
vt 0.2064193 0.006296602
vt 0.2070175 0.01093006
vt 0.2047939 0.01505407
vt 0.2005978 0.01709341
vt 0.196032 0.01626911
vt 0.1928405 0.01289604
vt -0.1917259 0.0117309
vt -0.1949174 0.01510398
vt -0.1994832 0.01592827
vt -0.2036792 0.01388894
vt -0.2059029 0.009764925
vt -0.2053047 0.005131472
vt -0.2021132 0.001758391
vt -0.1975474 0.0009340981
vt -0.1933513 0.002973433
vt -0.1911277 0.007097446
vt 0.2123252 -0.1368668
vt 0.2077196 -0.1374859
vt 0.2066152 -0.1395065
vt 0.2112208 -0.1388874
vt 0.1182869 0.1453755
vt 0.1178338 0.1407507
vt 0.1197717 0.1395068
vt 0.1202248 0.1441317
vt 0.04435781 0.05345033
vt 0.04339923 0.04890328
vt 0.04555988 0.04810691
vt 0.04651846 0.05265395
vt 0.002963925 -0.06701909
vt 0.0005683098 -0.07100099
vt 0.00275517 -0.07172231
vt 0.005150776 -0.0677404
vt -0.05048858 -0.1824535
vt -0.05417814 -0.1852786
vt -0.05204884 -0.1861554
vt -0.04835926 -0.1833302
vt -0.2076248 -0.1367799
vt -0.2122304 -0.1361609
vt -0.211126 -0.1381815
vt -0.2065204 -0.1388006
vt -0.1117492 0.1413467
vt -0.1122023 0.1459716
vt -0.1141402 0.1447277
vt -0.1136871 0.1401028
vt -0.03525721 0.05061974
vt -0.03621578 0.05516679
vt -0.03837642 0.05437042
vt -0.03741784 0.04982337
vt 0.006353881 -0.06683644
vt 0.003958265 -0.06285454
vt 0.001771415 -0.06357585
vt 0.004167036 -0.06755774
vt 0.0573526 -0.1811328
vt 0.05366303 -0.1783076
vt 0.05153372 -0.1791843
vt 0.05522329 -0.1820095
vt 0.1901798 0.01759818
vt 0.185539 0.01735737
vt 0.1819261 0.01443478
vt 0.1807211 0.00994675
vt 0.1823842 0.005607555
vt 0.1862802 0.003074619
vt 0.1909209 0.003315439
vt 0.1945338 0.006238019
vt 0.1957389 0.01072606
vt 0.1940758 0.01506525
vt -0.1954425 0.01504366
vt -0.1971056 0.01070446
vt -0.1959005 0.006216429
vt -0.1922876 0.003293848
vt -0.1876469 0.003053028
vt -0.1837509 0.005585963
vt -0.1820878 0.009925159
vt -0.1832928 0.01441319
vt -0.1869057 0.01733578
vt -0.1915465 0.01757659
vt 0.1544821 -0.1118673
vt 0.1500384 -0.110508
vt 0.1495867 -0.1130185
vt 0.1540304 -0.1143778
vt 0.2256355 -0.07376288
vt 0.2212558 -0.07531615
vt 0.2213517 -0.07786518
vt 0.2257314 -0.0763119
vt 0.233721 -0.01789739
vt 0.230957 -0.02163293
vt 0.2316819 -0.02407859
vt 0.2344459 -0.02034305
vt 0.1261033 -0.03612498
vt 0.1243361 -0.04042282
vt 0.125422 -0.04273092
vt 0.1271893 -0.03843309
vt -0.02926848 -0.1064463
vt -0.03226676 -0.1099966
vt -0.0313755 -0.1123866
vt -0.02837721 -0.1088363
vt -0.1472108 -0.1197523
vt -0.1516545 -0.1211117
vt -0.1512028 -0.1236222
vt -0.146759 -0.1222629
vt -0.2243247 -0.08396935
vt -0.2287044 -0.08241608
vt -0.2288003 -0.08496511
vt -0.2244205 -0.08651838
vt -0.2355653 -0.02504284
vt -0.2383293 -0.0213073
vt -0.2390542 -0.02375296
vt -0.2362901 -0.0274885
vt -0.1226392 -0.03972507
vt -0.1244064 -0.03542724
vt -0.1254924 -0.03773534
vt -0.1237252 -0.04203318
vt 0.03820092 -0.1049857
vt 0.03520263 -0.1014354
vt 0.03431138 -0.1038255
vt 0.03730966 -0.1073758
vt 0.1950873 0.02032657
vt 0.1906411 0.0216776
vt 0.1862498 0.02015715
vt 0.183591 0.016346
vt 0.18368 0.01169986
vt 0.186483 0.007993411
vt 0.1909293 0.006642386
vt 0.1953205 0.008162834
vt 0.1979794 0.01197399
vt 0.1978903 0.01662012
vt -0.1980987 0.01834613
vt -0.1981878 0.0137
vt -0.1955289 0.009888842
vt -0.1911377 0.008368395
vt -0.1866914 0.009719421
vt -0.1838885 0.01342587
vt -0.1837994 0.01807201
vt -0.1864582 0.02188316
vt -0.1908495 0.02340361
vt -0.1952957 0.02205258
vt 0.1554518 -0.1088837
vt 0.1570988 -0.1055801
vt 0.1556608 -0.1036461
vt 0.1540139 -0.1069497
vt 0.2259263 -0.07197597
vt 0.2298183 -0.06936712
vt 0.2278137 -0.06775576
vt 0.2239216 -0.07036461
vt 0.23318 -0.01493551
vt 0.2351896 -0.0138172
vt 0.2331966 -0.0126372
vt 0.2311871 -0.01375552
vt 0.112686 -0.0298161
vt 0.1106145 -0.03246968
vt 0.1096859 -0.03108406
vt 0.1117575 -0.02843047
vt -0.05480922 -0.09785439
vt -0.05660577 -0.101881
vt -0.05613462 -0.09997122
vt -0.05433806 -0.09594457
vt -0.1705888 -0.1097699
vt -0.1689418 -0.1130735
vt -0.1675039 -0.1111395
vt -0.1691509 -0.1078359
vt -0.2349648 -0.07706071
vt -0.2310728 -0.07966955
vt -0.2290681 -0.07805818
vt -0.2329602 -0.07544935
vt -0.2306013 -0.02625864
vt -0.2285918 -0.02737696
vt -0.2265988 -0.02619695
vt -0.2286084 -0.02507863
vt -0.1100538 -0.04346731
vt -0.1121254 -0.04081372
vt -0.1111968 -0.03942809
vt -0.1091253 -0.04208168
vt 0.04546632 -0.1032894
vt 0.04366977 -0.09926273
vt 0.04319863 -0.0973529
vt 0.04499517 -0.1013795
vt 0.195159 0.009684122
vt 0.1985126 0.006434008
vt 0.2030759 0.005775432
vt 0.2071059 0.007959934
vt 0.2090634 0.01215311
vt 0.2082006 0.01675333
vt 0.2048471 0.02000343
vt 0.2002838 0.02066202
vt 0.1962537 0.01847751
vt 0.1942963 0.01428432
vt -0.1925312 0.01515938
vt -0.1944886 0.01935256
vt -0.1985187 0.02153706
vt -0.203082 0.02087849
vt -0.2064355 0.01762837
vt -0.2072983 0.01302816
vt -0.2053408 0.008834977
vt -0.2013108 0.00665048
vt -0.1967475 0.007309062
vt -0.1933939 0.01055918
vt -0.1528095 -0.06029519
vt -0.1544764 -0.0570082
vt -0.1535298 -0.056231
vt -0.151863 -0.059518
vt -0.04493741 -0.1548105
vt -0.04668033 -0.1512304
vt -0.04603381 -0.1501895
vt -0.04429088 -0.1537696
vt 0.1314101 -0.1657064
vt 0.1332016 -0.1639505
vt 0.133109 -0.16271
vt 0.1313175 -0.1644659
vt 0.2362035 -0.0448554
vt 0.239607 -0.04165071
vt 0.238802 -0.0406904
vt 0.2353985 -0.0438951
vt 0.2205444 0.007741789
vt 0.2215011 0.008865434
vt 0.2204962 0.009595904
vt 0.2195395 0.008472254
vt 0.1558369 -0.04791747
vt 0.15417 -0.05120447
vt 0.1532235 -0.05042728
vt 0.1548903 -0.04714028
vt 0.03804815 -0.1546424
vt 0.03630523 -0.1582225
vt 0.03565872 -0.1571816
vt 0.03740165 -0.1536015
vt -0.1465042 -0.1669436
vt -0.1447126 -0.1686996
vt -0.14462 -0.167459
vt -0.1464116 -0.1657031
vt -0.2421034 -0.0456494
vt -0.2387 -0.04885411
vt -0.2378949 -0.04789379
vt -0.2412984 -0.04468909
vt -0.2168076 -0.004080624
vt -0.2158509 -0.005204257
vt -0.2148461 -0.004473788
vt -0.2158027 -0.003350148
vt 0.2042731 0.02023723
vt 0.2083316 0.02197242
vt 0.2105395 0.02591155
vt 0.2100536 0.03055001
vt 0.2070593 0.03411607
vt 0.2027005 0.0352476
vt 0.198642 0.03351241
vt 0.1964341 0.02957329
vt 0.1969201 0.02493482
vt 0.1999143 0.02136878
vt -0.1994461 0.02163055
vt -0.1964518 0.0251966
vt -0.1959659 0.02983506
vt -0.1981738 0.03377418
vt -0.2022322 0.03550937
vt -0.206591 0.03437783
vt -0.2095853 0.03081178
vt -0.2100713 0.02617333
vt -0.2078634 0.02223419
vt -0.2038049 0.02049901
vt -0.1662674 -0.0559795
vt -0.1681723 -0.05174091
vt -0.1691033 -0.05256426
vt -0.1671984 -0.05680286
vt -0.05861214 -0.1575114
vt -0.06111845 -0.1535982
vt -0.06188272 -0.1545783
vt -0.05937641 -0.1584914
vt 0.1287225 -0.1743648
vt 0.1243672 -0.1727442
vt 0.1242268 -0.1739791
vt 0.1285821 -0.1755997
vt 0.2381373 -0.04761356
vt 0.2339566 -0.04964245
vt 0.234562 -0.05072786
vt 0.2387427 -0.04869897
vt 0.2226369 0.002669252
vt 0.2199175 -0.001098947
vt 0.2208061 -0.001967818
vt 0.2235255 0.001800373
vt 0.1660343 -0.0507801
vt 0.1641293 -0.05501869
vt 0.1650603 -0.05584204
vt 0.1669652 -0.05160344
vt 0.06173077 -0.1539912
vt 0.05922444 -0.1579043
vt 0.05998871 -0.1588844
vt 0.06249503 -0.1549712
vt -0.1231632 -0.1759799
vt -0.1275184 -0.1776005
vt -0.127378 -0.1788353
vt -0.1230228 -0.1772147
vt -0.2360268 -0.05390787
vt -0.2402075 -0.05187896
vt -0.240813 -0.05296437
vt -0.2366323 -0.05499327
vt -0.2234504 -0.003648629
vt -0.2261699 0.0001195647
vt -0.2270585 -0.0007493146
vt -0.2243391 -0.004517504
vt 0.2007244 0.02817191
vt 0.2004605 0.03281141
vt 0.19752 0.03640974
vt 0.1930261 0.03759246
vt 0.1886952 0.03590783
vt 0.1861816 0.03199932
vt 0.1864455 0.02735982
vt 0.189386 0.02376149
vt 0.1938799 0.02257876
vt 0.1982108 0.02426339
vt -0.1979957 0.02462111
vt -0.1936648 0.02293647
vt -0.1891709 0.02411921
vt -0.1862304 0.02771753
vt -0.1859665 0.03235703
vt -0.1884801 0.03626555
vt -0.1928109 0.03795018
vt -0.1973049 0.03676745
vt -0.2002454 0.03316912
vt -0.2005093 0.02852963
vt -0.08709865 -0.06094404
vt -0.08945946 -0.05674387
vt -0.08826498 -0.05667155
vt -0.08590417 -0.06087172
vt -0.05559446 -0.1783321
vt -0.0568025 -0.1755715
vt -0.05571359 -0.1750323
vt -0.05450555 -0.1777928
vt 0.1317158 -0.1943866
vt 0.1345232 -0.195146
vt 0.134672 -0.1938481
vt 0.1318647 -0.1930886
vt 0.1561714 0.1463041
vt 0.1560319 0.1511904
vt 0.1547071 0.151016
vt 0.1548466 0.1461297
vt 0.1136359 0.08062937
vt 0.1116208 0.08115497
vt 0.1103659 0.08093306
vt 0.1123809 0.08040746
vt 0.08640058 -0.05016728
vt 0.08403978 -0.05436746
vt 0.08284531 -0.05429514
vt 0.08520611 -0.05009496
vt 0.0480109 -0.1847575
vt 0.04680287 -0.1875181
vt 0.04571395 -0.1869788
vt 0.04692199 -0.1842183
vt -0.1472655 -0.1959035
vt -0.1444582 -0.1951441
vt -0.144607 -0.1938461
vt -0.1474144 -0.1946056
vt -0.1511294 0.1474462
vt -0.1512689 0.1425599
vt -0.1499441 0.1423855
vt -0.1498045 0.1472717
vt -0.1091281 0.06585149
vt -0.1111432 0.0653259
vt -0.1098882 0.06510399
vt -0.1078732 0.06562958
vt 0.1894437 0.02540798
vt 0.1942593 0.02664874
vt 0.1974032 0.03051838
vt 0.1976747 0.03553883
vt 0.19497 0.03979245
vt 0.1903223 0.04165449
vt 0.1855067 0.04041373
vt 0.1823628 0.0365441
vt 0.1820913 0.03152364
vt 0.184796 0.02727002
vt -0.184554 0.02677221
vt -0.1818494 0.03102583
vt -0.1821208 0.03604628
vt -0.1852648 0.03991593
vt -0.1900803 0.04115668
vt -0.194728 0.03929463
vt -0.1974327 0.03504101
vt -0.1971612 0.03002056
vt -0.1940173 0.02615092
vt -0.1892018 0.02491016
vt -0.09889488 -0.06042131
vt -0.1008028 -0.05579861
vt -0.1021158 -0.05599492
vt -0.1002079 -0.06061763
vt -0.07071573 -0.182371
vt -0.07324648 -0.1780577
vt -0.0745436 -0.1783405
vt -0.07201284 -0.1826538
vt 0.1313715 -0.2030927
vt 0.1265408 -0.2017989
vt 0.1258733 -0.2029465
vt 0.130704 -0.2042402
vt 0.1572647 0.1457027
vt 0.1564347 0.1407711
vt 0.1577105 0.1404038
vt 0.1585405 0.1453354
vt 0.1239913 0.06877531
vt 0.1228046 0.06391719
vt 0.124115 0.06370458
vt 0.1253017 0.0685627
vt 0.1036962 -0.05699276
vt 0.1017883 -0.06161547
vt 0.1031013 -0.06181179
vt 0.1050092 -0.05718908
vt 0.07349974 -0.1782072
vt 0.07096897 -0.1825205
vt 0.07226609 -0.1828033
vt 0.07479686 -0.17849
vt -0.1272321 -0.1992138
vt -0.1320628 -0.2005075
vt -0.1313953 -0.2016551
vt -0.1265646 -0.2003613
vt -0.1520053 0.1415177
vt -0.1528353 0.1464493
vt -0.1541111 0.1460819
vt -0.1532811 0.1411504
vt -0.1182888 0.06502018
vt -0.1194755 0.06987829
vt -0.120786 0.06966569
vt -0.1195993 0.06480757
vt 0.1863916 0.03271764
vt 0.1850674 0.03754009
vt 0.1811616 0.04066323
vt 0.176166 0.04089411
vt 0.1719888 0.03814455
vt 0.1702254 0.03346478
vt 0.1715496 0.02864233
vt 0.1754554 0.02551919
vt 0.180451 0.02528831
vt 0.1846283 0.02803787
vt -0.1849655 0.0277992
vt -0.1807883 0.02504964
vt -0.1757927 0.02528052
vt -0.1718868 0.02840365
vt -0.1705627 0.03322612
vt -0.172326 0.03790589
vt -0.1765033 0.04065545
vt -0.1814989 0.04042456
vt -0.1854047 0.03730142
vt -0.1867288 0.03247897
vt -0.2069902 -0.03882421
vt -0.2085249 -0.03406461
vt -0.2095571 -0.03610669
vt -0.2080223 -0.0408663
vt -0.03285816 -0.1213625
vt -0.03620616 -0.1176476
vt -0.03648542 -0.1199186
vt -0.03313743 -0.1236335
vt 0.1254225 -0.09658924
vt 0.1204717 -0.09588291
vt 0.1209612 -0.09811802
vt 0.1259121 -0.09882436
vt 0.2006141 -0.04427403
vt 0.1962085 -0.04664061
vt 0.1971063 -0.04874524
vt 0.2015118 -0.04637865
vt 0.233772 -0.007379922
vt 0.2311727 -0.0116523
vt 0.232283 -0.01365299
vt 0.2348823 -0.009380618
vt 0.205676 -0.03314599
vt 0.2041412 -0.0379056
vt 0.2051734 -0.03994768
vt 0.2067082 -0.03518807
vt 0.04085665 -0.1218393
vt 0.03750864 -0.1255542
vt 0.0377879 -0.1278252
vt 0.04113591 -0.1241103
vt -0.1190008 -0.1061929
vt -0.1239516 -0.1068992
vt -0.1244412 -0.1091343
vt -0.1194903 -0.108428
vt -0.2014625 -0.0564211
vt -0.205868 -0.05405451
vt -0.2067658 -0.05615913
vt -0.2023602 -0.05852572
vt -0.2391701 -0.01651788
vt -0.2417694 -0.0122455
vt -0.2428797 -0.01424619
vt -0.2402804 -0.01851857
vt 0.152659 0.05319847
vt 0.1517618 0.05811828
vt 0.1481442 0.06157116
vt 0.1431879 0.06223821
vt 0.1387861 0.05986464
vt 0.1366202 0.05535709
vt 0.1375173 0.05043727
vt 0.1411349 0.0469844
vt 0.1460912 0.04631735
vt 0.150493 0.04869091
vt -0.1498933 0.05023515
vt -0.1454915 0.04786159
vt -0.1405353 0.04852864
vt -0.1369176 0.05198151
vt -0.1360205 0.05690132
vt -0.1381865 0.06140888
vt -0.1425882 0.06378244
vt -0.1475445 0.06311539
vt -0.1511621 0.05966252
vt -0.1520593 0.05474271
vt -0.1941631 -0.04685851
vt -0.194933 -0.04269549
vt -0.1939037 -0.0406389
vt -0.1931337 -0.04480192
vt -0.02244398 -0.1187332
vt -0.02437289 -0.115077
vt -0.02423556 -0.1127807
vt -0.02230666 -0.1164368
vt 0.1278144 -0.09208371
vt 0.1299114 -0.08946653
vt 0.1292556 -0.08725645
vt 0.1271586 -0.08987363
vt 0.2046344 -0.04119859
vt 0.2093117 -0.03933211
vt 0.208268 -0.03727461
vt 0.2035907 -0.03914109
vt 0.2403873 -0.005082783
vt 0.2438772 -0.005700022
vt 0.2426652 -0.00373892
vt 0.2391753 -0.003121678
vt 0.2016149 -0.03588014
vt 0.2008449 -0.04004317
vt 0.1998155 -0.03798658
vt 0.2005856 -0.03382356
vt 0.01523473 -0.1195205
vt 0.01330583 -0.1231766
vt 0.01316853 -0.1208803
vt 0.01509741 -0.1172241
vt -0.1437011 -0.09577872
vt -0.1416041 -0.0983959
vt -0.1409484 -0.09618583
vt -0.1430453 -0.09356865
vt -0.2139566 -0.04950391
vt -0.2092792 -0.05137039
vt -0.2082355 -0.04931289
vt -0.2129129 -0.04744642
vt -0.2373584 -0.01919762
vt -0.2338685 -0.01858037
vt -0.2326565 -0.01661927
vt -0.2361464 -0.01723651
vt 0.158599 0.04844277
vt 0.1631066 0.05064438
vt 0.1654521 0.05508847
vt 0.1647397 0.06007756
vt 0.1612414 0.06370599
vt 0.1562935 0.06458782
vt 0.1517859 0.06238623
vt 0.1494403 0.05794213
vt 0.1501528 0.05295303
vt 0.1536511 0.04932461
vt -0.1528821 0.0507966
vt -0.1493838 0.05442503
vt -0.1486714 0.05941412
vt -0.1510169 0.06385821
vt -0.1555245 0.06605981
vt -0.1604724 0.06517798
vt -0.1639707 0.06154954
vt -0.1646832 0.05656045
vt -0.1623376 0.05211636
vt -0.15783 0.04991477
vt -0.1406289 -0.03203186
vt -0.1424795 -0.02738594
vt -0.1442944 -0.02718711
vt -0.1424437 -0.03183305
vt -0.1636878 -0.1343369
vt -0.1651945 -0.1295684
vt -0.166994 -0.12926
vt -0.1654873 -0.1340286
vt -0.2317124 0.06903724
vt -0.2276085 0.07189504
vt -0.2282048 0.07362062
vt -0.2323088 0.07076282
vt 0.1047493 0.1897657
vt 0.1057132 0.1848585
vt 0.1074982 0.1852423
vt 0.1065343 0.1901495
vt 0.1315606 0.09633841
vt 0.1306415 0.09142265
vt 0.1324539 0.09164265
vt 0.133373 0.09655841
vt 0.1446428 -0.0282477
vt 0.1427922 -0.03289364
vt 0.144607 -0.03269482
vt 0.1464577 -0.02804889
vt 0.1624289 -0.1286937
vt 0.1609222 -0.1334623
vt 0.1627217 -0.133154
vt 0.1642284 -0.1283854
vt 0.2239092 0.06658087
vt 0.2280132 0.06372304
vt 0.2286096 0.06544861
vt 0.2245056 0.06830644
vt -0.09835221 0.1834122
vt -0.0973883 0.1883194
vt -0.09917323 0.1887031
vt -0.1001371 0.183796
vt -0.1245538 0.09256059
vt -0.1254729 0.09747636
vt -0.1272853 0.09769636
vt -0.1263662 0.09278059
vt 0.1605791 0.0640622
vt 0.1593644 0.06891339
vt 0.1555302 0.07212406
vt 0.1505411 0.07246788
vt 0.1463027 0.0698135
vt 0.144434 0.06517482
vt 0.1456487 0.06032364
vt 0.1494829 0.05711296
vt 0.1544721 0.05676914
vt 0.1587104 0.05942351
vt -0.1591551 0.05865212
vt -0.1549167 0.05599774
vt -0.1499276 0.05634157
vt -0.1460934 0.05955224
vt -0.1448787 0.06440343
vt -0.1467474 0.06904211
vt -0.1509858 0.07169648
vt -0.1559749 0.07135267
vt -0.1598091 0.06814198
vt -0.1610238 0.0632908
vt -0.1295481 -0.03396936
vt -0.1317 -0.0298621
vt -0.1298771 -0.03005087
vt -0.1277252 -0.03415813
vt -0.1463935 -0.1374768
vt -0.1481669 -0.134572
vt -0.1463386 -0.1347122
vt -0.1445651 -0.1376169
vt -0.2336065 -0.005622666
vt -0.236536 -0.00655318
vt -0.2353419 -0.007951802
vt -0.2324124 -0.007021281
vt 0.103521 0.1899456
vt 0.1021748 0.1947251
vt 0.1003935 0.1942609
vt 0.1017397 0.1894815
vt 0.1225343 0.1073496
vt 0.1205634 0.1082793
vt 0.1187508 0.1079773
vt 0.1207217 0.1070477
vt 0.1317647 -0.02314693
vt 0.1296128 -0.02725419
vt 0.1277899 -0.02744296
vt 0.1299418 -0.0233357
vt 0.1455251 -0.1459892
vt 0.1437517 -0.148894
vt 0.1419233 -0.1490341
vt 0.1436968 -0.1461294
vt 0.2421404 -0.01919414
vt 0.239211 -0.0182636
vt 0.2380168 -0.01966221
vt 0.2409463 -0.02059276
vt -0.09537538 0.1903752
vt -0.09672152 0.1855958
vt -0.0949402 0.1851316
vt -0.09359407 0.1899111
vt -0.1169262 0.09326629
vt -0.1188971 0.09233664
vt -0.1170845 0.09203468
vt -0.1151136 0.09296433
vt 0.1643294 0.05778009
vt 0.1690964 0.05941629
vt 0.1719906 0.06354321
vt 0.1719064 0.06858452
vt 0.168876 0.07261462
vt 0.1640569 0.07409412
vt 0.1592898 0.07245793
vt 0.1563956 0.06833102
vt 0.1564799 0.06328969
vt 0.1595103 0.0592596
vt -0.1597876 0.0584005
vt -0.1567572 0.06243059
vt -0.156673 0.06747191
vt -0.1595671 0.07159883
vt -0.1643342 0.07323502
vt -0.1691533 0.07175551
vt -0.1721837 0.06772542
vt -0.1722679 0.0626841
vt -0.1693737 0.05855718
vt -0.1646067 0.05692099
vt -0.1237376 -0.04670211
vt -0.1255254 -0.04203165
vt -0.1266012 -0.04321451
vt -0.1248133 -0.04788496
vt 0.0105927 -0.1334936
vt 0.006763776 -0.1302766
vt 0.006067342 -0.1317158
vt 0.009896267 -0.1349328
vt 0.1657713 -0.1056845
vt 0.1607985 -0.1062143
vt 0.1608833 -0.1078109
vt 0.1658561 -0.1072811
vt 0.2349201 0.005218744
vt 0.2316932 0.001398191
vt 0.2325037 1.997546E-05
vt 0.2357306 0.003840528
vt 0.2082832 0.03943142
vt 0.2068102 0.03465234
vt 0.2079204 0.03350173
vt 0.2093934 0.03828081
vt 0.1287787 -0.0432773
vt 0.1269908 -0.04794775
vt 0.1280666 -0.04913061
vt 0.1298544 -0.04446016
vt -0.002389025 -0.1354834
vt -0.006217943 -0.1387003
vt -0.005521507 -0.1401395
vt -0.001692589 -0.1369226
vt -0.1615999 -0.1137363
vt -0.1665727 -0.1132065
vt -0.1666574 -0.1148031
vt -0.1616846 -0.1153329
vt -0.236253 -0.002453165
vt -0.2394799 0.001367378
vt -0.2402904 -1.082974E-05
vt -0.2370635 -0.003831389
vt -0.2085107 0.03412799
vt -0.2099837 0.03890707
vt -0.2110939 0.03775647
vt -0.2096209 0.03297738
vt 0.1546598 0.06381017
vt 0.1527497 0.06843196
vt 0.1484878 0.07104833
vt 0.143502 0.07065992
vt 0.1396966 0.06741508
vt 0.1385253 0.06255324
vt 0.1404354 0.05793145
vt 0.1446974 0.05531508
vt 0.1496832 0.05570348
vt 0.1534885 0.05894833
vt -0.1535122 0.05973728
vt -0.1497069 0.05649246
vt -0.144721 0.05610404
vt -0.1404591 0.05872041
vt -0.138549 0.06334221
vt -0.1397203 0.06820405
vt -0.1435256 0.07144888
vt -0.1485115 0.0718373
vt -0.1527734 0.06922092
vt -0.1546835 0.06459913
vt -0.1121428 -0.04834439
vt -0.1141862 -0.04377055
vt -0.1132562 -0.04263924
vt -0.1112127 -0.04721308
vt 0.0175361 -0.1267258
vt 0.01713006 -0.1238865
vt 0.01736498 -0.1223809
vt 0.01777101 -0.1252202
vt 0.1654605 -0.09933613
vt 0.169013 -0.09746572
vt 0.1683256 -0.09602486
vt 0.1647731 -0.09789526
vt 0.2358838 0.009567657
vt 0.2396579 0.01207396
vt 0.2383862 0.01305234
vt 0.2346121 0.01054604
vt 0.2053271 0.04604054
vt 0.2056376 0.04488505
vt 0.2043479 0.04569478
vt 0.2040374 0.04685028
vt 0.1121081 -0.04094294
vt 0.1100646 -0.04551677
vt 0.1091346 -0.04438546
vt 0.1111781 -0.03981163
vt -0.02963112 -0.1308579
vt -0.03003714 -0.1336972
vt -0.03027207 -0.1321916
vt -0.02986603 -0.1293523
vt -0.1800017 -0.1022777
vt -0.1764493 -0.1041481
vt -0.1757618 -0.1027073
vt -0.1793143 -0.1008368
vt -0.238335 0.00300434
vt -0.2345609 0.0004980423
vt -0.2332892 0.001476429
vt -0.2370633 0.003982726
vt -0.1999495 0.03075514
vt -0.199639 0.03191065
vt -0.1983493 0.03272038
vt -0.1986597 0.03156488
vt 0.1580112 0.05790335
vt 0.1629659 0.0588269
vt 0.1664305 0.0624875
vt 0.1670817 0.06748696
vt 0.1646707 0.07191563
vt 0.1601184 0.07408191
vt 0.1551638 0.07315836
vt 0.1516992 0.06949775
vt 0.151048 0.0644983
vt 0.153459 0.06006964
vt -0.1528663 0.06057067
vt -0.1504553 0.06499933
vt -0.1511064 0.06999879
vt -0.1545711 0.07365939
vt -0.1595257 0.07458293
vt -0.164078 0.07241665
vt -0.166489 0.06798799
vt -0.1658378 0.06298853
vt -0.1623732 0.05932793
vt -0.1574185 0.05840439
vt -0.1140007 0.004418711
vt -0.1160754 0.008968998
vt -0.1179519 0.008421033
vt -0.1158772 0.003870744
vt -0.06794705 -0.1254335
vt -0.07106544 -0.1215239
vt -0.07288644 -0.1222348
vt -0.06976805 -0.1261444
vt 0.1060688 -0.193123
vt 0.1011679 -0.1921277
vt 0.1001565 -0.1938006
vt 0.1050574 -0.1947958
vt 0.2072082 0.1172168
vt 0.205659 0.1124619
vt 0.2073092 0.1114139
vt 0.2088584 0.1161688
vt 0.1546123 0.1075554
vt 0.1533631 0.102713
vt 0.1552203 0.1021028
vt 0.1564695 0.1069452
vt 0.1204278 0.006984545
vt 0.1183532 0.002434251
vt 0.1202296 0.001886287
vt 0.1223043 0.00643658
vt 0.07313938 -0.1231783
vt 0.07002099 -0.127088
vt 0.07184198 -0.1277988
vt 0.07496037 -0.1238892
vt -0.101302 -0.1914685
vt -0.1062029 -0.1924637
vt -0.1051915 -0.1941366
vt -0.1002906 -0.1931414
vt -0.2021663 0.1135999
vt -0.2037155 0.1183548
vt -0.2053657 0.1173069
vt -0.2038165 0.1125519
vt -0.1483908 0.1039956
vt -0.14964 0.108838
vt -0.1514972 0.1082279
vt -0.150248 0.1033854
vt 0.1540558 0.0916279
vt 0.1528448 0.09648
vt 0.149013 0.09969361
vt 0.1440242 0.1000412
vt 0.1397838 0.09739009
vt 0.1379115 0.09275284
vt 0.1391226 0.08790074
vt 0.1429543 0.08468713
vt 0.1479432 0.0843395
vt 0.1521836 0.08699064
vt -0.1528346 0.08686467
vt -0.1485942 0.08421353
vt -0.1436053 0.08456115
vt -0.1397736 0.08777476
vt -0.1385626 0.09262686
vt -0.1404348 0.09726412
vt -0.1446752 0.09991526
vt -0.1496641 0.09956764
vt -0.1534958 0.09635402
vt -0.1547068 0.09150192
vt -0.105097 0.003212528
vt -0.107768 0.007098428
vt -0.1061884 0.007282475
vt -0.1035175 0.003396577
vt -0.05797714 -0.1207985
vt -0.05941423 -0.117732
vt -0.05814496 -0.1167278
vt -0.05670788 -0.1197943
vt 0.1063036 -0.1837935
vt 0.108927 -0.1840716
vt 0.1088686 -0.1822022
vt 0.1062452 -0.1819241
vt 0.207043 0.1141085
vt 0.2081252 0.1189254
vt 0.206159 0.1188828
vt 0.2050767 0.114066
vt 0.147071 0.1178455
vt 0.1452203 0.118776
vt 0.143443 0.1184618
vt 0.1452937 0.1175313
vt 0.1050106 0.01500179
vt 0.1023397 0.01111589
vt 0.1007602 0.01129994
vt 0.1034311 0.01518585
vt 0.04938304 -0.1246976
vt 0.04794597 -0.1277641
vt 0.0466767 -0.1267599
vt 0.04811378 -0.1236934
vt -0.1220539 -0.18569
vt -0.1194305 -0.1854119
vt -0.1193721 -0.1835425
vt -0.1219956 -0.1838206
vt -0.2035982 0.1168125
vt -0.2025159 0.1119957
vt -0.2005497 0.1119531
vt -0.2016319 0.1167699
vt -0.1414615 0.1037958
vt -0.1433122 0.1028653
vt -0.1415349 0.1025511
vt -0.1396843 0.1034816
vt 0.1582051 0.08523528
vt 0.1629835 0.08675756
vt 0.1659461 0.09081172
vt 0.1659612 0.09584924
vt 0.1630231 0.09994595
vt 0.158254 0.101537
vt 0.1534756 0.1000148
vt 0.150513 0.0959606
vt 0.1504979 0.09092309
vt 0.153436 0.08682638
vt -0.1529344 0.08616402
vt -0.1499963 0.09026073
vt -0.1500114 0.09529825
vt -0.152974 0.09935241
vt -0.1577524 0.1008747
vt -0.1625215 0.09928358
vt -0.1654596 0.09518687
vt -0.1654445 0.09014937
vt -0.1624819 0.08609519
vt -0.1577035 0.08457293
vt -0.04588596 0.0253694
vt -0.04842331 0.02967885
vt -0.04852342 0.02732433
vt -0.04598606 0.02301489
vt 0.08408207 0.02710722
vt 0.07970998 0.02953504
vt 0.07969629 0.02717844
vt 0.08406837 0.02475061
vt 0.1416934 0.03211127
vt 0.1367073 0.03172635
vt 0.1367424 0.02936997
vt 0.1417285 0.02975489
vt 0.1903972 0.03652399
vt 0.1864331 0.0334752
vt 0.1865174 0.03112006
vt 0.1904815 0.03416886
vt 0.2354778 0.042718
vt 0.2333827 0.03817704
vt 0.2335413 0.03582574
vt 0.2356363 0.04036669
vt 0.05667258 0.02482175
vt 0.05413523 0.02051229
vt 0.05423534 0.01815778
vt 0.0567727 0.02246723
vt -0.07317637 0.01776911
vt -0.07754844 0.01534128
vt -0.07753477 0.01298469
vt -0.07316267 0.01541251
vt -0.1377788 0.01784562
vt -0.142765 0.01823055
vt -0.1428 0.01587417
vt -0.1378139 0.01548925
vt -0.1944318 0.02307515
vt -0.1983959 0.02612395
vt -0.1984802 0.02376882
vt -0.1945161 0.02072002
vt -0.239798 0.03521723
vt -0.2418931 0.03975818
vt -0.2420516 0.03740688
vt -0.2399565 0.03286592
vt 0.1409562 0.1058237
vt 0.1390245 0.1104365
vt 0.1347504 0.1130329
vt 0.1297664 0.1126212
vt 0.1259763 0.1093587
vt 0.1248277 0.1044914
vt 0.1267594 0.09987858
vt 0.1310335 0.09728214
vt 0.1360175 0.09769384
vt 0.1398076 0.1009564
vt -0.1397783 0.1030888
vt -0.1359882 0.09982618
vt -0.1310042 0.09941448
vt -0.1267301 0.1020109
vt -0.1247985 0.1066237
vt -0.1259471 0.111491
vt -0.1297372 0.1147536
vt -0.1347212 0.1151653
vt -0.1389953 0.1125688
vt -0.1409269 0.107956
vt -0.03886069 0.02405563
vt -0.0417943 0.02813228
vt -0.04269064 0.02979598
vt -0.03975703 0.02571932
vt 0.08457185 0.0265771
vt 0.08470489 0.0311404
vt 0.08316197 0.03279144
vt 0.08302893 0.02822814
vt 0.1437084 0.03229948
vt 0.1471988 0.03569561
vt 0.1454932 0.03732951
vt 0.1420029 0.03393338
vt 0.1975058 0.03810253
vt 0.2022386 0.0390819
vt 0.2005175 0.04069689
vt 0.1957847 0.03971752
vt 0.2389386 0.04393274
vt 0.2404285 0.04206681
vt 0.2392503 0.04366983
vt 0.2377604 0.04553578
vt 0.03420148 0.03488564
vt 0.03126787 0.03080898
vt 0.03216421 0.03247268
vt 0.03509782 0.03654933
vt -0.09988262 0.02941348
vt -0.09974957 0.02485019
vt -0.09820665 0.02650124
vt -0.09833969 0.03106453
vt -0.1583604 0.02616791
vt -0.1548701 0.02277178
vt -0.1531645 0.02440569
vt -0.1566548 0.02780182
vt -0.2029928 0.02522827
vt -0.19826 0.0242489
vt -0.1965389 0.02586389
vt -0.2012717 0.02684326
vt -0.2326681 0.02894614
vt -0.2311782 0.03081208
vt -0.23 0.03241512
vt -0.2314899 0.03054916
vt 0.1442779 0.09877683
vt 0.1492291 0.09971636
vt 0.1526813 0.1033881
vt 0.1533159 0.1083895
vt 0.1508905 0.1128103
vt 0.1463314 0.1149618
vt 0.1413802 0.1140223
vt 0.137928 0.1103506
vt 0.1372934 0.1053491
vt 0.1397188 0.1009283
vt -0.1380239 0.1022757
vt -0.1355985 0.1066965
vt -0.1362331 0.1116979
vt -0.1396853 0.1153697
vt -0.1446365 0.1163092
vt -0.1491956 0.1141577
vt -0.151621 0.1097369
vt -0.1509864 0.1047355
vt -0.1475342 0.1010637
vt -0.142583 0.1001242
vt -0.001896628 0.05102365
vt -0.004632798 0.055256
vt -0.005483341 0.05600557
vt -0.002747163 0.05177324
vt 0.08639053 0.02302504
vt 0.08703108 0.02743017
vt 0.0857024 0.02833163
vt 0.08506186 0.0239265
vt 0.1592278 0.01146261
vt 0.1630456 0.01457123
vt 0.1614587 0.01545128
vt 0.157641 0.01234267
vt 0.2331715 0.03249364
vt 0.2367705 0.03425836
vt 0.2352006 0.03485147
vt 0.2316016 0.03308675
vt 0.1623188 0.1010062
vt 0.1601405 0.09993598
vt 0.1598171 0.1002822
vt 0.1619954 0.1013525
vt -0.006248485 0.0619506
vt -0.008984672 0.05771827
vt -0.008134116 0.05846783
vt -0.005397929 0.06270017
vt -0.1023212 0.02485516
vt -0.1016807 0.02045001
vt -0.100352 0.02135147
vt -0.1009925 0.02575661
vt -0.1726004 0.005836942
vt -0.1687826 0.002728336
vt -0.1671957 0.003608393
vt -0.1710135 0.006717002
vt -0.2342139 0.02249431
vt -0.2306149 0.0207296
vt -0.2290449 0.02132273
vt -0.2326439 0.02308742
vt -0.1576607 0.08537044
vt -0.159839 0.08644073
vt -0.1595156 0.08678695
vt -0.1573373 0.08571667
vt 0.1490881 0.1141746
vt 0.1540612 0.1145588
vt 0.1578337 0.1178188
vt 0.1589648 0.1227094
vt 0.1570224 0.1273627
vt 0.1527484 0.1300011
vt 0.1477754 0.129617
vt 0.1440029 0.126357
vt 0.1428718 0.1214663
vt 0.1448141 0.116813
vt -0.1432699 0.117296
vt -0.1413275 0.1219493
vt -0.1424585 0.1268399
vt -0.1462311 0.1301
vt -0.1512041 0.1304841
vt -0.1554781 0.1278457
vt -0.1574205 0.1231924
vt -0.1562894 0.1183017
vt -0.1525168 0.1150417
vt -0.1475438 0.1146576
vt -0.007179526 0.05077154
vt -0.01001103 0.05489368
vt -0.01065623 0.05319431
vt -0.007824732 0.04907216
vt 0.0847455 0.02106284
vt 0.08023473 0.0232221
vt 0.07963683 0.0215055
vt 0.08414762 0.01934624
vt 0.1562176 0.007966539
vt 0.1512638 0.007281317
vt 0.150791 0.00552613
vt 0.1557448 0.006211344
vt 0.2287987 0.02769943
vt 0.2251529 0.02427629
vt 0.2250038 0.02246467
vt 0.2286496 0.02588781
vt 0.1719547 0.09082263
vt 0.1701891 0.08614372
vt 0.1706648 0.08438931
vt 0.1724304 0.08906823
vt 0.01919586 0.04858462
vt 0.01636436 0.04446247
vt 0.01700957 0.04276308
vt 0.01984107 0.04688523
vt -0.07477705 0.01182076
vt -0.07928782 0.0096615
vt -0.07868992 0.007944898
vt -0.07417914 0.01010415
vt -0.1529257 -0.004733227
vt -0.1578795 -0.004048011
vt -0.1574067 -0.005803202
vt -0.1524529 -0.006488421
vt -0.2307763 0.01828691
vt -0.2344221 0.02171004
vt -0.234273 0.01989843
vt -0.2306273 0.01647529
vt -0.1665855 0.08750308
vt -0.1683511 0.092182
vt -0.1688268 0.09042759
vt -0.1670612 0.08574868
vt 0.1446929 0.1215587
vt 0.1424774 0.1260422
vt 0.1380498 0.1283671
vt 0.1331011 0.1276456
vt 0.1295217 0.1241531
vt 0.1286788 0.1192237
vt 0.1308943 0.1147402
vt 0.1353219 0.1124153
vt 0.1402705 0.1131369
vt 0.1438499 0.1166293
vt -0.144361 0.1180368
vt -0.1407816 0.1145443
vt -0.135833 0.1138228
vt -0.1314053 0.1161477
vt -0.1291899 0.1206312
vt -0.1300328 0.1255606
vt -0.1336122 0.129053
vt -0.1385608 0.1297746
vt -0.1429884 0.1274497
vt -0.1452039 0.1229662
vt 0.2532009 -0.2421711
vt 0.2563275 -0.2408512
vt 0.2547489 -0.2395062
vt 0.2516223 -0.2408261
vt 0.245718 0.1291515
vt 0.2446495 0.1333139
vt 0.2428963 0.1319205
vt 0.2439648 0.1277581
vt 0.1549504 0.03588947
vt 0.1518492 0.0356883
vt 0.1506458 0.0345441
vt 0.153747 0.03474527
vt 0.09326351 -0.1177373
vt 0.09047449 -0.1214285
vt 0.08963892 -0.1216906
vt 0.09242793 -0.1179994
vt 0.008618641 -0.2798739
vt 0.00805404 -0.282518
vt 0.007744442 -0.2815397
vt 0.008309038 -0.2788956
vt -0.2653355 -0.2370686
vt -0.2622089 -0.2383885
vt -0.2606303 -0.2370435
vt -0.2637569 -0.2357236
vt -0.2390172 0.1269751
vt -0.2400856 0.1228127
vt -0.2383324 0.1214193
vt -0.237264 0.1255817
vt -0.151337 0.0214539
vt -0.1544382 0.02165507
vt -0.1532348 0.02051086
vt -0.1501336 0.0203097
vt -0.09758805 -0.1280465
vt -0.100377 -0.1243553
vt -0.09954147 -0.1246174
vt -0.09675248 -0.1283085
vt -0.02077873 -0.278215
vt -0.02134335 -0.2755709
vt -0.02103374 -0.2745926
vt -0.02046913 -0.2772367
vt 0.1769628 0.02414217
vt 0.1793536 0.02015754
vt 0.1836061 0.01832855
vt 0.1880961 0.01935381
vt 0.1911086 0.02284172
vt 0.1914928 0.02746
vt 0.189102 0.03144462
vt 0.1848495 0.03327362
vt 0.1803595 0.03224835
vt 0.177347 0.02876045
vt -0.1763063 0.02755815
vt -0.1793187 0.03104605
vt -0.1838087 0.03207133
vt -0.1880613 0.03024234
vt -0.190452 0.0262577
vt -0.1900678 0.02163942
vt -0.1870554 0.01815151
vt -0.1825654 0.01712626
vt -0.1783128 0.01895524
vt -0.1759221 0.02293988
vt 0.2658768 -0.2326233
vt 0.261478 -0.2342176
vt 0.2608286 -0.2364402
vt 0.2652274 -0.2348459
vt 0.2386101 0.1381451
vt 0.2385168 0.1334607
vt 0.2405614 0.1323627
vt 0.2406547 0.1370471
vt 0.1396461 0.04176294
vt 0.138923 0.037134
vt 0.1411293 0.0364523
vt 0.1418524 0.04108123
vt 0.07693287 -0.1134256
vt 0.07449363 -0.1174227
vt 0.07666921 -0.1181622
vt 0.07910844 -0.1141651
vt -0.008173613 -0.2719109
vt -0.01215616 -0.2743505
vt -0.01013937 -0.2754522
vt -0.00615681 -0.2730127
vt -0.2607704 -0.2345187
vt -0.2651692 -0.2329243
vt -0.2645199 -0.2351469
vt -0.260121 -0.2367412
vt -0.2319807 0.1337135
vt -0.232074 0.1383979
vt -0.2341186 0.1372999
vt -0.2340253 0.1326155
vt -0.1295044 0.03875667
vt -0.1302275 0.04338562
vt -0.1324338 0.0427039
vt -0.1317107 0.03807496
vt -0.06599868 -0.1126805
vt -0.06843792 -0.1086834
vt -0.0706135 -0.1094229
vt -0.06817426 -0.11342
vt 0.01658941 -0.269069
vt 0.01260686 -0.2666294
vt 0.01059005 -0.2677312
vt 0.01457262 -0.2701707
vt 0.2052894 0.037567
vt 0.2006439 0.03740368
vt 0.1970028 0.03452484
vt 0.1957571 0.03003009
vt 0.1973824 0.02563628
vt 0.201258 0.0230217
vt 0.2059036 0.02318503
vt 0.2095447 0.02606387
vt 0.2107904 0.03055862
vt 0.2091651 0.03495242
vt -0.2103022 0.03478732
vt -0.2119276 0.03039353
vt -0.2106818 0.02589878
vt -0.2070408 0.02301994
vt -0.2023952 0.02285662
vt -0.1985196 0.02547119
vt -0.1968942 0.029865
vt -0.19814 0.03435974
vt -0.201781 0.03723858
vt -0.2064266 0.03740191
vt 0.1281031 -0.2044669
vt 0.1296349 -0.2011418
vt 0.1281241 -0.1992778
vt 0.1265924 -0.2026029
vt 0.2675529 -0.1600448
vt 0.271257 -0.1572394
vt 0.2691801 -0.1557585
vt 0.265476 -0.158564
vt 0.3412219 -0.07787864
vt 0.343126 -0.07673113
vt 0.3410951 -0.0756522
vt 0.3391909 -0.0767997
vt 0.25004 -0.08333056
vt 0.2480485 -0.08608408
vt 0.247096 -0.08469371
vt 0.2490876 -0.08194019
vt 0.04020986 -0.1785593
vt 0.03839966 -0.1825112
vt 0.03889644 -0.1805975
vt 0.04070665 -0.1766457
vt -0.1431378 -0.2047462
vt -0.1416061 -0.2080713
vt -0.1400954 -0.2062073
vt -0.1416271 -0.2028822
vt -0.2766758 -0.1646298
vt -0.2729717 -0.1674353
vt -0.2708948 -0.1659544
vt -0.2745989 -0.163149
vt -0.3392255 -0.0893952
vt -0.3373213 -0.09054271
vt -0.3352904 -0.08946378
vt -0.3371945 -0.08831627
vt -0.2478043 -0.09680302
vt -0.2497959 -0.09404951
vt -0.2488434 -0.09265913
vt -0.2468518 -0.09541265
vt -0.04949315 -0.1838835
vt -0.05130336 -0.1799316
vt -0.05180012 -0.1780179
vt -0.04998993 -0.1819698
vt 0.1867742 0.02362347
vt 0.19025 0.02056003
vt 0.1948064 0.02012056
vt 0.1987028 0.02247292
vt 0.2004512 0.0267186
vt 0.1993835 0.03123587
vt 0.1959077 0.03429932
vt 0.1913513 0.0347388
vt 0.1874548 0.03238643
vt 0.1857065 0.02814075
vt -0.183927 0.0289264
vt -0.1856753 0.03317207
vt -0.1895718 0.03552444
vt -0.1941281 0.03508496
vt -0.1976039 0.03202151
vt -0.1986716 0.02750423
vt -0.1969233 0.02325855
vt -0.1930268 0.0209062
vt -0.1884705 0.02134566
vt -0.1849947 0.02440911
vt 0.1589029 -0.1848579
vt 0.1543494 -0.183878
vt 0.1541366 -0.1864328
vt 0.1586901 -0.1874126
vt 0.2830221 -0.1441979
vt 0.278824 -0.1461887
vt 0.2791913 -0.148731
vt 0.2833894 -0.1467402
vt 0.3383035 -0.07314124
vt 0.3358748 -0.07712454
vt 0.3368148 -0.07951859
vt 0.3392435 -0.07553529
vt 0.2346766 -0.08268581
vt 0.2330153 -0.08706328
vt 0.234156 -0.08936161
vt 0.2358172 -0.08498414
vt 0.02594821 -0.1706566
vt 0.02277158 -0.1740907
vt 0.02353399 -0.1765354
vt 0.02671062 -0.1731013
vt -0.1510693 -0.1941279
vt -0.1556228 -0.1951077
vt -0.15541 -0.1976625
vt -0.1508565 -0.1966826
vt -0.281574 -0.1552872
vt -0.285772 -0.1532964
vt -0.2861393 -0.1558387
vt -0.2819412 -0.1578295
vt -0.3393201 -0.08070251
vt -0.3417488 -0.07671921
vt -0.3426888 -0.07911326
vt -0.3402601 -0.08309655
vt -0.2293853 -0.08625765
vt -0.2310465 -0.08188019
vt -0.2321872 -0.08417851
vt -0.2305259 -0.08855598
vt -0.01542574 -0.1681366
vt -0.01860237 -0.1647025
vt -0.01936478 -0.1671472
vt -0.01618816 -0.1705813
vt 0.2163006 0.03767116
vt 0.2118607 0.0390928
vt 0.2074593 0.03762467
vt 0.2047775 0.03382755
vt 0.2048397 0.0291518
vt 0.2076221 0.0253834
vt 0.212062 0.02396177
vt 0.2164634 0.0254299
vt 0.2191452 0.02922702
vt 0.219083 0.03390278
vt -0.2190654 0.03551524
vt -0.2191276 0.03083949
vt -0.2164458 0.02704236
vt -0.2120444 0.02557423
vt -0.2076046 0.02699588
vt -0.2048222 0.03076427
vt -0.20476 0.03544002
vt -0.2074418 0.03923713
vt -0.2118432 0.04070527
vt -0.216283 0.03928363
vt -0.2779567 -0.1049392
vt -0.2798106 -0.1006447
vt -0.2807488 -0.1014646
vt -0.2788948 -0.1057591
vt -0.1376829 -0.2357688
vt -0.1405306 -0.2320573
vt -0.1412009 -0.2331072
vt -0.1383533 -0.2368186
vt 0.133857 -0.2769548
vt 0.1292801 -0.2760259
vt 0.1293423 -0.2772747
vt 0.1339191 -0.2782036
vt 0.3181314 -0.1276124
vt 0.3142393 -0.1301814
vt 0.3149885 -0.131186
vt 0.3188806 -0.128617
vt 0.3341716 -0.0494158
vt 0.3317768 -0.05342407
vt 0.3327383 -0.05422378
vt 0.3351332 -0.05021552
vt 0.279696 -0.09968152
vt 0.2778421 -0.103976
vt 0.2787803 -0.1047959
vt 0.2806342 -0.1005014
vt 0.1431463 -0.2330593
vt 0.1402986 -0.2367708
vt 0.1409689 -0.2378207
vt 0.1438166 -0.2341092
vt -0.1272617 -0.2804242
vt -0.1318385 -0.2813531
vt -0.1319007 -0.282602
vt -0.1273238 -0.2816731
vt -0.3158283 -0.1349746
vt -0.3197204 -0.1324055
vt -0.3204696 -0.1334101
vt -0.3165775 -0.1359791
vt -0.3340344 -0.05613658
vt -0.3364292 -0.05212832
vt -0.3373908 -0.05292802
vt -0.334996 -0.05693628
vt 0.2282805 0.05039986
vt 0.2280611 0.05507225
vt 0.2251541 0.05874471
vt 0.2206699 0.06001445
vt 0.2163212 0.05839651
vt 0.2137691 0.05450888
vt 0.2139885 0.0498365
vt 0.2168955 0.04616405
vt 0.2213797 0.04489429
vt 0.2257284 0.04651223
vt -0.2253694 0.04680058
vt -0.2210207 0.04518264
vt -0.2165365 0.04645241
vt -0.2136295 0.05012485
vt -0.2134101 0.05479722
vt -0.2159622 0.05868486
vt -0.2203109 0.0603028
vt -0.2247951 0.05903304
vt -0.2277021 0.05536059
vt -0.2279214 0.05068821
vt -0.2915415 -0.1073007
vt -0.293087 -0.1039251
vt -0.2921227 -0.1031817
vt -0.2905773 -0.1065573
vt -0.1700809 -0.2332892
vt -0.171764 -0.2297736
vt -0.1711168 -0.2287413
vt -0.1694336 -0.2322569
vt 0.1031559 -0.2912373
vt 0.1048859 -0.2894102
vt 0.1047139 -0.2881873
vt 0.1029838 -0.2900144
vt 0.3095427 -0.1413391
vt 0.3126535 -0.1379096
vt 0.3117829 -0.1370226
vt 0.3086721 -0.1404522
vt 0.339165 -0.05221432
vt 0.3400308 -0.05113541
vt 0.3389987 -0.05046079
vt 0.3381329 -0.05153969
vt 0.2941014 -0.09510569
vt 0.2925559 -0.0984813
vt 0.2915917 -0.09773789
vt 0.2931371 -0.09436227
vt 0.1631487 -0.233434
vt 0.1614656 -0.2369496
vt 0.1608183 -0.2359172
vt 0.1625015 -0.2324017
vt -0.1181587 -0.2915088
vt -0.1164286 -0.2933359
vt -0.1162566 -0.292113
vt -0.1179866 -0.2902859
vt -0.315251 -0.1418207
vt -0.3121402 -0.1452503
vt -0.3112696 -0.1443634
vt -0.3143803 -0.1409338
vt -0.3360283 -0.06427726
vt -0.3351625 -0.06535617
vt -0.3341303 -0.06468154
vt -0.3349962 -0.06360263
vt 0.2029027 0.04234374
vt 0.2068462 0.04426529
vt 0.2088439 0.04827712
vt 0.2081327 0.05284682
vt 0.2049843 0.05622895
vt 0.2006012 0.05713163
vt 0.1966577 0.05521006
vt 0.19466 0.05119824
vt 0.1953712 0.04662853
vt 0.1985196 0.04324641
vt -0.1980505 0.04348147
vt -0.1949021 0.04686359
vt -0.1941909 0.05143329
vt -0.1961886 0.05544512
vt -0.2001321 0.05736668
vt -0.2045151 0.056464
vt -0.2076635 0.05308188
vt -0.2083747 0.04851216
vt -0.206377 0.04450034
vt -0.2024335 0.04257879
vt -0.1961727 -0.116165
vt -0.1981414 -0.1115262
vt -0.1994486 -0.1117383
vt -0.1974799 -0.1163771
vt -0.145788 -0.2685414
vt -0.148883 -0.2645683
vt -0.1501289 -0.2650223
vt -0.1470339 -0.2689955
vt 0.1949261 -0.2865276
vt 0.1899119 -0.2870452
vt 0.1896977 -0.2883631
vt 0.1947118 -0.2878455
vt 0.2808485 0.1295579
vt 0.2804187 0.1245338
vt 0.2817306 0.1242693
vt 0.2821605 0.1292934
vt 0.2350425 0.04284304
vt 0.2341704 0.03787665
vt 0.2354964 0.03775008
vt 0.2363684 0.04271647
vt 0.2031981 -0.1131138
vt 0.2012294 -0.1177527
vt 0.2025366 -0.1179648
vt 0.2045053 -0.113326
vt 0.1511429 -0.2653772
vt 0.1480478 -0.2693503
vt 0.1492937 -0.2698044
vt 0.1523887 -0.2658313
vt -0.189344 -0.2854239
vt -0.1943581 -0.2849062
vt -0.1941438 -0.2862242
vt -0.1891297 -0.2867418
vt -0.2756303 0.1249583
vt -0.2760601 0.1299824
vt -0.2773721 0.1297179
vt -0.2769423 0.1246938
vt -0.2281194 0.03886818
vt -0.2289914 0.04383458
vt -0.2303174 0.04370799
vt -0.2294453 0.0387416
vt 0.2083523 0.04371205
vt 0.207027 0.04857499
vt 0.2031204 0.05174933
vt 0.1981246 0.05202256
vt 0.1939478 0.04929031
vt 0.1921855 0.04459623
vt 0.1935107 0.03973328
vt 0.1974173 0.03655895
vt 0.2024131 0.03628573
vt 0.2065899 0.03901797
vt -0.2067647 0.03869274
vt -0.2025879 0.0359605
vt -0.1975921 0.03623372
vt -0.1936855 0.03940805
vt -0.1923603 0.044271
vt -0.1941226 0.04896508
vt -0.1982994 0.05169732
vt -0.2032952 0.0514241
vt -0.2072018 0.04824976
vt -0.2085271 0.04338682
vt -0.2204483 -0.1220328
vt -0.2227179 -0.1177954
vt -0.2215342 -0.1177332
vt -0.2192647 -0.1219706
vt -0.1817332 -0.256465
vt -0.1828774 -0.2537971
vt -0.1817982 -0.2532595
vt -0.180654 -0.2559274
vt 0.1854628 -0.2882434
vt 0.1884307 -0.2880948
vt 0.1881657 -0.2868253
vt 0.1851978 -0.2869738
vt 0.2843254 0.1229008
vt 0.2838846 0.1277015
vt 0.282584 0.1274489
vt 0.2830248 0.1226482
vt 0.2472376 0.03954617
vt 0.2452228 0.03991819
vt 0.2439847 0.03967387
vt 0.2459995 0.03930185
vt 0.219516 -0.1116113
vt 0.2172465 -0.1158487
vt 0.2160628 -0.1157864
vt 0.2183324 -0.1115491
vt 0.1741523 -0.2631415
vt 0.1730081 -0.2658095
vt 0.1719289 -0.2652718
vt 0.173073 -0.2626038
vt -0.2004881 -0.2848925
vt -0.1975202 -0.285041
vt -0.1972553 -0.2837715
vt -0.2002232 -0.283623
vt -0.2792465 0.1233921
vt -0.2796874 0.1185914
vt -0.2783869 0.1183388
vt -0.277946 0.1231395
vt -0.2431529 0.02467
vt -0.2451677 0.02429799
vt -0.2439297 0.02405366
vt -0.2419149 0.02442568
vt 0.1812244 0.03084772
vt 0.1859436 0.03229395
vt 0.1888881 0.03626956
vt 0.1889332 0.04125599
vt 0.1860616 0.0453486
vt 0.1813703 0.04698415
vt 0.176651 0.04553792
vt 0.1737066 0.04156232
vt 0.1736615 0.03657588
vt 0.1765331 0.03248327
vt -0.1763216 0.03197977
vt -0.1734501 0.03607238
vt -0.1734951 0.04105882
vt -0.1764396 0.04503442
vt -0.1811588 0.04648065
vt -0.1858502 0.0448451
vt -0.1887218 0.04075249
vt -0.1886767 0.03576605
vt -0.1857322 0.03179045
vt -0.181013 0.03034422
vt -0.3266255 -0.07860868
vt -0.3272112 -0.07439595
vt -0.3261031 -0.07239909
vt -0.3255174 -0.0766118
vt -0.1346397 -0.2065231
vt -0.1365362 -0.2029521
vt -0.1364061 -0.2006717
vt -0.1345096 -0.2042426
vt 0.0962275 -0.1956164
vt 0.09824301 -0.1929583
vt 0.09750246 -0.1907945
vt 0.09548695 -0.1934526
vt 0.232599 -0.1224605
vt 0.2371377 -0.1203702
vt 0.235998 -0.1183861
vt 0.2314594 -0.1204764
vt 0.3202704 -0.0537388
vt 0.3237449 -0.05421371
vt 0.3224427 -0.05233357
vt 0.3189682 -0.05185866
vt 0.3335323 -0.06760608
vt 0.3329466 -0.07181879
vt 0.3318385 -0.06982192
vt 0.3324242 -0.06560921
vt 0.127367 -0.2075431
vt 0.1254704 -0.211114
vt 0.1253404 -0.2088336
vt 0.1272369 -0.2052626
vt -0.1121248 -0.1986344
vt -0.1101093 -0.2012925
vt -0.1093687 -0.1991286
vt -0.1113842 -0.1964705
vt -0.2421655 -0.1302509
vt -0.2376269 -0.1323411
vt -0.2364872 -0.130357
vt -0.2410259 -0.1282668
vt -0.3179764 -0.06797098
vt -0.3145019 -0.06749608
vt -0.3131997 -0.06561592
vt -0.3166742 -0.06609083
vt 0.1274647 0.04966827
vt 0.1318436 0.05202346
vt 0.1339931 0.05651721
vt 0.133092 0.06143304
vt 0.1294847 0.06489329
vt 0.1245489 0.06557626
vt 0.12017 0.06322105
vt 0.1180205 0.05872732
vt 0.1189216 0.05381148
vt 0.1225289 0.05035123
vt -0.1217172 0.05178633
vt -0.1181099 0.05524657
vt -0.1172088 0.06016241
vt -0.1193583 0.06465615
vt -0.1237372 0.06701134
vt -0.1286729 0.06632838
vt -0.1322803 0.06286813
vt -0.1331813 0.0579523
vt -0.1310319 0.05345855
vt -0.126653 0.05110336
vt -0.3209346 -0.08087011
vt -0.3224536 -0.07607109
vt -0.3234882 -0.07812957
vt -0.3219691 -0.08292861
vt -0.1010468 -0.2007741
vt -0.1046901 -0.1973062
vt -0.1047765 -0.1996085
vt -0.1011332 -0.2030764
vt 0.1272557 -0.1761978
vt 0.1222552 -0.1759655
vt 0.1229751 -0.1781565
vt 0.1279756 -0.1783887
vt 0.250011 -0.1067158
vt 0.2458397 -0.109462
vt 0.2469297 -0.1114954
vt 0.251101 -0.1087491
vt 0.3227923 -0.05041211
vt 0.3204798 -0.05486009
vt 0.321719 -0.05680527
vt 0.3240315 -0.05235731
vt 0.3218409 -0.0749214
vt 0.3203219 -0.07972042
vt 0.3213564 -0.08177891
vt 0.3228754 -0.07697988
vt 0.1109567 -0.202539
vt 0.1073134 -0.2060069
vt 0.1073998 -0.2083092
vt 0.1110431 -0.2048413
vt -0.1204567 -0.1872286
vt -0.1254572 -0.1874608
vt -0.126177 -0.1896517
vt -0.1211765 -0.1894195
vt -0.2506904 -0.1195534
vt -0.2548617 -0.1168072
vt -0.2559517 -0.1188405
vt -0.2517804 -0.1215867
vt -0.3271912 -0.0599389
vt -0.3295036 -0.05549094
vt -0.3307429 -0.05743613
vt -0.3284304 -0.06188409
vt 0.1550958 0.06491876
vt 0.1542201 0.06988005
vt 0.1506161 0.07339962
vt 0.1456604 0.07413305
vt 0.1412458 0.07180026
vt 0.1390586 0.06729227
vt 0.1399343 0.06233098
vt 0.1435383 0.05881143
vt 0.1484941 0.05807798
vt 0.1529087 0.06041077
vt -0.1521182 0.06186995
vt -0.1477036 0.05953715
vt -0.1427478 0.06027061
vt -0.1391438 0.06379016
vt -0.1382682 0.06875145
vt -0.1404553 0.07325944
vt -0.1448699 0.07559223
vt -0.1498257 0.07485878
vt -0.1534297 0.07133923
vt -0.1543053 0.06637794
vt -0.266391 -0.08906454
vt -0.2684276 -0.08489791
vt -0.2666256 -0.0851268
vt -0.2645889 -0.08929344
vt -0.2897308 -0.1655256
vt -0.2913526 -0.1626493
vt -0.2895475 -0.1628652
vt -0.2879257 -0.1657416
vt -0.1798434 0.2846662
vt -0.1826974 0.285933
vt -0.1827518 0.28411
vt -0.1798978 0.2828432
vt 0.2303239 0.1955841
vt 0.2288632 0.2002671
vt 0.2271098 0.1997588
vt 0.2285704 0.1950758
vt 0.2548474 0.07004263
vt 0.2528687 0.07081992
vt 0.2510792 0.07047723
vt 0.2530579 0.06969995
vt 0.2682831 -0.07853461
vt 0.2662464 -0.08270124
vt 0.2644443 -0.08293013
vt 0.266481 -0.07876351
vt 0.2892192 -0.1742906
vt 0.2875974 -0.177167
vt 0.2857923 -0.1773829
vt 0.2874141 -0.1745066
vt 0.1950903 0.2803987
vt 0.1922363 0.2791319
vt 0.1922906 0.277309
vt 0.1951446 0.2785758
vt -0.2222969 0.1955021
vt -0.2237576 0.1908191
vt -0.2220041 0.1903108
vt -0.2205435 0.1949938
vt -0.2496405 0.05581556
vt -0.2516192 0.05503828
vt -0.2498297 0.05469561
vt -0.247851 0.05547289
vt 0.1437434 0.06045012
vt 0.1483988 0.06227215
vt 0.1510937 0.06648342
vt 0.1507986 0.07147536
vt 0.1476262 0.07534122
vt 0.1427883 0.07660438
vt 0.1381328 0.07478236
vt 0.135438 0.07057109
vt 0.1357331 0.06557915
vt 0.1389055 0.06171329
vt -0.1392241 0.06087723
vt -0.1360517 0.06474309
vt -0.1357566 0.06973504
vt -0.1384514 0.07394629
vt -0.1431069 0.07576832
vt -0.1479448 0.07450516
vt -0.1511172 0.0706393
vt -0.1514123 0.06564735
vt -0.1487175 0.06143609
vt -0.144062 0.05961405
vt -0.2461213 -0.08584465
vt -0.2480012 -0.0811704
vt -0.2498132 -0.08097945
vt -0.2479334 -0.08565369
vt -0.2645298 -0.1966889
vt -0.2666413 -0.1921146
vt -0.2684642 -0.1920378
vt -0.2663527 -0.1966121
vt -0.2649571 0.219287
vt -0.2605515 0.22174
vt -0.2609733 0.2235276
vt -0.2653788 0.2210746
vt 0.2232479 0.2061194
vt 0.2245017 0.2012372
vt 0.226276 0.2017274
vt 0.2250222 0.2066096
vt 0.2425863 0.07500499
vt 0.2419949 0.06999739
vt 0.2437956 0.07034304
vt 0.2443869 0.07535066
vt 0.2523705 -0.0822658
vt 0.2504907 -0.08694007
vt 0.2523028 -0.08674911
vt 0.2541827 -0.08207486
vt 0.266052 -0.1911337
vt 0.2639405 -0.195708
vt 0.2657635 -0.1956312
vt 0.2678749 -0.191057
vt 0.2579057 0.2169098
vt 0.2623112 0.2144568
vt 0.2627329 0.2162443
vt 0.2583274 0.2186973
vt -0.2169184 0.199664
vt -0.2156646 0.2045462
vt -0.2174389 0.2050364
vt -0.2186927 0.2001542
vt -0.2344897 0.07092549
vt -0.235081 0.0759331
vt -0.2368816 0.07627877
vt -0.2362904 0.07127116
vt 0.1729957 0.07579906
vt 0.1717896 0.08069228
vt 0.1679603 0.08396148
vt 0.1629705 0.08435792
vt 0.1587262 0.08173019
vt 0.1568484 0.07708198
vt 0.1580546 0.07218875
vt 0.1618839 0.06891956
vt 0.1668736 0.06852311
vt 0.171118 0.07115085
vt -0.171359 0.07026629
vt -0.1671146 0.06763856
vt -0.1621248 0.068035
vt -0.1582955 0.07130419
vt -0.1570894 0.07619743
vt -0.1589671 0.08084564
vt -0.1632115 0.08347337
vt -0.1682013 0.08307692
vt -0.1720306 0.07980773
vt -0.1732367 0.0749145
vt -0.2460629 -0.1100732
vt -0.2480019 -0.1054872
vt -0.2470602 -0.1043699
vt -0.2451212 -0.1089559
vt -0.06757272 -0.235564
vt -0.06799001 -0.2328156
vt -0.06779819 -0.2313103
vt -0.06738091 -0.2340588
vt 0.1798856 -0.2204048
vt 0.1833109 -0.2182887
vt 0.1825207 -0.2169148
vt 0.1790954 -0.2190309
vt 0.3271868 -0.07300011
vt 0.3307247 -0.07029323
vt 0.3294007 -0.0694105
vt 0.3258629 -0.07211737
vt 0.3348927 -0.004825656
vt 0.3352336 -0.006057759
vt 0.3339231 -0.005299155
vt 0.3335822 -0.004067037
vt 0.2458253 -0.1030361
vt 0.2438864 -0.1076221
vt 0.2429447 -0.1065048
vt 0.2448837 -0.1019188
vt 0.05536265 -0.2395196
vt 0.05494536 -0.2422681
vt 0.05475353 -0.2407628
vt 0.05517083 -0.2380143
vt -0.1943695 -0.2222452
vt -0.1909443 -0.2243613
vt -0.1901541 -0.2229874
vt -0.1935793 -0.2208713
vt -0.3299094 -0.07953809
vt -0.3263716 -0.08224498
vt -0.3250478 -0.08136225
vt -0.3285856 -0.07865538
vt -0.330204 -0.02023479
vt -0.329863 -0.01900266
vt -0.3285525 -0.01824405
vt -0.3288935 -0.01947616
vt 0.13835 0.04945775
vt 0.1432221 0.05057241
vt 0.1465072 0.05433929
vt 0.1469505 0.05931957
vt 0.1443827 0.06361097
vt 0.1397847 0.0655743
vt 0.1349126 0.06445964
vt 0.1316275 0.06069276
vt 0.1311842 0.05571247
vt 0.1337519 0.05142108
vt -0.133149 0.05189671
vt -0.1305813 0.0561881
vt -0.1310246 0.06116838
vt -0.1343097 0.06493527
vt -0.1391818 0.06604992
vt -0.1437798 0.06408659
vt -0.1463476 0.0597952
vt -0.1459043 0.05481492
vt -0.1426192 0.05104803
vt -0.1377471 0.04993338
vt -0.2224689 -0.1078619
vt -0.2244044 -0.1032092
vt -0.2254378 -0.104433
vt -0.2235023 -0.1090857
vt -0.0305633 -0.2275734
vt -0.03476069 -0.2248038
vt -0.03527423 -0.2263238
vt -0.03107683 -0.2290935
vt 0.2032185 -0.2015932
vt 0.1983617 -0.2028448
vt 0.1986882 -0.2044213
vt 0.203545 -0.2031697
vt 0.3311967 -0.0620509
vt 0.328434 -0.06624544
vt 0.3294072 -0.06753057
vt 0.3321699 -0.06333605
vt 0.3264905 -0.005444718
vt 0.3253097 -0.01034166
vt 0.3264887 -0.01143393
vt 0.3276695 -0.006536964
vt 0.2298287 -0.1049088
vt 0.2278932 -0.1095615
vt 0.2289267 -0.1107853
vt 0.2308622 -0.1061326
vt 0.0402251 -0.2313513
vt 0.03602771 -0.2341209
vt 0.03654126 -0.235641
vt 0.04073864 -0.2328713
vt -0.1991082 -0.2111799
vt -0.203965 -0.2099282
vt -0.2042915 -0.2115047
vt -0.1994347 -0.2127563
vt -0.3322396 -0.07029409
vt -0.3350023 -0.06609955
vt -0.3359755 -0.0673847
vt -0.3332128 -0.07157923
vt -0.325165 -0.01102606
vt -0.3263458 -0.006129112
vt -0.3275248 -0.007221366
vt -0.326344 -0.01211832
vt 0.1679587 0.06672879
vt 0.1660186 0.07138272
vt 0.1617401 0.07402349
vt 0.1567575 0.07364241
vt 0.1529739 0.07038505
vt 0.1518346 0.0654956
vt 0.1537748 0.06084167
vt 0.1580533 0.05820091
vt 0.1630359 0.05858198
vt 0.1668194 0.06183934
vt -0.1666572 0.06254174
vt -0.1628736 0.05928437
vt -0.157891 0.05890329
vt -0.1536126 0.06154406
vt -0.1516724 0.06619799
vt -0.1528117 0.07108743
vt -0.1565953 0.0743448
vt -0.1615779 0.07472588
vt -0.1658563 0.0720851
vt -0.1677965 0.06743117
vt -0.2353882 -0.05702571
vt -0.2379797 -0.05309398
vt -0.2364142 -0.05291354
vt -0.2338227 -0.05684527
vt -0.1735201 -0.210941
vt -0.1749155 -0.2079701
vt -0.1736688 -0.2069518
vt -0.1722734 -0.2099227
vt 0.1157645 -0.3106074
vt 0.1184658 -0.3104827
vt 0.1181044 -0.3086591
vt 0.115403 -0.3087838
vt 0.3313124 0.07742791
vt 0.3319823 0.08225495
vt 0.330043 0.08205457
vt 0.3293732 0.07722752
vt 0.2798939 0.07807164
vt 0.2780286 0.07884407
vt 0.2762764 0.07849836
vt 0.2781417 0.07772593
vt 0.2350748 -0.04556604
vt 0.2324834 -0.04949779
vt 0.2309179 -0.04931734
vt 0.2335093 -0.04538559
vt 0.1648665 -0.2150317
vt 0.1634711 -0.2180026
vt 0.1622245 -0.2169843
vt 0.1636199 -0.2140134
vt -0.131404 -0.3099979
vt -0.1287027 -0.3101227
vt -0.1283412 -0.3082991
vt -0.1310425 -0.3081743
vt -0.3276132 0.07948951
vt -0.3269433 0.07466246
vt -0.3250041 0.07446209
vt -0.3256739 0.07928912
vt -0.274731 0.06385685
vt -0.2765963 0.06308441
vt -0.2748441 0.0627387
vt -0.2729788 0.06351113
vt 0.1400739 0.09236403
vt 0.1447442 0.09408329
vt 0.1475036 0.09823119
vt 0.1472982 0.1032234
vt 0.1442064 0.107153
vt 0.1394092 0.1085191
vt 0.1347389 0.1067998
vt 0.1319795 0.1026519
vt 0.1321849 0.09765973
vt 0.1352767 0.09373011
vt -0.1348186 0.09305468
vt -0.1317268 0.0969843
vt -0.1315213 0.1019765
vt -0.1342808 0.1061244
vt -0.138951 0.1078437
vt -0.1437483 0.1064776
vt -0.1468401 0.102548
vt -0.1470455 0.09755576
vt -0.1442861 0.09340785
vt -0.1396158 0.0916886
vt -0.2111741 -0.04754661
vt -0.2132672 -0.04296274
vt -0.2151377 -0.04351752
vt -0.2130445 -0.04810139
vt -0.13736 -0.2146629
vt -0.140913 -0.211099
vt -0.1426363 -0.2120146
vt -0.1390834 -0.2155785
vt 0.1412445 -0.2993568
vt 0.1362153 -0.2996203
vt 0.1356566 -0.3015038
vt 0.1406858 -0.3012402
vt 0.3296223 0.08467416
vt 0.3285308 0.07975188
vt 0.3302886 0.07886051
vt 0.3313802 0.08378281
vt 0.2687426 0.08300879
vt 0.2678288 0.07805
vt 0.269731 0.07756793
vt 0.2706448 0.08252672
vt 0.2196804 -0.04534038
vt 0.2175873 -0.04992425
vt 0.2194577 -0.05047904
vt 0.2215509 -0.04589516
vt 0.144833 -0.2136914
vt 0.14128 -0.2172553
vt 0.1430034 -0.2181709
vt 0.1465564 -0.214607
vt -0.1354626 -0.3000419
vt -0.1404919 -0.2997783
vt -0.1399332 -0.3016618
vt -0.1349039 -0.3019254
vt -0.3246425 0.08038582
vt -0.325734 0.08530811
vt -0.3274919 0.08441675
vt -0.3264003 0.07949446
vt -0.261381 0.07913263
vt -0.2622948 0.08409142
vt -0.264197 0.08360936
vt -0.2632832 0.07865057
vt 0.1696542 0.1071851
vt 0.1684639 0.1120821
vt 0.1646449 0.1153637
vt 0.1596558 0.1157763
vt 0.1554024 0.1131624
vt 0.1535093 0.1085204
vt 0.1546995 0.1036233
vt 0.1585186 0.1003418
vt 0.1635076 0.09992918
vt 0.1677611 0.1025431
vt -0.1681795 0.1022885
vt -0.1639261 0.09967455
vt -0.158937 0.1000872
vt -0.155118 0.1033687
vt -0.1539277 0.1082657
vt -0.1558208 0.1129078
vt -0.1600743 0.1155217
vt -0.1650633 0.115109
vt -0.1688823 0.1118275
vt -0.1700726 0.1069305
vt -0.1479439 -0.03973344
vt -0.1508577 -0.03568556
vt -0.1517528 -0.03401228
vt -0.148839 -0.03806015
vt 0.03485091 -0.03588585
vt 0.03486461 -0.03137414
vt 0.03328616 -0.02977485
vt 0.03327248 -0.03428657
vt 0.1319907 -0.02428077
vt 0.135322 -0.02078062
vt 0.1335669 -0.0192277
vt 0.1302357 -0.02272786
vt 0.2275135 -0.01046946
vt 0.2321505 -0.009281946
vt 0.2303697 -0.007762414
vt 0.2257327 -0.008949943
vt 0.3462066 0.004360303
vt 0.3477645 0.002509338
vt 0.3465212 0.004061251
vt 0.3449634 0.005912228
vt 0.1432913 -0.02917998
vt 0.1403775 -0.03322786
vt 0.1412726 -0.03155458
vt 0.1441865 -0.02750669
vt -0.04997026 -0.03268457
vt -0.04995657 -0.03719628
vt -0.04837814 -0.03559698
vt -0.04839183 -0.03108528
vt -0.146736 -0.02977973
vt -0.1434047 -0.03327988
vt -0.1416497 -0.03172695
vt -0.1449809 -0.0282268
vt -0.2335328 -0.02300642
vt -0.2288958 -0.02419395
vt -0.227115 -0.02267443
vt -0.231752 -0.0214869
vt -0.3407308 -0.01081762
vt -0.3391729 -0.008966632
vt -0.3379297 -0.007414712
vt -0.3394876 -0.009265697
vt 0.1200375 0.1043243
vt 0.1249045 0.1054654
vt 0.1281704 0.1092503
vt 0.1285877 0.1142332
vt 0.125997 0.1185108
vt 0.1213879 0.1204492
vt 0.1165209 0.119308
vt 0.113255 0.1155232
vt 0.1128377 0.1105403
vt 0.1154284 0.1062627
vt -0.1136971 0.1075284
vt -0.1111064 0.111806
vt -0.1115237 0.1167888
vt -0.1147896 0.1205737
vt -0.1196567 0.1217149
vt -0.1242658 0.1197765
vt -0.1268565 0.1154989
vt -0.1264391 0.110516
vt -0.1231733 0.1067311
vt -0.1183062 0.10559
vt -0.117751 -0.02126822
vt -0.1203493 -0.01695001
vt -0.1204141 -0.01932253
vt -0.1178158 -0.02364073
vt 0.07103686 -0.0127943
vt 0.06657089 -0.01049819
vt 0.0666558 -0.01286849
vt 0.07112178 -0.01516459
vt 0.1622071 -0.004476053
vt 0.1572507 -0.005074377
vt 0.1574066 -0.007441183
vt 0.162363 -0.006842855
vt 0.245513 0.001750473
vt 0.2417304 -0.001505063
vt 0.2419482 -0.003867839
vt 0.2457307 -0.000612313
vt 0.3451916 0.003691199
vt 0.3433246 -0.0009730075
vt 0.3435987 -0.003332743
vt 0.3454657 0.001331466
vt 0.130184 -0.02245227
vt 0.1275858 -0.02677046
vt 0.1276506 -0.029143
vt 0.1302488 -0.02482479
vt -0.05952732 -0.02303628
vt -0.06399328 -0.02533239
vt -0.0640782 -0.0277027
vt -0.05961221 -0.02540659
vt -0.158151 -0.01943104
vt -0.1631074 -0.01883271
vt -0.1632633 -0.02119951
vt -0.1583069 -0.02179785
vt -0.249228 -0.01210077
vt -0.2530105 -0.008845244
vt -0.2532282 -0.01120803
vt -0.2494457 -0.01446355
vt -0.3480226 -0.004186626
vt -0.3498896 0.0004775721
vt -0.3501636 -0.001882154
vt -0.3482966 -0.006546371
vt 0.1515261 0.1215485
vt 0.1496183 0.1262156
vt 0.1453562 0.1288858
vt 0.1403677 0.1285391
vt 0.1365583 0.1253079
vt 0.135383 0.1204264
vt 0.1372908 0.1157593
vt 0.1415529 0.1130891
vt 0.1465414 0.1134358
vt 0.1503508 0.116667
vt -0.1502073 0.1187476
vt -0.1463979 0.1155164
vt -0.1414094 0.1151697
vt -0.1371473 0.1178399
vt -0.1352395 0.122507
vt -0.1364148 0.1273885
vt -0.1402242 0.1306197
vt -0.1452127 0.1309664
vt -0.1494748 0.1282962
vt -0.1513826 0.1236291
vt -0.06098598 0.01324473
vt -0.06387997 0.01737037
vt -0.06449763 0.0156537
vt -0.06160363 0.01152807
vt 0.0775609 -0.02607243
vt 0.07294522 -0.02410343
vt 0.07244016 -0.02585542
vt 0.07705583 -0.02782442
vt 0.1917597 -0.04673578
vt 0.1868752 -0.04777417
vt 0.1865431 -0.04956874
vt 0.1914276 -0.04853036
vt 0.3201433 -0.02824404
vt 0.3168317 -0.03200186
vt 0.316855 -0.03383189
vt 0.3201666 -0.03007404
vt 0.2856832 0.05580387
vt 0.2841554 0.05100036
vt 0.2847204 0.04925873
vt 0.2862481 0.05406224
vt 0.07439402 0.01037362
vt 0.07150003 0.006247981
vt 0.07211772 0.004531298
vt 0.0750117 0.008656946
vt -0.06691924 -0.03639293
vt -0.07153489 -0.03836194
vt -0.07102984 -0.04011393
vt -0.06641416 -0.03814494
vt -0.1882714 -0.06037463
vt -0.1931559 -0.05933623
vt -0.1928237 -0.06113081
vt -0.1879393 -0.06216919
vt -0.3215407 -0.03822672
vt -0.3248523 -0.0344689
vt -0.3248756 -0.03629891
vt -0.3215639 -0.04005674
vt -0.2787292 0.05231674
vt -0.2802569 0.05712024
vt -0.2808219 0.05537863
vt -0.2792941 0.05057511
vt 0.1617084 0.1419198
vt 0.1595276 0.1464662
vt 0.1551163 0.1488766
vt 0.1501594 0.1482304
vt 0.1465503 0.1447744
vt 0.1456676 0.1398287
vt 0.1478483 0.1352823
vt 0.1522597 0.1328718
vt 0.1572166 0.133518
vt 0.1608257 0.136974
vt -0.1612196 0.138315
vt -0.1576105 0.134859
vt -0.1526536 0.1342128
vt -0.1482423 0.1366232
vt -0.1460615 0.1411696
vt -0.1469442 0.1461154
vt -0.1505533 0.1495714
vt -0.1555102 0.1502176
vt -0.1599215 0.1478071
vt -0.1621023 0.1432607
vt -0.09353336 -0.007364748
vt -0.09629066 -0.003198844
vt -0.09714586 -0.002444404
vt -0.09438855 -0.006610306
vt 0.04253839 -0.04769223
vt 0.04305323 -0.04332166
vt 0.04170414 -0.04246237
vt 0.04118929 -0.04683296
vt 0.1654444 -0.06559594
vt 0.1690937 -0.06234152
vt 0.1674796 -0.06154197
vt 0.1638304 -0.06479637
vt 0.3124413 -0.03808447
vt 0.3158802 -0.03617094
vt 0.3142976 -0.03566393
vt 0.3108587 -0.03757746
vt 0.2958434 0.05363242
vt 0.2937054 0.05241883
vt 0.2933784 0.0527905
vt 0.2955163 0.0540041
vt 0.08554564 0.003431184
vt 0.08278834 -0.0007347296
vt 0.08364353 1.971521E-05
vt 0.08640084 0.004185623
vt -0.05829181 -0.04541616
vt -0.05777696 -0.04978674
vt -0.05642786 -0.04892747
vt -0.05694272 -0.04455688
vt -0.1788921 -0.07057098
vt -0.1752428 -0.07382539
vt -0.1736288 -0.07302584
vt -0.1772781 -0.06977142
vt -0.3139459 -0.04808869
vt -0.310507 -0.0500022
vt -0.3089243 -0.0494952
vt -0.3123632 -0.04758168
vt -0.2916538 0.03801405
vt -0.2937917 0.03922767
vt -0.2934647 0.03959935
vt -0.2913268 0.03838573
vt 0.1309305 0.1263046
vt 0.1358443 0.1269131
vt 0.1394377 0.130316
vt 0.1403381 0.1352136
vt 0.1382015 0.1397351
vt 0.1338441 0.1421534
vt 0.1289303 0.141545
vt 0.1253369 0.138142
vt 0.1244365 0.1332444
vt 0.1265731 0.1287229
vt -0.1250264 0.1291322
vt -0.1228899 0.1336537
vt -0.1237902 0.1385512
vt -0.1273836 0.1419542
vt -0.1322975 0.1425627
vt -0.1366548 0.1401443
vt -0.1387914 0.1356228
vt -0.137891 0.1307252
vt -0.1342976 0.1273223
vt -0.1293838 0.1267138
vt 0.2320259 -0.262781
vt 0.2352918 -0.2620103
vt 0.2339759 -0.2604016
vt 0.2307101 -0.2611724
vt 0.2365847 0.1508233
vt 0.2356982 0.1551016
vt 0.2338687 0.1537665
vt 0.2347553 0.1494883
vt 0.1329092 0.06224525
vt 0.1297756 0.06214336
vt 0.128552 0.06097196
vt 0.1316855 0.06107385
vt 0.06956546 -0.09620745
vt 0.06675194 -0.09991873
vt 0.06590209 -0.1002194
vt 0.06871562 -0.09650807
vt -0.009717926 -0.2664561
vt -0.01027314 -0.2691869
vt -0.01062983 -0.2682366
vt -0.01007462 -0.2655059
vt -0.2451092 -0.2597905
vt -0.2418433 -0.2605612
vt -0.2405275 -0.2589525
vt -0.2437933 -0.2581818
vt -0.2297401 0.1492212
vt -0.2306266 0.144943
vt -0.2287972 0.1436079
vt -0.2279106 0.1478862
vt -0.129106 0.0477749
vt -0.1322395 0.04787678
vt -0.1310159 0.04670539
vt -0.1278824 0.0466035
vt -0.0738841 -0.1067795
vt -0.07669764 -0.1030682
vt -0.07584779 -0.1033689
vt -0.07303425 -0.1070801
vt -0.002404495 -0.2646468
vt -0.002959704 -0.2619161
vt -0.002603007 -0.2609658
vt -0.002047789 -0.2636966
vt 0.2048609 0.02612745
vt 0.2070845 0.02200344
vt 0.2112805 0.0199641
vt 0.2158463 0.0207884
vt 0.2190378 0.02416148
vt 0.219636 0.02879493
vt 0.2174124 0.03291894
vt 0.2132163 0.03495829
vt 0.2086505 0.03413399
vt 0.205459 0.03076091
vt -0.2043444 0.02959578
vt -0.2075359 0.03296885
vt -0.2121017 0.03379314
vt -0.2162978 0.03175381
vt -0.2185214 0.0276298
vt -0.2179232 0.02299635
vt -0.2147317 0.01962326
vt -0.2101659 0.01879897
vt -0.2059699 0.02083831
vt -0.2037462 0.02496232
vt 0.2341432 -0.2658517
vt 0.2295376 -0.2664708
vt 0.2284332 -0.2684914
vt 0.2330388 -0.2678724
vt 0.2401369 0.1450528
vt 0.2396838 0.1404279
vt 0.2416217 0.1391841
vt 0.2420748 0.1438089
vt 0.1509237 0.04556162
vt 0.1499651 0.04101457
vt 0.1521257 0.0402182
vt 0.1530843 0.04476524
vt 0.09691555 -0.1101001
vt 0.09451992 -0.114082
vt 0.09670679 -0.1148033
vt 0.09910239 -0.1108214
vt 0.0236776 -0.2721166
vt 0.01998804 -0.2749417
vt 0.02211735 -0.2758184
vt 0.02580692 -0.2729933
vt -0.2294429 -0.2657649
vt -0.2340485 -0.2651458
vt -0.2329441 -0.2671664
vt -0.2283385 -0.2677855
vt -0.2335993 0.1410238
vt -0.2340524 0.1456487
vt -0.2359903 0.1444048
vt -0.2355372 0.13978
vt -0.1418229 0.04273115
vt -0.1427815 0.0472782
vt -0.1449421 0.04648183
vt -0.1439836 0.04193477
vt -0.08759768 -0.1099174
vt -0.08999328 -0.1059355
vt -0.09218013 -0.1066568
vt -0.08978452 -0.1106387
vt -0.01681374 -0.2707959
vt -0.02050331 -0.2679707
vt -0.02263262 -0.2688474
vt -0.01894305 -0.2716726
vt 0.1939121 0.03136455
vt 0.1892714 0.03112373
vt 0.1856585 0.02820114
vt 0.1844534 0.02371312
vt 0.1861165 0.01937392
vt 0.1900125 0.01684098
vt 0.1946533 0.0170818
vt 0.1982661 0.02000438
vt 0.1994712 0.02449242
vt 0.1978081 0.02883161
vt -0.1991748 0.02881002
vt -0.2008379 0.02447083
vt -0.1996329 0.01998279
vt -0.19602 0.01706021
vt -0.1913792 0.01681939
vt -0.1874832 0.01935233
vt -0.1858201 0.02369152
vt -0.1870252 0.02817955
vt -0.1906381 0.03110214
vt -0.1952788 0.03134295
vt 0.1349796 -0.1967558
vt 0.1305359 -0.1953965
vt 0.1300842 -0.197907
vt 0.1345279 -0.1992663
vt 0.269585 -0.159172
vt 0.2652053 -0.1607253
vt 0.2653012 -0.1632743
vt 0.2696809 -0.161721
vt 0.3388631 -0.07747501
vt 0.3360991 -0.08121055
vt 0.3368239 -0.08365621
vt 0.339588 -0.07992066
vt 0.2484308 -0.07471862
vt 0.2466635 -0.07901646
vt 0.2477495 -0.08132457
vt 0.2495167 -0.07702672
vt 0.05008812 -0.1697065
vt 0.04708982 -0.1732568
vt 0.04798109 -0.1756469
vt 0.05097938 -0.1720966
vt -0.1277084 -0.2046409
vt -0.1321522 -0.2060002
vt -0.1317004 -0.2085107
vt -0.1272567 -0.2071514
vt -0.2682742 -0.1693785
vt -0.2726539 -0.1678252
vt -0.2727498 -0.1703742
vt -0.2683701 -0.1719275
vt -0.3407072 -0.08462054
vt -0.3434713 -0.08088499
vt -0.3441962 -0.08333065
vt -0.3414322 -0.08706619
vt -0.2449667 -0.07831872
vt -0.2467339 -0.07402088
vt -0.2478199 -0.07632898
vt -0.2460527 -0.08062682
vt -0.04115573 -0.1682463
vt -0.04415403 -0.1646959
vt -0.04504529 -0.167086
vt -0.042047 -0.1706363
vt 0.2048961 0.03134324
vt 0.2004499 0.03269427
vt 0.1960586 0.03117381
vt 0.1933998 0.02736266
vt 0.1934888 0.02271653
vt 0.1962918 0.01901008
vt 0.2007381 0.01765905
vt 0.2051293 0.0191795
vt 0.2077882 0.02299066
vt 0.2076991 0.02763679
vt -0.2079075 0.02936279
vt -0.2079966 0.02471666
vt -0.2053377 0.02090551
vt -0.2009465 0.01938506
vt -0.1965002 0.02073609
vt -0.1936972 0.02444254
vt -0.1936082 0.02908867
vt -0.196267 0.03289982
vt -0.2006582 0.03442027
vt -0.2051045 0.03306925
vt 0.1439493 -0.1906668
vt 0.1455963 -0.1873632
vt 0.1441584 -0.1854291
vt 0.1425114 -0.1887327
vt 0.2764502 -0.1537576
vt 0.2803423 -0.1511488
vt 0.2783377 -0.1495374
vt 0.2744456 -0.1521463
vt 0.3418529 -0.07210948
vt 0.3438624 -0.07099117
vt 0.3418695 -0.06981117
vt 0.3398599 -0.0709295
vt 0.2331011 -0.06758907
vt 0.2310296 -0.07024265
vt 0.2301011 -0.06885703
vt 0.2321726 -0.06620345
vt 0.01762004 -0.1596213
vt 0.01582349 -0.1636479
vt 0.01629464 -0.1617381
vt 0.0180912 -0.1577114
vt -0.1590865 -0.191553
vt -0.1574395 -0.1948566
vt -0.1560015 -0.1929225
vt -0.1576485 -0.1896189
vt -0.2854888 -0.1588424
vt -0.2815968 -0.1614512
vt -0.2795921 -0.1598399
vt -0.2834842 -0.157231
vt -0.3392741 -0.08343267
vt -0.3372645 -0.084551
vt -0.3352716 -0.08337099
vt -0.3372811 -0.08225267
vt -0.2304689 -0.08124028
vt -0.2325405 -0.07858671
vt -0.231612 -0.07720108
vt -0.2295404 -0.07985465
vt -0.02696302 -0.1650566
vt -0.02875955 -0.1610299
vt -0.02923071 -0.1591201
vt -0.02743417 -0.1631467
vt 0.2138688 0.02455477
vt 0.2172223 0.02130466
vt 0.2217856 0.02064608
vt 0.2258157 0.02283058
vt 0.2277732 0.02702377
vt 0.2269104 0.03162397
vt 0.2235568 0.03487408
vt 0.2189936 0.03553267
vt 0.2149635 0.03334815
vt 0.213006 0.02915497
vt -0.2112409 0.03003002
vt -0.2131983 0.03422321
vt -0.2172284 0.03640771
vt -0.2217917 0.03574913
vt -0.2251453 0.03249902
vt -0.2260081 0.02789881
vt -0.2240506 0.02370562
vt -0.2200205 0.02152112
vt -0.2154572 0.02217971
vt -0.2121037 0.02542982
vt -0.2773399 -0.1005737
vt -0.2790067 -0.09728669
vt -0.2780601 -0.0965095
vt -0.2763934 -0.0997965
vt -0.1478543 -0.2257845
vt -0.1495973 -0.2222044
vt -0.1489508 -0.2211634
vt -0.1472078 -0.2247435
vt 0.1089893 -0.2820261
vt 0.1107809 -0.2802701
vt 0.1106882 -0.2790296
vt 0.1088967 -0.2807855
vt 0.3119743 -0.1387689
vt 0.3153779 -0.1355642
vt 0.3145728 -0.1346039
vt 0.3111693 -0.1378086
vt 0.3374298 -0.04415607
vt 0.3383865 -0.04303242
vt 0.3373816 -0.04230196
vt 0.3364249 -0.0434256
vt 0.2803671 -0.08819599
vt 0.2787003 -0.09148299
vt 0.2777538 -0.0907058
vt 0.2794206 -0.08741881
vt 0.1409645 -0.2256167
vt 0.1392216 -0.2291967
vt 0.1385751 -0.2281558
vt 0.140318 -0.2245757
vt -0.1240834 -0.2832633
vt -0.1222918 -0.2850192
vt -0.1221992 -0.2837787
vt -0.1239908 -0.2820228
vt -0.3178744 -0.139563
vt -0.3144709 -0.1427677
vt -0.3136659 -0.1418073
vt -0.3170694 -0.1386027
vt -0.333693 -0.0559785
vt -0.3327363 -0.05710213
vt -0.3317314 -0.05637167
vt -0.3326881 -0.05524802
vt 0.2303575 0.04002754
vt 0.2344159 0.04176273
vt 0.2366239 0.04570186
vt 0.2361379 0.05034031
vt 0.2331436 0.05390637
vt 0.2287848 0.05503791
vt 0.2247264 0.05330272
vt 0.2225184 0.04936359
vt 0.2230044 0.04472513
vt 0.2259987 0.04115909
vt -0.2255304 0.04142085
vt -0.2225362 0.0449869
vt -0.2220502 0.04962537
vt -0.2242581 0.05356448
vt -0.2283166 0.05529968
vt -0.2326754 0.05416813
vt -0.2356696 0.05060209
vt -0.2361556 0.04596363
vt -0.2339477 0.0420245
vt -0.2298892 0.04028931
vt -0.2911996 -0.09526463
vt -0.2931045 -0.09102603
vt -0.2940356 -0.09184939
vt -0.2921306 -0.09608798
vt -0.1669807 -0.2246836
vt -0.169487 -0.2207704
vt -0.1702513 -0.2217505
vt -0.167745 -0.2256637
vt 0.09837287 -0.2912948
vt 0.09401762 -0.2896741
vt 0.09387722 -0.290909
vt 0.09823248 -0.2925296
vt 0.3095489 -0.1447395
vt 0.3053682 -0.1467684
vt 0.3059737 -0.1478538
vt 0.3101544 -0.1458249
vt 0.3369766 -0.0514781
vt 0.3342572 -0.05524629
vt 0.3351459 -0.05611516
vt 0.3378653 -0.05234697
vt 0.2909665 -0.09006526
vt 0.2890615 -0.09430386
vt 0.2899925 -0.09512722
vt 0.2918975 -0.09088861
vt 0.1700988 -0.2211638
vt 0.1675925 -0.2250769
vt 0.1683568 -0.226057
vt 0.1708631 -0.2221439
vt -0.09281351 -0.2929098
vt -0.09716876 -0.2945304
vt -0.09702835 -0.2957653
vt -0.0926731 -0.2941447
vt -0.3074387 -0.1510338
vt -0.3116193 -0.1490049
vt -0.3122248 -0.1500903
vt -0.3080441 -0.1521192
vt -0.3377902 -0.05779599
vt -0.3405096 -0.0540278
vt -0.3413983 -0.05489667
vt -0.3386789 -0.05866487
vt 0.2177886 0.04454821
vt 0.2175247 0.0491877
vt 0.2145842 0.05278604
vt 0.2100902 0.05396876
vt 0.2057594 0.05228413
vt 0.2032458 0.04837561
vt 0.2035097 0.04373611
vt 0.2064502 0.04013779
vt 0.2109441 0.03895506
vt 0.215275 0.04063969
vt -0.2150599 0.0409974
vt -0.210729 0.03931277
vt -0.2062351 0.0404955
vt -0.2032946 0.04409382
vt -0.2030307 0.04873332
vt -0.2055443 0.05264185
vt -0.2098751 0.05432648
vt -0.2143691 0.05314375
vt -0.2173096 0.04954541
vt -0.2175735 0.04490592
vt -0.2002808 -0.1081301
vt -0.2026416 -0.1039299
vt -0.2014471 -0.1038576
vt -0.1990863 -0.1080578
vt -0.1594277 -0.2555078
vt -0.1606357 -0.2527472
vt -0.1595468 -0.2522079
vt -0.1583387 -0.2549685
vt 0.1140161 -0.3234883
vt 0.1168235 -0.3242477
vt 0.1169723 -0.3229497
vt 0.1141649 -0.3221903
vt 0.2803304 0.1379341
vt 0.2801909 0.1428204
vt 0.2788661 0.142646
vt 0.2790055 0.1377598
vt 0.2320601 0.06239802
vt 0.2300451 0.06292363
vt 0.2287901 0.06270171
vt 0.2308052 0.06217612
vt 0.1995828 -0.09735332
vt 0.197222 -0.1015535
vt 0.1960275 -0.1014812
vt 0.1983884 -0.09728101
vt 0.1518437 -0.2619336
vt 0.1506356 -0.2646942
vt 0.1495467 -0.2641549
vt 0.1507547 -0.2613943
vt -0.1295651 -0.3250051
vt -0.1267578 -0.3242456
vt -0.1269066 -0.3229477
vt -0.1297139 -0.3237071
vt -0.2752882 0.1390773
vt -0.2754277 0.134191
vt -0.2741029 0.1340166
vt -0.2739634 0.1389029
vt -0.2275524 0.04762004
vt -0.2295675 0.04709444
vt -0.2283125 0.04687253
vt -0.2262975 0.04739811
vt 0.2082448 0.03344622
vt 0.2130603 0.03468698
vt 0.2162042 0.03855661
vt 0.2164757 0.04357706
vt 0.213771 0.04783069
vt 0.2091233 0.04969273
vt 0.2043077 0.04845197
vt 0.2011638 0.04458233
vt 0.2008923 0.03956188
vt 0.203597 0.03530826
vt -0.203355 0.03481045
vt -0.2006504 0.03906406
vt -0.2009218 0.04408452
vt -0.2040658 0.04795416
vt -0.2088813 0.04919492
vt -0.213529 0.04733287
vt -0.2162337 0.04307925
vt -0.2159622 0.0380588
vt -0.2128183 0.03418915
vt -0.2080028 0.03294839
vt -0.2155482 -0.1071324
vt -0.2174561 -0.1025097
vt -0.2187691 -0.102706
vt -0.2168612 -0.1073287
vt -0.1804986 -0.2528515
vt -0.1830293 -0.2485381
vt -0.1843265 -0.248821
vt -0.1817957 -0.2531343
vt 0.1073653 -0.3305888
vt 0.1025346 -0.329295
vt 0.1018671 -0.3304426
vt 0.1066978 -0.3317363
vt 0.2815849 0.1355407
vt 0.2807549 0.1306091
vt 0.2820306 0.1302418
vt 0.2828607 0.1351734
vt 0.2443316 0.04697626
vt 0.243145 0.04211814
vt 0.2444555 0.04190553
vt 0.2456421 0.04676365
vt 0.2203496 -0.1037038
vt 0.2184417 -0.1083265
vt 0.2197547 -0.1085229
vt 0.2216626 -0.1039002
vt 0.1832822 -0.2486881
vt 0.1807514 -0.2530015
vt 0.1820486 -0.2532843
vt 0.1845793 -0.248971
vt -0.1032251 -0.3267096
vt -0.1080558 -0.3280034
vt -0.1073883 -0.329151
vt -0.1025576 -0.3278572
vt -0.2763254 0.1313567
vt -0.2771554 0.1362883
vt -0.2784311 0.135921
vt -0.2776012 0.1309894
vt -0.2386293 0.04322102
vt -0.239816 0.04807913
vt -0.2411264 0.04786653
vt -0.2399398 0.04300842
vt 0.1963864 0.03683713
vt 0.1950622 0.04165959
vt 0.1911564 0.04478273
vt 0.1861608 0.04501361
vt 0.1819835 0.04226404
vt 0.1802202 0.03758428
vt 0.1815443 0.03276182
vt 0.1854502 0.02963868
vt 0.1904458 0.02940781
vt 0.194623 0.03215737
vt -0.1949603 0.03191869
vt -0.1907831 0.02916913
vt -0.1857874 0.02940001
vt -0.1818816 0.03252315
vt -0.1805575 0.03734561
vt -0.1823208 0.04202538
vt -0.186498 0.04477494
vt -0.1914936 0.04454406
vt -0.1953994 0.04142091
vt -0.1967236 0.03659846
vt -0.3291897 -0.07114393
vt -0.3307245 -0.06638433
vt -0.3317567 -0.06842642
vt -0.3302219 -0.07318603
vt -0.1297579 -0.1940467
vt -0.1331059 -0.1903318
vt -0.1333852 -0.1926028
vt -0.1300372 -0.1963177
vt 0.1014403 -0.1877995
vt 0.09648947 -0.1870932
vt 0.09697901 -0.1893283
vt 0.1019298 -0.1900347
vt 0.2343304 -0.1211793
vt 0.2299249 -0.1235459
vt 0.2308226 -0.1256506
vt 0.2352282 -0.123284
vt 0.3163517 -0.05758357
vt 0.3137524 -0.06185594
vt 0.3148626 -0.06385662
vt 0.3174619 -0.05958426
vt 0.3278757 -0.06546571
vt 0.3263409 -0.07022533
vt 0.327373 -0.07226741
vt 0.3289078 -0.0675078
vt 0.1377559 -0.1945236
vt 0.1344078 -0.1982385
vt 0.1346871 -0.2005095
vt 0.1380351 -0.1967946
vt -0.09501858 -0.1974031
vt -0.0999694 -0.1981094
vt -0.1004589 -0.2003445
vt -0.09550811 -0.1996382
vt -0.2351788 -0.1333264
vt -0.2395843 -0.1309598
vt -0.2404821 -0.1330644
vt -0.2360765 -0.135431
vt -0.3217497 -0.06672153
vt -0.3243491 -0.06244916
vt -0.3254593 -0.06444985
vt -0.32286 -0.06872223
vt 0.1423718 0.05817714
vt 0.1414746 0.06309696
vt 0.137857 0.06654984
vt 0.1329007 0.06721689
vt 0.1284989 0.06484331
vt 0.126333 0.06033577
vt 0.1272301 0.05541595
vt 0.1308478 0.05196307
vt 0.135804 0.05129603
vt 0.1402058 0.05366959
vt -0.1396061 0.05521383
vt -0.1352043 0.05284027
vt -0.1302481 0.05350732
vt -0.1266305 0.05696019
vt -0.1257333 0.06188
vt -0.1278993 0.06638756
vt -0.132301 0.06876113
vt -0.1372573 0.06809407
vt -0.1408749 0.06464119
vt -0.1417721 0.05972139
vt -0.3179626 -0.08137102
vt -0.3187326 -0.077208
vt -0.3177032 -0.07515141
vt -0.3169332 -0.07931443
vt -0.1129931 -0.1932491
vt -0.114922 -0.1895929
vt -0.1147846 -0.1872966
vt -0.1128557 -0.1909527
vt 0.1118221 -0.1806043
vt 0.1139191 -0.1779871
vt 0.1132633 -0.175777
vt 0.1111663 -0.1783942
vt 0.2455254 -0.1143802
vt 0.2502027 -0.1125137
vt 0.249159 -0.1104562
vt 0.2444817 -0.1123227
vt 0.3287135 -0.05306753
vt 0.3322034 -0.05368478
vt 0.3309914 -0.05172367
vt 0.3275015 -0.05110643
vt 0.3254144 -0.07039265
vt 0.3246444 -0.07455567
vt 0.323615 -0.07249908
vt 0.324385 -0.06833605
vt 0.1057832 -0.1940364
vt 0.1038544 -0.1976925
vt 0.1037171 -0.1953962
vt 0.1056459 -0.19174
vt -0.1277088 -0.1842992
vt -0.1256119 -0.1869164
vt -0.1249561 -0.1847063
vt -0.1270531 -0.1820891
vt -0.2548476 -0.1226855
vt -0.2501702 -0.124552
vt -0.2491265 -0.1224945
vt -0.2538038 -0.120628
vt -0.3256846 -0.06718238
vt -0.3221947 -0.06656513
vt -0.3209828 -0.06460403
vt -0.3244726 -0.06522127
vt 0.1569197 0.05807027
vt 0.1614273 0.06027187
vt 0.1637729 0.06471597
vt 0.1630604 0.06970505
vt 0.1595621 0.07333349
vt 0.1546142 0.07421532
vt 0.1501066 0.07201372
vt 0.147761 0.06756963
vt 0.1484735 0.06258053
vt 0.1519718 0.05895211
vt -0.1512029 0.0604241
vt -0.1477046 0.06405253
vt -0.1469921 0.06904162
vt -0.1493377 0.0734857
vt -0.1538453 0.0756873
vt -0.1587932 0.07480547
vt -0.1622915 0.07117704
vt -0.1630039 0.06618795
vt -0.1606584 0.06174386
vt -0.1561508 0.05954226
vt -0.2623668 -0.07576894
vt -0.2642174 -0.07112301
vt -0.2660323 -0.07092419
vt -0.2641817 -0.07557012
vt -0.287809 -0.1703822
vt -0.2893158 -0.1656136
vt -0.2911153 -0.1653053
vt -0.2896085 -0.1700738
vt -0.3002765 0.1683388
vt -0.2961725 0.1711966
vt -0.2967689 0.1729222
vt -0.3008728 0.1700644
vt 0.2183654 0.2143769
vt 0.2193294 0.2094697
vt 0.2211143 0.2098535
vt 0.2201504 0.2147606
vt 0.2508635 0.07822517
vt 0.2499444 0.07330941
vt 0.2517568 0.07352941
vt 0.252676 0.07844517
vt 0.2663807 -0.07198481
vt 0.2645301 -0.07663073
vt 0.2663449 -0.07643192
vt 0.2681956 -0.07178598
vt 0.2865503 -0.1647385
vt 0.2850435 -0.1695071
vt 0.286843 -0.1691987
vt 0.2883498 -0.1644302
vt 0.2924739 0.1658821
vt 0.2965778 0.1630243
vt 0.2971742 0.1647498
vt 0.2930703 0.1676077
vt -0.2119685 0.2080231
vt -0.2110046 0.2129303
vt -0.2127895 0.2133141
vt -0.2137534 0.2084069
vt -0.243857 0.074447
vt -0.2447761 0.07936276
vt -0.2465885 0.07958277
vt -0.2456694 0.074667
vt 0.1604091 0.06857371
vt 0.1591944 0.07342489
vt 0.1553602 0.07663557
vt 0.1503711 0.07697939
vt 0.1461327 0.07432502
vt 0.144264 0.06968633
vt 0.1454787 0.06483515
vt 0.1493129 0.06162447
vt 0.154302 0.06128066
vt 0.1585404 0.06393503
vt -0.1589851 0.06316363
vt -0.1547467 0.06050926
vt -0.1497576 0.06085308
vt -0.1459234 0.06406376
vt -0.1447087 0.06891493
vt -0.1465774 0.07355362
vt -0.1508158 0.076208
vt -0.1558049 0.07586418
vt -0.1596391 0.07265349
vt -0.1608538 0.06780232
vt -0.2489659 -0.07871408
vt -0.2511179 -0.07460682
vt -0.249295 -0.07479559
vt -0.2471431 -0.07890285
vt -0.2683364 -0.1836918
vt -0.2701098 -0.1807871
vt -0.2682814 -0.1809272
vt -0.266508 -0.183832
vt -0.3339503 0.06475849
vt -0.3368797 0.06382798
vt -0.3356856 0.06242935
vt -0.3327562 0.06335988
vt 0.2161149 0.2177988
vt 0.2147687 0.2225782
vt 0.2129875 0.2221141
vt 0.2143336 0.2173346
vt 0.2397986 0.09306507
vt 0.2378276 0.09399472
vt 0.236015 0.09369274
vt 0.237986 0.0927631
vt 0.2511825 -0.06789165
vt 0.2490306 -0.07199892
vt 0.2472077 -0.07218769
vt 0.2493596 -0.06808043
vt 0.2674681 -0.1922038
vt 0.2656947 -0.1951085
vt 0.2638663 -0.1952487
vt 0.2656397 -0.192344
vt 0.3424849 0.05118605
vt 0.3395555 0.0521166
vt 0.3383613 0.05071799
vt 0.3412908 0.04978742
vt -0.2079695 0.2182281
vt -0.2093156 0.2134486
vt -0.2075343 0.2129844
vt -0.2061882 0.2177639
vt -0.2341907 0.07898135
vt -0.2361616 0.0780517
vt -0.234349 0.07774974
vt -0.2323781 0.07867938
vt 0.1728969 0.06660528
vt 0.177664 0.06824148
vt 0.1805581 0.0723684
vt 0.1804739 0.07740971
vt 0.1774435 0.08143981
vt 0.1726244 0.08291931
vt 0.1678573 0.08128312
vt 0.1649632 0.0771562
vt 0.1650474 0.07211489
vt 0.1680778 0.06808479
vt -0.1683551 0.06722569
vt -0.1653247 0.07125578
vt -0.1652405 0.0762971
vt -0.1681347 0.08042403
vt -0.1729017 0.08206021
vt -0.1777208 0.0805807
vt -0.1807512 0.07655061
vt -0.1808355 0.07150929
vt -0.1779413 0.06738237
vt -0.1731742 0.06574617
vt -0.2416513 -0.09665392
vt -0.2434392 -0.09198347
vt -0.2445149 -0.09316633
vt -0.2427271 -0.09783679
vt -0.06431722 -0.2264338
vt -0.06814615 -0.2232168
vt -0.06884257 -0.224656
vt -0.06501365 -0.227873
vt 0.1775461 -0.2215126
vt 0.1725733 -0.2220424
vt 0.172658 -0.2236391
vt 0.1776308 -0.2231093
vt 0.3260305 -0.07610849
vt 0.3228036 -0.07992903
vt 0.3236141 -0.08130725
vt 0.326841 -0.07748671
vt 0.3312326 -0.003533757
vt 0.3297596 -0.008312847
vt 0.3308698 -0.009463454
vt 0.3323428 -0.00468437
vt 0.2466921 -0.09322929
vt 0.2449043 -0.09789975
vt 0.24598 -0.0990826
vt 0.2477679 -0.09441214
vt 0.07252116 -0.2284236
vt 0.06869223 -0.2316405
vt 0.06938867 -0.2330798
vt 0.07321759 -0.2298628
vt -0.1733746 -0.2295643
vt -0.1783474 -0.2290345
vt -0.1784321 -0.2306311
vt -0.1734593 -0.2311609
vt -0.3273633 -0.08378041
vt -0.3305902 -0.07995985
vt -0.3314008 -0.08133807
vt -0.3281738 -0.08515864
vt -0.33146 -0.008837304
vt -0.332933 -0.004058222
vt -0.3340432 -0.00520883
vt -0.3325702 -0.009987912
vt 0.1544806 0.05887036
vt 0.1525705 0.06349216
vt 0.1483086 0.06610853
vt 0.1433227 0.06572012
vt 0.1395174 0.06247528
vt 0.1383461 0.05761344
vt 0.1402562 0.05299165
vt 0.1445182 0.05037528
vt 0.149504 0.05076368
vt 0.1533093 0.05400852
vt -0.153333 0.05479748
vt -0.1495277 0.05155265
vt -0.1445418 0.05116424
vt -0.1402799 0.05378061
vt -0.1383698 0.05840241
vt -0.1395411 0.06326424
vt -0.1433464 0.06650908
vt -0.1483323 0.0668975
vt -0.1525942 0.06428112
vt -0.1545043 0.05965932
vt -0.2266322 -0.1001505
vt -0.2286757 -0.09557669
vt -0.2277457 -0.09444539
vt -0.2257022 -0.09901922
vt -0.04959636 -0.2210317
vt -0.0500024 -0.2181925
vt -0.0497675 -0.2166869
vt -0.04936145 -0.2195262
vt 0.1839311 -0.2125736
vt 0.1874835 -0.2107032
vt 0.1867961 -0.2092623
vt 0.1832436 -0.2111327
vt 0.3307366 -0.06863751
vt 0.3345106 -0.06613119
vt 0.333239 -0.06515281
vt 0.3294649 -0.06765912
vt 0.3293774 0.004471832
vt 0.3296879 0.003316336
vt 0.3283982 0.004126073
vt 0.3280877 0.005281569
vt 0.2265973 -0.0927492
vt 0.2245538 -0.09732302
vt 0.2236238 -0.09619172
vt 0.2256672 -0.09161789
vt 0.0375016 -0.2251639
vt 0.03709558 -0.2280032
vt 0.03686066 -0.2264977
vt 0.03726669 -0.2236584
vt -0.1984722 -0.215515
vt -0.1949197 -0.2173854
vt -0.1942323 -0.2159445
vt -0.1977848 -0.2140741
vt -0.3331877 -0.07520083
vt -0.3294136 -0.07770713
vt -0.3281419 -0.07672875
vt -0.331916 -0.07422245
vt -0.3239997 -0.01081369
vt -0.3236892 -0.009658177
vt -0.3223995 -0.008848439
vt -0.32271 -0.01000395
vt 0.1664709 0.05730485
vt 0.1714256 0.0582284
vt 0.1748902 0.061889
vt 0.1755414 0.06688846
vt 0.1731304 0.07131712
vt 0.1685781 0.07348341
vt 0.1636235 0.07255986
vt 0.1601588 0.06889925
vt 0.1595077 0.0638998
vt 0.1619187 0.05947114
vt -0.161326 0.05997217
vt -0.158915 0.06440084
vt -0.1595661 0.06940028
vt -0.1630308 0.07306089
vt -0.1679854 0.07398444
vt -0.1725377 0.07181816
vt -0.1749487 0.06738949
vt -0.1742975 0.06239004
vt -0.1708329 0.05872943
vt -0.1658782 0.05780588
vt -0.2284878 -0.0399216
vt -0.2305625 -0.03537131
vt -0.232439 -0.03591928
vt -0.2303642 -0.04046957
vt -0.1690865 -0.2027379
vt -0.1722049 -0.1988283
vt -0.1740258 -0.1995391
vt -0.1709075 -0.2034487
vt 0.08284374 -0.3220259
vt 0.07794283 -0.3210307
vt 0.07693146 -0.3227035
vt 0.08183237 -0.3236988
vt 0.3313217 0.08446993
vt 0.3297724 0.07971498
vt 0.3314226 0.07866699
vt 0.3329718 0.08342193
vt 0.2761074 0.08544539
vt 0.2748582 0.08060297
vt 0.2767154 0.0799928
vt 0.2779646 0.08483522
vt 0.2349151 -0.03735583
vt 0.2328404 -0.04190612
vt 0.2347169 -0.04245408
vt 0.2367916 -0.03790379
vt 0.1742787 -0.2004828
vt 0.1711603 -0.2043924
vt 0.1729813 -0.2051032
vt 0.1760997 -0.2011936
vt -0.07807706 -0.3203714
vt -0.08297797 -0.3213667
vt -0.08196661 -0.3230395
vt -0.0770657 -0.3220443
vt -0.3262797 0.08085305
vt -0.3278289 0.08560799
vt -0.3294792 0.08456001
vt -0.3279299 0.07980506
vt -0.269886 0.08188552
vt -0.2711352 0.08672793
vt -0.2729923 0.08611777
vt -0.2717431 0.08127536
vt 0.1575296 0.09986564
vt 0.1563186 0.1047177
vt 0.1524868 0.1079313
vt 0.147498 0.108279
vt 0.1432576 0.1056278
vt 0.1413853 0.1009906
vt 0.1425964 0.09613847
vt 0.1464281 0.09292486
vt 0.1514169 0.09257723
vt 0.1556574 0.09522838
vt -0.1563084 0.0951024
vt -0.152068 0.09245126
vt -0.1470791 0.09279889
vt -0.1432474 0.0960125
vt -0.1420363 0.1008646
vt -0.1439086 0.1055019
vt -0.148149 0.108153
vt -0.1531379 0.1078054
vt -0.1569696 0.1045918
vt -0.1581806 0.09973966
vt -0.2158734 -0.04070864
vt -0.2185444 -0.03682274
vt -0.2169649 -0.0366387
vt -0.2142939 -0.04052459
vt -0.1526289 -0.2022932
vt -0.154066 -0.1992268
vt -0.1527967 -0.1982226
vt -0.1513596 -0.2012891
vt 0.09018013 -0.3135787
vt 0.09280352 -0.3138569
vt 0.09274516 -0.3119875
vt 0.09012175 -0.3117093
vt 0.3312773 0.08242185
vt 0.3323596 0.08723868
vt 0.3303933 0.0871961
vt 0.3293111 0.08237927
vt 0.2669391 0.09932469
vt 0.2650885 0.1002552
vt 0.2633112 0.09994098
vt 0.2651618 0.09901047
vt 0.2157873 -0.02891948
vt 0.2131164 -0.03280538
vt 0.2115368 -0.03262133
vt 0.2142078 -0.02873543
vt 0.1440347 -0.2061924
vt 0.1425976 -0.2092589
vt 0.1413283 -0.2082547
vt 0.1427654 -0.2051882
vt -0.1059306 -0.3154753
vt -0.1033072 -0.3151972
vt -0.1032488 -0.3133278
vt -0.1058722 -0.3136059
vt -0.3278325 0.08512583
vt -0.3267503 0.080309
vt -0.3247841 0.08026642
vt -0.3258663 0.08508324
vt -0.2613297 0.08527492
vt -0.2631804 0.08434442
vt -0.2614031 0.08403023
vt -0.2595524 0.08496072
vt 0.1704943 0.09762634
vt 0.1752727 0.0991486
vt 0.1782352 0.1032028
vt 0.1782503 0.1082403
vt 0.1753122 0.112337
vt 0.1705432 0.1139281
vt 0.1657647 0.1124058
vt 0.1628022 0.1083517
vt 0.1627871 0.1033141
vt 0.1657252 0.09921743
vt -0.1652236 0.09855507
vt -0.1622855 0.1026518
vt -0.1623006 0.1076893
vt -0.1652631 0.1117435
vt -0.1700416 0.1132657
vt -0.1748106 0.1116746
vt -0.1777488 0.1075779
vt -0.1777337 0.1025404
vt -0.1747711 0.09848623
vt -0.1699927 0.09696397
vt -0.1374923 -0.01887948
vt -0.1400297 -0.01457003
vt -0.1401298 -0.01692455
vt -0.1375924 -0.021234
vt 0.05081232 -0.0208006
vt 0.04644022 -0.01837277
vt 0.04642653 -0.02072938
vt 0.05079862 -0.02315721
vt 0.144319 -0.01595526
vt 0.1393328 -0.01634018
vt 0.1393679 -0.01869657
vt 0.144354 -0.01831164
vt 0.2314287 -0.01013773
vt 0.2274646 -0.01318652
vt 0.227549 -0.01554166
vt 0.2315131 -0.01249286
vt 0.3426427 0.001733176
vt 0.3405477 -0.002807785
vt 0.3407062 -0.005159086
vt 0.3428013 -0.0006181324
vt 0.148279 -0.0194272
vt 0.1457417 -0.02373664
vt 0.1458418 -0.02609116
vt 0.1483791 -0.02178171
vt -0.03990646 -0.03013898
vt -0.04427855 -0.03256681
vt -0.04426485 -0.03492342
vt -0.03989277 -0.03249559
vt -0.1404044 -0.03022107
vt -0.1453905 -0.02983615
vt -0.1454256 -0.03219254
vt -0.1404395 -0.03257746
vt -0.2354635 -0.02358685
vt -0.2394277 -0.02053805
vt -0.239512 -0.02289319
vt -0.2355479 -0.02594199
vt -0.3469626 -0.005767444
vt -0.3490576 -0.001226492
vt -0.3492162 -0.003577799
vt -0.3471211 -0.008118751
vt 0.1391843 0.1141323
vt 0.1372526 0.1187451
vt 0.1329785 0.1213416
vt 0.1279946 0.1209299
vt 0.1242044 0.1176673
vt 0.1230558 0.1128
vt 0.1249875 0.1081872
vt 0.1292616 0.1055908
vt 0.1342456 0.1060025
vt 0.1380357 0.1092651
vt -0.1380065 0.1113974
vt -0.1342163 0.1081348
vt -0.1292324 0.1077231
vt -0.1249583 0.1103196
vt -0.1230266 0.1149324
vt -0.1241752 0.1197997
vt -0.1279653 0.1230622
vt -0.1329493 0.1234739
vt -0.1372234 0.1208775
vt -0.1391551 0.1162647
vt -0.1245642 -0.01784712
vt -0.1274978 -0.01377045
vt -0.1283942 -0.01210677
vt -0.1254605 -0.01618342
vt 0.05935429 -0.01724479
vt 0.05948733 -0.0126815
vt 0.0579444 -0.01103046
vt 0.05781136 -0.01559376
vt 0.1545376 -0.0116323
vt 0.1580279 -0.008236155
vt 0.1563223 -0.006602265
vt 0.152832 -0.009998393
vt 0.2461568 -0.005130606
vt 0.2508896 -0.00415124
vt 0.2491685 -0.00253625
vt 0.2444357 -0.003515623
vt 0.3500858 0.003630462
vt 0.3515757 0.001764519
vt 0.3503975 0.00336755
vt 0.3489076 0.005233492
vt 0.1199051 -0.007017171
vt 0.1169715 -0.01109383
vt 0.1178678 -0.00943013
vt 0.1208014 -0.005353478
vt -0.0746649 -0.0144087
vt -0.07453185 -0.01897199
vt -0.07298893 -0.01732094
vt -0.07312197 -0.01275765
vt -0.1691896 -0.01776403
vt -0.1656992 -0.02116016
vt -0.1639937 -0.01952625
vt -0.167484 -0.01613012
vt -0.2516441 -0.01800517
vt -0.2469113 -0.01898453
vt -0.2451902 -0.01736954
vt -0.249923 -0.01639017
vt -0.343815 -0.01135599
vt -0.3423251 -0.009490048
vt -0.3411469 -0.007887007
vt -0.3426368 -0.009752962
vt 0.1512658 0.1114418
vt 0.156217 0.1123813
vt 0.1596692 0.116053
vt 0.1603038 0.1210545
vt 0.1578784 0.1254753
vt 0.1533193 0.1276268
vt 0.1483681 0.1266872
vt 0.1449159 0.1230155
vt 0.1442813 0.1180141
vt 0.1467067 0.1135933
vt -0.1450119 0.1149407
vt -0.1425864 0.1193614
vt -0.143221 0.1243629
vt -0.1466732 0.1280346
vt -0.1516245 0.1289742
vt -0.1561835 0.1268226
vt -0.1586089 0.1224019
vt -0.1579743 0.1174004
vt -0.1545221 0.1137287
vt -0.1495709 0.1127892
vt -0.06828383 0.01555094
vt -0.07102 0.01978329
vt -0.07187055 0.02053286
vt -0.06913436 0.01630053
vt 0.06590687 -0.02927963
vt 0.06654742 -0.0248745
vt 0.06521875 -0.02397303
vt 0.06457819 -0.02837817
vt 0.1834626 -0.05381436
vt 0.1872804 -0.05070573
vt 0.1856935 -0.04982568
vt 0.1818757 -0.0529343
vt 0.3207823 -0.03399497
vt 0.3243814 -0.03223026
vt 0.3228114 -0.03163714
vt 0.3192124 -0.03340186
vt 0.2827069 0.07184149
vt 0.2805285 0.07077124
vt 0.2802052 0.07111743
vt 0.2823835 0.07218771
vt 0.06013839 0.02647813
vt 0.0574022 0.02224579
vt 0.05825277 0.02299535
vt 0.06098894 0.02722769
vt -0.08183783 -0.027449
vt -0.08119726 -0.03185414
vt -0.07986857 -0.03095269
vt -0.08050913 -0.02654756
vt -0.1968352 -0.05944017
vt -0.1930174 -0.06254878
vt -0.1914305 -0.06166872
vt -0.1952483 -0.05856011
vt -0.3218245 -0.04399414
vt -0.3182254 -0.04575885
vt -0.3166555 -0.04516573
vt -0.3202545 -0.04340103
vt -0.2780491 0.05620515
vt -0.2802274 0.05727543
vt -0.279904 0.05762165
vt -0.2777257 0.05655137
vt 0.1630235 0.1310896
vt 0.1679966 0.1314738
vt 0.1717691 0.1347338
vt 0.1729002 0.1396245
vt 0.1709578 0.1442777
vt 0.1666838 0.1469162
vt 0.1617108 0.146532
vt 0.1579383 0.143272
vt 0.1568072 0.1383813
vt 0.1587496 0.1337281
vt -0.1572053 0.1342111
vt -0.1552629 0.1388643
vt -0.156394 0.143755
vt -0.1601665 0.147015
vt -0.1651395 0.1473991
vt -0.1694135 0.1447607
vt -0.1713559 0.1401074
vt -0.1702248 0.1352168
vt -0.1664522 0.1319568
vt -0.1614792 0.1315726
vt -0.08041146 0.01174952
vt -0.08324296 0.01587167
vt -0.08388816 0.01417229
vt -0.08105665 0.01005015
vt 0.05616539 -0.03513861
vt 0.05165461 -0.03297935
vt 0.05105671 -0.03469595
vt 0.0555675 -0.0368552
vt 0.1726974 -0.06117343
vt 0.1677436 -0.06185865
vt 0.1672708 -0.06361382
vt 0.1722246 -0.06292861
vt 0.3113129 -0.04177691
vt 0.3076672 -0.04520003
vt 0.3075181 -0.04701166
vt 0.3111638 -0.04358852
vt 0.2940797 0.05920364
vt 0.2923141 0.05452472
vt 0.2927898 0.05277031
vt 0.2945554 0.05744923
vt 0.09242748 0.009562812
vt 0.08959598 0.005440663
vt 0.09024119 0.003741275
vt 0.09307269 0.007863425
vt -0.0461972 -0.0443802
vt -0.05070797 -0.04653946
vt -0.05011006 -0.04825605
vt -0.0455993 -0.0460968
vt -0.1694055 -0.07387336
vt -0.1743593 -0.07318813
vt -0.1738865 -0.07494332
vt -0.1689327 -0.07562854
vt -0.3132903 -0.05118925
vt -0.316936 -0.04776613
vt -0.3167869 -0.04957774
vt -0.3131412 -0.05300087
vt -0.2887109 0.05588358
vt -0.2904764 0.0605625
vt -0.2909521 0.05880811
vt -0.2891865 0.05412918
vt 0.1497402 0.1344247
vt 0.1475248 0.1389082
vt 0.1430971 0.1412331
vt 0.1381485 0.1405116
vt 0.1345691 0.1370191
vt 0.1337261 0.1320897
vt 0.1359416 0.1276062
vt 0.1403693 0.1252813
vt 0.1453179 0.1260029
vt 0.1488973 0.1294954
vt -0.1494083 0.1309029
vt -0.1458289 0.1274104
vt -0.1408803 0.1266888
vt -0.1364527 0.1290137
vt -0.1342372 0.1334972
vt -0.1350802 0.1384266
vt -0.1386596 0.141919
vt -0.1436082 0.1426406
vt -0.1480358 0.1403157
vt -0.1502513 0.1358322
o group1219024400
g mesh1219024400
usemtl mat20
f 3/3/1 2/2/1 1/1/1
f 5/6/2 4/5/2 2/4/2
f 5/10/3 7/9/3 6/8/3 4/7/3
f 7/14/4 9/13/4 8/12/4 6/11/4
f 9/18/5 11/17/5 10/16/5 8/15/5
f 11/22/6 13/21/6 12/20/6 10/19/6
f 13/26/7 15/25/7 14/24/7 12/23/7
f 15/29/8 16/28/8 14/27/8
f 18/32/9 17/31/9 16/30/9
f 18/36/10 20/35/10 19/34/10 17/33/10
f 20/40/11 22/39/11 21/38/11 19/37/11
f 22/44/12 3/43/12 1/42/12 21/41/12
f 23/47/13 19/46/13 21/45/13
f 27/51/14 26/50/14 25/49/14 24/48/14
f 23/55/15 28/54/15 17/53/15 19/52/15
f 28/58/16 29/57/16 17/56/16
f 29/61/17 30/60/17 14/59/17
f 30/65/18 31/64/18 12/63/18 14/62/18
f 31/69/19 32/68/19 10/67/19 12/66/19
f 32/73/20 33/72/20 8/71/20 10/70/20
f 33/77/21 34/76/21 6/75/21 8/74/21
f 34/81/22 35/80/22 4/79/22 6/78/22
f 35/85/23 36/84/23 2/83/23 4/82/23
f 36/89/24 37/88/24 1/87/24 2/86/24
f 37/92/25 21/91/25 1/90/25
f 28/95/26 23/94/26 38/93/26
f 26/99/27 40/98/27 39/97/27 25/96/27
f 40/103/28 42/102/28 41/101/28 39/100/28
f 42/107/29 44/106/29 43/105/29 41/104/29
f 44/110/30 45/109/30 43/108/30
f 44/113/31 46/112/31 45/111/31
f 49/117/32 48/116/32 47/115/32 46/114/32
f 48/121/33 51/120/33 50/119/33 47/118/33
f 53/124/34 52/123/34 50/122/34
f 53/127/35 55/126/35 54/125/35
f 55/131/36 27/130/36 24/129/36 54/128/36
f 55/141/37 53/140/37 51/139/37 48/138/37 49/137/37 44/136/37 42/135/37 40/134/37 26/133/37 27/132/37
f 59/145/38 58/144/38 57/143/38 56/142/38
f 61/149/39 60/148/39 58/147/39 59/146/39
f 62/152/40 60/151/40 61/150/40
f 64/155/41 63/154/41 62/153/41
f 66/159/42 65/158/42 63/157/42 64/156/42
f 68/163/43 67/162/43 65/161/43 66/160/43
f 70/167/44 69/166/44 67/165/44 68/164/44
f 72/171/45 71/170/45 69/169/45 70/168/45
f 74/175/46 73/174/46 71/173/46 72/172/46
f 75/178/47 73/177/47 74/176/47
f 77/181/48 76/180/48 75/179/48
f 56/185/49 57/184/49 76/183/49 77/182/49
f 73/189/50 54/188/50 24/187/50 71/186/50
f 75/192/51 54/191/51 73/190/51
f 76/195/52 52/194/52 75/193/52
f 57/198/53 52/197/53 76/196/53
f 58/202/54 47/201/54 50/200/54 57/199/54
f 60/206/55 46/205/55 47/204/55 58/203/55
f 62/209/56 45/208/56 60/207/56
f 63/213/57 43/212/57 45/211/57 62/210/57
f 65/217/58 41/216/58 43/215/58 63/214/58
f 67/221/59 39/220/59 41/219/59 65/218/59
f 69/225/60 25/224/60 39/223/60 67/222/60
f 71/229/61 24/228/61 25/227/61 69/226/61
f 3/232/62 72/231/62 70/230/62
f 22/236/63 74/235/63 72/234/63 3/233/63
f 20/239/64 74/238/64 22/237/64
f 18/242/65 77/241/65 20/240/65
f 56/245/66 77/244/66 18/243/66
f 15/248/67 59/247/67 56/246/67
f 13/252/68 61/251/68 59/250/68 15/249/68
f 11/255/69 61/254/69 13/253/69
f 9/258/70 64/257/70 11/256/70
f 7/262/71 66/261/71 64/260/71 9/259/71
f 5/266/72 68/265/72 66/264/72 7/263/72
f 70/269/73 68/268/73 5/267/73
f 15/272/74 78/271/74 16/270/74
f 16/275/75 78/274/75 18/273/75
f 18/278/76 78/277/76 56/276/76
f 56/281/77 78/280/77 15/279/77
f 61/284/78 79/283/78 62/282/78
f 62/287/79 79/286/79 64/285/79
f 11/290/80 79/289/80 61/288/80
f 64/293/81 79/292/81 11/291/81
f 53/296/82 80/295/82 52/294/82
f 54/299/83 80/298/83 53/297/83
f 75/302/84 80/301/84 54/300/84
f 52/305/85 80/304/85 75/303/85
f 3/308/86 81/307/86 2/306/86
f 2/311/87 81/310/87 5/309/87
f 70/314/88 81/313/88 3/312/88
f 5/317/89 81/316/89 70/315/89
f 74/320/90 82/319/90 75/318/90
f 75/323/91 82/322/91 77/321/91
f 20/326/92 82/325/92 74/324/92
f 77/329/93 82/328/93 20/327/93
f 29/332/94 16/331/94 17/330/94
f 14/335/95 16/334/95 29/333/95
f 21/338/96 38/337/96 23/336/96
f 37/341/97 38/340/97 21/339/97
f 29/344/98 28/343/98 38/342/98
f 30/347/99 29/346/99 38/345/99
f 31/350/100 30/349/100 38/348/100
f 32/353/101 31/352/101 38/351/101
f 33/356/102 32/355/102 38/354/102
f 34/359/103 33/358/103 38/357/103
f 35/362/104 34/361/104 38/360/104
f 36/365/105 35/364/105 38/363/105
f 37/368/106 36/367/106 38/366/106
f 44/371/107 49/370/107 46/369/107
f 50/374/108 51/373/108 53/372/108
f 57/377/109 50/376/109 52/375/109
f 45/380/110 46/379/110 60/378/110
o group1740383255
g mesh1740383255
usemtl mat20
f 85/383/111 84/382/111 83/381/111
f 87/386/112 86/385/112 84/384/112
f 87/390/113 89/389/113 88/388/113 86/387/113
f 89/394/114 91/393/114 90/392/114 88/391/114
f 91/398/115 93/397/115 92/396/115 90/395/115
f 93/402/116 95/401/116 94/400/116 92/399/116
f 95/406/117 97/405/117 96/404/117 94/403/117
f 97/409/118 98/408/118 96/407/118
f 100/412/119 99/411/119 98/410/119
f 100/416/120 102/415/120 101/414/120 99/413/120
f 102/420/121 104/419/121 103/418/121 101/417/121
f 104/424/122 85/423/122 83/422/122 103/421/122
f 105/427/123 101/426/123 103/425/123
f 109/431/124 108/430/124 107/429/124 106/428/124
f 105/435/125 110/434/125 99/433/125 101/432/125
f 110/438/126 111/437/126 99/436/126
f 111/441/127 112/440/127 96/439/127
f 112/445/128 113/444/128 94/443/128 96/442/128
f 113/449/129 114/448/129 92/447/129 94/446/129
f 114/453/130 115/452/130 90/451/130 92/450/130
f 115/457/131 116/456/131 88/455/131 90/454/131
f 116/461/132 117/460/132 86/459/132 88/458/132
f 117/465/133 118/464/133 84/463/133 86/462/133
f 118/469/134 119/468/134 83/467/134 84/466/134
f 119/472/135 103/471/135 83/470/135
f 110/475/136 105/474/136 120/473/136
f 108/479/137 122/478/137 121/477/137 107/476/137
f 122/483/138 124/482/138 123/481/138 121/480/138
f 124/487/139 126/486/139 125/485/139 123/484/139
f 126/490/140 127/489/140 125/488/140
f 126/493/141 128/492/141 127/491/141
f 131/497/142 130/496/142 129/495/142 128/494/142
f 130/501/143 133/500/143 132/499/143 129/498/143
f 135/504/144 134/503/144 132/502/144
f 135/507/145 137/506/145 136/505/145
f 137/511/146 109/510/146 106/509/146 136/508/146
f 137/521/147 135/520/147 133/519/147 130/518/147 131/517/147 126/516/147 124/515/147 122/514/147 108/513/147 109/512/147
f 141/525/148 140/524/148 139/523/148 138/522/148
f 143/529/149 142/528/149 140/527/149 141/526/149
f 144/532/150 142/531/150 143/530/150
f 146/535/151 145/534/151 144/533/151
f 148/539/152 147/538/152 145/537/152 146/536/152
f 150/543/153 149/542/153 147/541/153 148/540/153
f 152/547/154 151/546/154 149/545/154 150/544/154
f 154/551/155 153/550/155 151/549/155 152/548/155
f 156/555/156 155/554/156 153/553/156 154/552/156
f 157/558/157 155/557/157 156/556/157
f 159/561/158 158/560/158 157/559/158
f 138/565/159 139/564/159 158/563/159 159/562/159
f 155/569/160 136/568/160 106/567/160 153/566/160
f 157/572/161 136/571/161 155/570/161
f 158/575/162 134/574/162 157/573/162
f 139/578/163 134/577/163 158/576/163
f 140/582/164 129/581/164 132/580/164 139/579/164
f 142/586/165 128/585/165 129/584/165 140/583/165
f 144/589/166 127/588/166 142/587/166
f 145/593/167 125/592/167 127/591/167 144/590/167
f 147/597/168 123/596/168 125/595/168 145/594/168
f 149/601/169 121/600/169 123/599/169 147/598/169
f 151/605/170 107/604/170 121/603/170 149/602/170
f 153/609/171 106/608/171 107/607/171 151/606/171
f 85/612/172 154/611/172 152/610/172
f 104/616/173 156/615/173 154/614/173 85/613/173
f 102/619/174 156/618/174 104/617/174
f 100/622/175 159/621/175 102/620/175
f 138/625/176 159/624/176 100/623/176
f 97/628/177 141/627/177 138/626/177
f 95/632/178 143/631/178 141/630/178 97/629/178
f 93/635/179 143/634/179 95/633/179
f 91/638/180 146/637/180 93/636/180
f 89/642/181 148/641/181 146/640/181 91/639/181
f 87/646/182 150/645/182 148/644/182 89/643/182
f 152/649/183 150/648/183 87/647/183
f 97/652/184 160/651/184 98/650/184
f 98/655/185 160/654/185 100/653/185
f 100/658/186 160/657/186 138/656/186
f 138/661/187 160/660/187 97/659/187
f 143/664/188 161/663/188 144/662/188
f 144/667/189 161/666/189 146/665/189
f 93/670/190 161/669/190 143/668/190
f 146/673/191 161/672/191 93/671/191
f 135/676/192 162/675/192 134/674/192
f 136/679/193 162/678/193 135/677/193
f 157/682/194 162/681/194 136/680/194
f 134/685/195 162/684/195 157/683/195
f 85/688/196 163/687/196 84/686/196
f 84/691/197 163/690/197 87/689/197
f 152/694/198 163/693/198 85/692/198
f 87/697/199 163/696/199 152/695/199
f 156/700/200 164/699/200 157/698/200
f 157/703/201 164/702/201 159/701/201
f 102/706/202 164/705/202 156/704/202
f 159/709/203 164/708/203 102/707/203
f 111/712/204 98/711/204 99/710/204
f 96/715/205 98/714/205 111/713/205
f 103/718/206 120/717/206 105/716/206
f 119/721/207 120/720/207 103/719/207
f 111/724/208 110/723/208 120/722/208
f 112/727/209 111/726/209 120/725/209
f 113/730/210 112/729/210 120/728/210
f 114/733/211 113/732/211 120/731/211
f 115/736/212 114/735/212 120/734/212
f 116/739/213 115/738/213 120/737/213
f 117/742/214 116/741/214 120/740/214
f 118/745/215 117/744/215 120/743/215
f 119/748/216 118/747/216 120/746/216
f 126/751/217 131/750/217 128/749/217
f 132/754/218 133/753/218 135/752/218
f 139/757/219 132/756/219 134/755/219
f 127/760/220 128/759/220 142/758/220
o group1007647190
g mesh1007647190
usemtl mat20
f 167/763/221 166/762/221 165/761/221
f 169/766/222 168/765/222 166/764/222
f 169/770/223 171/769/223 170/768/223 168/767/223
f 171/774/224 173/773/224 172/772/224 170/771/224
f 173/778/225 175/777/225 174/776/225 172/775/225
f 175/782/226 177/781/226 176/780/226 174/779/226
f 177/786/227 179/785/227 178/784/227 176/783/227
f 179/789/228 180/788/228 178/787/228
f 182/792/229 181/791/229 180/790/229
f 182/796/230 184/795/230 183/794/230 181/793/230
f 184/800/231 186/799/231 185/798/231 183/797/231
f 186/804/232 167/803/232 165/802/232 185/801/232
f 187/807/233 183/806/233 185/805/233
f 191/811/234 190/810/234 189/809/234 188/808/234
f 187/815/235 192/814/235 181/813/235 183/812/235
f 192/818/236 193/817/236 181/816/236
f 193/821/237 194/820/237 178/819/237
f 194/825/238 195/824/238 176/823/238 178/822/238
f 195/829/239 196/828/239 174/827/239 176/826/239
f 196/833/240 197/832/240 172/831/240 174/830/240
f 197/837/241 198/836/241 170/835/241 172/834/241
f 198/841/242 199/840/242 168/839/242 170/838/242
f 199/845/243 200/844/243 166/843/243 168/842/243
f 200/849/244 201/848/244 165/847/244 166/846/244
f 201/852/245 185/851/245 165/850/245
f 192/855/246 187/854/246 202/853/246
f 190/859/247 204/858/247 203/857/247 189/856/247
f 204/863/248 206/862/248 205/861/248 203/860/248
f 206/867/249 208/866/249 207/865/249 205/864/249
f 208/870/250 209/869/250 207/868/250
f 208/873/251 210/872/251 209/871/251
f 213/877/252 212/876/252 211/875/252 210/874/252
f 212/881/253 215/880/253 214/879/253 211/878/253
f 217/884/254 216/883/254 214/882/254
f 217/887/255 219/886/255 218/885/255
f 219/891/256 191/890/256 188/889/256 218/888/256
f 219/901/257 217/900/257 215/899/257 212/898/257 213/897/257 208/896/257 206/895/257 204/894/257 190/893/257 191/892/257
f 223/905/258 222/904/258 221/903/258 220/902/258
f 225/909/259 224/908/259 222/907/259 223/906/259
f 226/912/260 224/911/260 225/910/260
f 228/915/261 227/914/261 226/913/261
f 230/919/262 229/918/262 227/917/262 228/916/262
f 232/923/263 231/922/263 229/921/263 230/920/263
f 234/927/264 233/926/264 231/925/264 232/924/264
f 236/931/265 235/930/265 233/929/265 234/928/265
f 238/935/266 237/934/266 235/933/266 236/932/266
f 239/938/267 237/937/267 238/936/267
f 241/941/268 240/940/268 239/939/268
f 220/945/269 221/944/269 240/943/269 241/942/269
f 237/949/270 218/948/270 188/947/270 235/946/270
f 239/952/271 218/951/271 237/950/271
f 240/955/272 216/954/272 239/953/272
f 221/958/273 216/957/273 240/956/273
f 222/962/274 211/961/274 214/960/274 221/959/274
f 224/966/275 210/965/275 211/964/275 222/963/275
f 226/969/276 209/968/276 224/967/276
f 227/973/277 207/972/277 209/971/277 226/970/277
f 229/977/278 205/976/278 207/975/278 227/974/278
f 231/981/279 203/980/279 205/979/279 229/978/279
f 233/985/280 189/984/280 203/983/280 231/982/280
f 235/989/281 188/988/281 189/987/281 233/986/281
f 167/992/282 236/991/282 234/990/282
f 186/996/283 238/995/283 236/994/283 167/993/283
f 184/999/284 238/998/284 186/997/284
f 182/1002/285 241/1001/285 184/1000/285
f 220/1005/286 241/1004/286 182/1003/286
f 179/1008/287 223/1007/287 220/1006/287
f 177/1012/288 225/1011/288 223/1010/288 179/1009/288
f 175/1015/289 225/1014/289 177/1013/289
f 173/1018/290 228/1017/290 175/1016/290
f 171/1022/291 230/1021/291 228/1020/291 173/1019/291
f 169/1026/292 232/1025/292 230/1024/292 171/1023/292
f 234/1029/293 232/1028/293 169/1027/293
f 179/1032/294 242/1031/294 180/1030/294
f 180/1035/295 242/1034/295 182/1033/295
f 182/1038/296 242/1037/296 220/1036/296
f 220/1041/297 242/1040/297 179/1039/297
f 225/1044/298 243/1043/298 226/1042/298
f 226/1047/299 243/1046/299 228/1045/299
f 175/1050/300 243/1049/300 225/1048/300
f 228/1053/301 243/1052/301 175/1051/301
f 217/1056/302 244/1055/302 216/1054/302
f 218/1059/303 244/1058/303 217/1057/303
f 239/1062/304 244/1061/304 218/1060/304
f 216/1065/305 244/1064/305 239/1063/305
f 167/1068/306 245/1067/306 166/1066/306
f 166/1071/307 245/1070/307 169/1069/307
f 234/1074/308 245/1073/308 167/1072/308
f 169/1077/309 245/1076/309 234/1075/309
f 238/1080/310 246/1079/310 239/1078/310
f 239/1083/311 246/1082/311 241/1081/311
f 184/1086/312 246/1085/312 238/1084/312
f 241/1089/313 246/1088/313 184/1087/313
f 193/1092/314 180/1091/314 181/1090/314
f 178/1095/315 180/1094/315 193/1093/315
f 185/1098/316 202/1097/316 187/1096/316
f 201/1101/317 202/1100/317 185/1099/317
f 193/1104/318 192/1103/318 202/1102/318
f 194/1107/319 193/1106/319 202/1105/319
f 195/1110/320 194/1109/320 202/1108/320
f 196/1113/321 195/1112/321 202/1111/321
f 197/1116/322 196/1115/322 202/1114/322
f 198/1119/323 197/1118/323 202/1117/323
f 199/1122/324 198/1121/324 202/1120/324
f 200/1125/325 199/1124/325 202/1123/325
f 201/1128/326 200/1127/326 202/1126/326
f 208/1131/327 213/1130/327 210/1129/327
f 214/1134/328 215/1133/328 217/1132/328
f 221/1137/329 214/1136/329 216/1135/329
f 209/1140/330 210/1139/330 224/1138/330
o group1103429856
g mesh1103429856
usemtl mat20
f 249/1143/331 248/1142/331 247/1141/331
f 251/1146/332 250/1145/332 248/1144/332
f 251/1150/333 253/1149/333 252/1148/333 250/1147/333
f 253/1154/334 255/1153/334 254/1152/334 252/1151/334
f 255/1158/335 257/1157/335 256/1156/335 254/1155/335
f 257/1162/336 259/1161/336 258/1160/336 256/1159/336
f 259/1166/337 261/1165/337 260/1164/337 258/1163/337
f 261/1169/338 262/1168/338 260/1167/338
f 264/1172/339 263/1171/339 262/1170/339
f 264/1176/340 266/1175/340 265/1174/340 263/1173/340
f 266/1180/341 268/1179/341 267/1178/341 265/1177/341
f 268/1184/342 249/1183/342 247/1182/342 267/1181/342
f 269/1187/343 265/1186/343 267/1185/343
f 273/1191/344 272/1190/344 271/1189/344 270/1188/344
f 269/1195/345 274/1194/345 263/1193/345 265/1192/345
f 274/1198/346 275/1197/346 263/1196/346
f 275/1201/347 276/1200/347 260/1199/347
f 276/1205/348 277/1204/348 258/1203/348 260/1202/348
f 277/1209/349 278/1208/349 256/1207/349 258/1206/349
f 278/1213/350 279/1212/350 254/1211/350 256/1210/350
f 279/1217/351 280/1216/351 252/1215/351 254/1214/351
f 280/1221/352 281/1220/352 250/1219/352 252/1218/352
f 281/1225/353 282/1224/353 248/1223/353 250/1222/353
f 282/1229/354 283/1228/354 247/1227/354 248/1226/354
f 283/1232/355 267/1231/355 247/1230/355
f 274/1235/356 269/1234/356 284/1233/356
f 272/1239/357 286/1238/357 285/1237/357 271/1236/357
f 286/1243/358 288/1242/358 287/1241/358 285/1240/358
f 288/1247/359 290/1246/359 289/1245/359 287/1244/359
f 290/1250/360 291/1249/360 289/1248/360
f 290/1253/361 292/1252/361 291/1251/361
f 295/1257/362 294/1256/362 293/1255/362 292/1254/362
f 294/1261/363 297/1260/363 296/1259/363 293/1258/363
f 299/1264/364 298/1263/364 296/1262/364
f 299/1267/365 301/1266/365 300/1265/365
f 301/1271/366 273/1270/366 270/1269/366 300/1268/366
f 301/1281/367 299/1280/367 297/1279/367 294/1278/367 295/1277/367 290/1276/367 288/1275/367 286/1274/367 272/1273/367 273/1272/367
f 305/1285/368 304/1284/368 303/1283/368 302/1282/368
f 307/1289/369 306/1288/369 304/1287/369 305/1286/369
f 308/1292/370 306/1291/370 307/1290/370
f 310/1295/371 309/1294/371 308/1293/371
f 312/1299/372 311/1298/372 309/1297/372 310/1296/372
f 314/1303/373 313/1302/373 311/1301/373 312/1300/373
f 316/1307/374 315/1306/374 313/1305/374 314/1304/374
f 318/1311/375 317/1310/375 315/1309/375 316/1308/375
f 320/1315/376 319/1314/376 317/1313/376 318/1312/376
f 321/1318/377 319/1317/377 320/1316/377
f 323/1321/378 322/1320/378 321/1319/378
f 302/1325/379 303/1324/379 322/1323/379 323/1322/379
f 319/1329/380 300/1328/380 270/1327/380 317/1326/380
f 321/1332/381 300/1331/381 319/1330/381
f 322/1335/382 298/1334/382 321/1333/382
f 303/1338/383 298/1337/383 322/1336/383
f 304/1342/384 293/1341/384 296/1340/384 303/1339/384
f 306/1346/385 292/1345/385 293/1344/385 304/1343/385
f 308/1349/386 291/1348/386 306/1347/386
f 309/1353/387 289/1352/387 291/1351/387 308/1350/387
f 311/1357/388 287/1356/388 289/1355/388 309/1354/388
f 313/1361/389 285/1360/389 287/1359/389 311/1358/389
f 315/1365/390 271/1364/390 285/1363/390 313/1362/390
f 317/1369/391 270/1368/391 271/1367/391 315/1366/391
f 249/1372/392 318/1371/392 316/1370/392
f 268/1376/393 320/1375/393 318/1374/393 249/1373/393
f 266/1379/394 320/1378/394 268/1377/394
f 264/1382/395 323/1381/395 266/1380/395
f 302/1385/396 323/1384/396 264/1383/396
f 261/1388/397 305/1387/397 302/1386/397
f 259/1392/398 307/1391/398 305/1390/398 261/1389/398
f 257/1395/399 307/1394/399 259/1393/399
f 255/1398/400 310/1397/400 257/1396/400
f 253/1402/401 312/1401/401 310/1400/401 255/1399/401
f 251/1406/402 314/1405/402 312/1404/402 253/1403/402
f 316/1409/403 314/1408/403 251/1407/403
f 261/1412/404 324/1411/404 262/1410/404
f 262/1415/405 324/1414/405 264/1413/405
f 264/1418/406 324/1417/406 302/1416/406
f 302/1421/407 324/1420/407 261/1419/407
f 307/1424/408 325/1423/408 308/1422/408
f 308/1427/409 325/1426/409 310/1425/409
f 257/1430/410 325/1429/410 307/1428/410
f 310/1433/411 325/1432/411 257/1431/411
f 299/1436/412 326/1435/412 298/1434/412
f 300/1439/413 326/1438/413 299/1437/413
f 321/1442/414 326/1441/414 300/1440/414
f 298/1445/415 326/1444/415 321/1443/415
f 249/1448/416 327/1447/416 248/1446/416
f 248/1451/417 327/1450/417 251/1449/417
f 316/1454/418 327/1453/418 249/1452/418
f 251/1457/419 327/1456/419 316/1455/419
f 320/1460/420 328/1459/420 321/1458/420
f 321/1463/421 328/1462/421 323/1461/421
f 266/1466/422 328/1465/422 320/1464/422
f 323/1469/423 328/1468/423 266/1467/423
f 275/1472/424 262/1471/424 263/1470/424
f 260/1475/425 262/1474/425 275/1473/425
f 267/1478/426 284/1477/426 269/1476/426
f 283/1481/427 284/1480/427 267/1479/427
f 275/1484/428 274/1483/428 284/1482/428
f 276/1487/429 275/1486/429 284/1485/429
f 277/1490/430 276/1489/430 284/1488/430
f 278/1493/431 277/1492/431 284/1491/431
f 279/1496/432 278/1495/432 284/1494/432
f 280/1499/433 279/1498/433 284/1497/433
f 281/1502/434 280/1501/434 284/1500/434
f 282/1505/435 281/1504/435 284/1503/435
f 283/1508/436 282/1507/436 284/1506/436
f 290/1511/437 295/1510/437 292/1509/437
f 296/1514/438 297/1513/438 299/1512/438
f 303/1517/439 296/1516/439 298/1515/439
f 291/1520/440 292/1519/440 306/1518/440
o group1006558148
g mesh1006558148
usemtl mat20
f 331/1523/441 330/1522/441 329/1521/441
f 333/1526/442 332/1525/442 330/1524/442
f 333/1530/443 335/1529/443 334/1528/443 332/1527/443
f 335/1534/444 337/1533/444 336/1532/444 334/1531/444
f 337/1538/445 339/1537/445 338/1536/445 336/1535/445
f 339/1542/446 341/1541/446 340/1540/446 338/1539/446
f 341/1546/447 343/1545/447 342/1544/447 340/1543/447
f 343/1549/448 344/1548/448 342/1547/448
f 346/1552/449 345/1551/449 344/1550/449
f 346/1556/450 348/1555/450 347/1554/450 345/1553/450
f 348/1560/451 350/1559/451 349/1558/451 347/1557/451
f 350/1564/452 331/1563/452 329/1562/452 349/1561/452
f 351/1567/453 347/1566/453 349/1565/453
f 355/1571/454 354/1570/454 353/1569/454 352/1568/454
f 351/1575/455 356/1574/455 345/1573/455 347/1572/455
f 356/1578/456 357/1577/456 345/1576/456
f 357/1581/457 358/1580/457 342/1579/457
f 358/1585/458 359/1584/458 340/1583/458 342/1582/458
f 359/1589/459 360/1588/459 338/1587/459 340/1586/459
f 360/1593/460 361/1592/460 336/1591/460 338/1590/460
f 361/1597/461 362/1596/461 334/1595/461 336/1594/461
f 362/1601/462 363/1600/462 332/1599/462 334/1598/462
f 363/1605/463 364/1604/463 330/1603/463 332/1602/463
f 364/1609/464 365/1608/464 329/1607/464 330/1606/464
f 365/1612/465 349/1611/465 329/1610/465
f 356/1615/466 351/1614/466 366/1613/466
f 354/1619/467 368/1618/467 367/1617/467 353/1616/467
f 368/1623/468 370/1622/468 369/1621/468 367/1620/468
f 370/1627/469 372/1626/469 371/1625/469 369/1624/469
f 372/1630/470 373/1629/470 371/1628/470
f 372/1633/471 374/1632/471 373/1631/471
f 377/1637/472 376/1636/472 375/1635/472 374/1634/472
f 376/1641/473 379/1640/473 378/1639/473 375/1638/473
f 381/1644/474 380/1643/474 378/1642/474
f 381/1647/475 383/1646/475 382/1645/475
f 383/1651/476 355/1650/476 352/1649/476 382/1648/476
f 383/1661/477 381/1660/477 379/1659/477 376/1658/477 377/1657/477 372/1656/477 370/1655/477 368/1654/477 354/1653/477 355/1652/477
f 387/1665/478 386/1664/478 385/1663/478 384/1662/478
f 389/1669/479 388/1668/479 386/1667/479 387/1666/479
f 390/1672/480 388/1671/480 389/1670/480
f 392/1675/481 391/1674/481 390/1673/481
f 394/1679/482 393/1678/482 391/1677/482 392/1676/482
f 396/1683/483 395/1682/483 393/1681/483 394/1680/483
f 398/1687/484 397/1686/484 395/1685/484 396/1684/484
f 400/1691/485 399/1690/485 397/1689/485 398/1688/485
f 402/1695/486 401/1694/486 399/1693/486 400/1692/486
f 403/1698/487 401/1697/487 402/1696/487
f 405/1701/488 404/1700/488 403/1699/488
f 384/1705/489 385/1704/489 404/1703/489 405/1702/489
f 401/1709/490 382/1708/490 352/1707/490 399/1706/490
f 403/1712/491 382/1711/491 401/1710/491
f 404/1715/492 380/1714/492 403/1713/492
f 385/1718/493 380/1717/493 404/1716/493
f 386/1722/494 375/1721/494 378/1720/494 385/1719/494
f 388/1726/495 374/1725/495 375/1724/495 386/1723/495
f 390/1729/496 373/1728/496 388/1727/496
f 391/1733/497 371/1732/497 373/1731/497 390/1730/497
f 393/1737/498 369/1736/498 371/1735/498 391/1734/498
f 395/1741/499 367/1740/499 369/1739/499 393/1738/499
f 397/1745/500 353/1744/500 367/1743/500 395/1742/500
f 399/1749/501 352/1748/501 353/1747/501 397/1746/501
f 331/1752/502 400/1751/502 398/1750/502
f 350/1756/503 402/1755/503 400/1754/503 331/1753/503
f 348/1759/504 402/1758/504 350/1757/504
f 346/1762/505 405/1761/505 348/1760/505
f 384/1765/506 405/1764/506 346/1763/506
f 343/1768/507 387/1767/507 384/1766/507
f 341/1772/508 389/1771/508 387/1770/508 343/1769/508
f 339/1775/509 389/1774/509 341/1773/509
f 337/1778/510 392/1777/510 339/1776/510
f 335/1782/511 394/1781/511 392/1780/511 337/1779/511
f 333/1786/512 396/1785/512 394/1784/512 335/1783/512
f 398/1789/513 396/1788/513 333/1787/513
f 343/1792/514 406/1791/514 344/1790/514
f 344/1795/515 406/1794/515 346/1793/515
f 346/1798/516 406/1797/516 384/1796/516
f 384/1801/517 406/1800/517 343/1799/517
f 389/1804/518 407/1803/518 390/1802/518
f 390/1807/519 407/1806/519 392/1805/519
f 339/1810/520 407/1809/520 389/1808/520
f 392/1813/521 407/1812/521 339/1811/521
f 381/1816/522 408/1815/522 380/1814/522
f 382/1819/523 408/1818/523 381/1817/523
f 403/1822/524 408/1821/524 382/1820/524
f 380/1825/525 408/1824/525 403/1823/525
f 331/1828/526 409/1827/526 330/1826/526
f 330/1831/527 409/1830/527 333/1829/527
f 398/1834/528 409/1833/528 331/1832/528
f 333/1837/529 409/1836/529 398/1835/529
f 402/1840/530 410/1839/530 403/1838/530
f 403/1843/531 410/1842/531 405/1841/531
f 348/1846/532 410/1845/532 402/1844/532
f 405/1849/533 410/1848/533 348/1847/533
f 357/1852/534 344/1851/534 345/1850/534
f 342/1855/535 344/1854/535 357/1853/535
f 349/1858/536 366/1857/536 351/1856/536
f 365/1861/537 366/1860/537 349/1859/537
f 357/1864/538 356/1863/538 366/1862/538
f 358/1867/539 357/1866/539 366/1865/539
f 359/1870/540 358/1869/540 366/1868/540
f 360/1873/541 359/1872/541 366/1871/541
f 361/1876/542 360/1875/542 366/1874/542
f 362/1879/543 361/1878/543 366/1877/543
f 363/1882/544 362/1881/544 366/1880/544
f 364/1885/545 363/1884/545 366/1883/545
f 365/1888/546 364/1887/546 366/1886/546
f 372/1891/547 377/1890/547 374/1889/547
f 378/1894/548 379/1893/548 381/1892/548
f 385/1897/549 378/1896/549 380/1895/549
f 373/1900/550 374/1899/550 388/1898/550
o group1051162785
g mesh1051162785
usemtl mat20
f 413/1903/551 412/1902/551 411/1901/551
f 415/1906/552 414/1905/552 412/1904/552
f 415/1910/553 417/1909/553 416/1908/553 414/1907/553
f 417/1914/554 419/1913/554 418/1912/554 416/1911/554
f 419/1918/555 421/1917/555 420/1916/555 418/1915/555
f 421/1922/556 423/1921/556 422/1920/556 420/1919/556
f 423/1926/557 425/1925/557 424/1924/557 422/1923/557
f 425/1929/558 426/1928/558 424/1927/558
f 428/1932/559 427/1931/559 426/1930/559
f 428/1936/560 430/1935/560 429/1934/560 427/1933/560
f 430/1940/561 432/1939/561 431/1938/561 429/1937/561
f 432/1944/562 413/1943/562 411/1942/562 431/1941/562
f 433/1947/563 429/1946/563 431/1945/563
f 437/1951/564 436/1950/564 435/1949/564 434/1948/564
f 433/1955/565 438/1954/565 427/1953/565 429/1952/565
f 438/1958/566 439/1957/566 427/1956/566
f 439/1961/567 440/1960/567 424/1959/567
f 440/1965/568 441/1964/568 422/1963/568 424/1962/568
f 441/1969/569 442/1968/569 420/1967/569 422/1966/569
f 442/1973/570 443/1972/570 418/1971/570 420/1970/570
f 443/1977/571 444/1976/571 416/1975/571 418/1974/571
f 444/1981/572 445/1980/572 414/1979/572 416/1978/572
f 445/1985/573 446/1984/573 412/1983/573 414/1982/573
f 446/1989/574 447/1988/574 411/1987/574 412/1986/574
f 447/1992/575 431/1991/575 411/1990/575
f 438/1995/576 433/1994/576 448/1993/576
f 436/1999/577 450/1998/577 449/1997/577 435/1996/577
f 450/2003/578 452/2002/578 451/2001/578 449/2000/578
f 452/2007/579 454/2006/579 453/2005/579 451/2004/579
f 454/2010/580 455/2009/580 453/2008/580
f 454/2013/581 456/2012/581 455/2011/581
f 459/2017/582 458/2016/582 457/2015/582 456/2014/582
f 458/2021/583 461/2020/583 460/2019/583 457/2018/583
f 463/2024/584 462/2023/584 460/2022/584
f 463/2027/585 465/2026/585 464/2025/585
f 465/2031/586 437/2030/586 434/2029/586 464/2028/586
f 465/2041/587 463/2040/587 461/2039/587 458/2038/587 459/2037/587 454/2036/587 452/2035/587 450/2034/587 436/2033/587 437/2032/587
f 469/2045/588 468/2044/588 467/2043/588 466/2042/588
f 471/2049/589 470/2048/589 468/2047/589 469/2046/589
f 472/2052/590 470/2051/590 471/2050/590
f 474/2055/591 473/2054/591 472/2053/591
f 476/2059/592 475/2058/592 473/2057/592 474/2056/592
f 478/2063/593 477/2062/593 475/2061/593 476/2060/593
f 480/2067/594 479/2066/594 477/2065/594 478/2064/594
f 482/2071/595 481/2070/595 479/2069/595 480/2068/595
f 484/2075/596 483/2074/596 481/2073/596 482/2072/596
f 485/2078/597 483/2077/597 484/2076/597
f 487/2081/598 486/2080/598 485/2079/598
f 466/2085/599 467/2084/599 486/2083/599 487/2082/599
f 483/2089/600 464/2088/600 434/2087/600 481/2086/600
f 485/2092/601 464/2091/601 483/2090/601
f 486/2095/602 462/2094/602 485/2093/602
f 467/2098/603 462/2097/603 486/2096/603
f 468/2102/604 457/2101/604 460/2100/604 467/2099/604
f 470/2106/605 456/2105/605 457/2104/605 468/2103/605
f 472/2109/606 455/2108/606 470/2107/606
f 473/2113/607 453/2112/607 455/2111/607 472/2110/607
f 475/2117/608 451/2116/608 453/2115/608 473/2114/608
f 477/2121/609 449/2120/609 451/2119/609 475/2118/609
f 479/2125/610 435/2124/610 449/2123/610 477/2122/610
f 481/2129/611 434/2128/611 435/2127/611 479/2126/611
f 413/2132/612 482/2131/612 480/2130/612
f 432/2136/613 484/2135/613 482/2134/613 413/2133/613
f 430/2139/614 484/2138/614 432/2137/614
f 428/2142/615 487/2141/615 430/2140/615
f 466/2145/616 487/2144/616 428/2143/616
f 425/2148/617 469/2147/617 466/2146/617
f 423/2152/618 471/2151/618 469/2150/618 425/2149/618
f 421/2155/619 471/2154/619 423/2153/619
f 419/2158/620 474/2157/620 421/2156/620
f 417/2162/621 476/2161/621 474/2160/621 419/2159/621
f 415/2166/622 478/2165/622 476/2164/622 417/2163/622
f 480/2169/623 478/2168/623 415/2167/623
f 425/2172/624 488/2171/624 426/2170/624
f 426/2175/625 488/2174/625 428/2173/625
f 428/2178/626 488/2177/626 466/2176/626
f 466/2181/627 488/2180/627 425/2179/627
f 471/2184/628 489/2183/628 472/2182/628
f 472/2187/629 489/2186/629 474/2185/629
f 421/2190/630 489/2189/630 471/2188/630
f 474/2193/631 489/2192/631 421/2191/631
f 463/2196/632 490/2195/632 462/2194/632
f 464/2199/633 490/2198/633 463/2197/633
f 485/2202/634 490/2201/634 464/2200/634
f 462/2205/635 490/2204/635 485/2203/635
f 413/2208/636 491/2207/636 412/2206/636
f 412/2211/637 491/2210/637 415/2209/637
f 480/2214/638 491/2213/638 413/2212/638
f 415/2217/639 491/2216/639 480/2215/639
f 484/2220/640 492/2219/640 485/2218/640
f 485/2223/641 492/2222/641 487/2221/641
f 430/2226/642 492/2225/642 484/2224/642
f 487/2229/643 492/2228/643 430/2227/643
f 439/2232/644 426/2231/644 427/2230/644
f 424/2235/645 426/2234/645 439/2233/645
f 431/2238/646 448/2237/646 433/2236/646
f 447/2241/647 448/2240/647 431/2239/647
f 439/2244/648 438/2243/648 448/2242/648
f 440/2247/649 439/2246/649 448/2245/649
f 441/2250/650 440/2249/650 448/2248/650
f 442/2253/651 441/2252/651 448/2251/651
f 443/2256/652 442/2255/652 448/2254/652
f 444/2259/653 443/2258/653 448/2257/653
f 445/2262/654 444/2261/654 448/2260/654
f 446/2265/655 445/2264/655 448/2263/655
f 447/2268/656 446/2267/656 448/2266/656
f 454/2271/657 459/2270/657 456/2269/657
f 460/2274/658 461/2273/658 463/2272/658
f 467/2277/659 460/2276/659 462/2275/659
f 455/2280/660 456/2279/660 470/2278/660
o group956271849
g mesh956271849
usemtl mat20
f 495/2283/661 494/2282/661 493/2281/661
f 497/2286/662 496/2285/662 494/2284/662
f 497/2290/663 499/2289/663 498/2288/663 496/2287/663
f 499/2294/664 501/2293/664 500/2292/664 498/2291/664
f 501/2298/665 503/2297/665 502/2296/665 500/2295/665
f 503/2302/666 505/2301/666 504/2300/666 502/2299/666
f 505/2306/667 507/2305/667 506/2304/667 504/2303/667
f 507/2309/668 508/2308/668 506/2307/668
f 510/2312/669 509/2311/669 508/2310/669
f 510/2316/670 512/2315/670 511/2314/670 509/2313/670
f 512/2320/671 514/2319/671 513/2318/671 511/2317/671
f 514/2324/672 495/2323/672 493/2322/672 513/2321/672
f 515/2327/673 511/2326/673 513/2325/673
f 519/2331/674 518/2330/674 517/2329/674 516/2328/674
f 515/2335/675 520/2334/675 509/2333/675 511/2332/675
f 520/2338/676 521/2337/676 509/2336/676
f 521/2341/677 522/2340/677 506/2339/677
f 522/2345/678 523/2344/678 504/2343/678 506/2342/678
f 523/2349/679 524/2348/679 502/2347/679 504/2346/679
f 524/2353/680 525/2352/680 500/2351/680 502/2350/680
f 525/2357/681 526/2356/681 498/2355/681 500/2354/681
f 526/2361/682 527/2360/682 496/2359/682 498/2358/682
f 527/2365/683 528/2364/683 494/2363/683 496/2362/683
f 528/2369/684 529/2368/684 493/2367/684 494/2366/684
f 529/2372/685 513/2371/685 493/2370/685
f 520/2375/686 515/2374/686 530/2373/686
f 518/2379/687 532/2378/687 531/2377/687 517/2376/687
f 532/2383/688 534/2382/688 533/2381/688 531/2380/688
f 534/2387/689 536/2386/689 535/2385/689 533/2384/689
f 536/2390/690 537/2389/690 535/2388/690
f 536/2393/691 538/2392/691 537/2391/691
f 541/2397/692 540/2396/692 539/2395/692 538/2394/692
f 540/2401/693 543/2400/693 542/2399/693 539/2398/693
f 545/2404/694 544/2403/694 542/2402/694
f 545/2407/695 547/2406/695 546/2405/695
f 547/2411/696 519/2410/696 516/2409/696 546/2408/696
f 547/2421/697 545/2420/697 543/2419/697 540/2418/697 541/2417/697 536/2416/697 534/2415/697 532/2414/697 518/2413/697 519/2412/697
f 551/2425/698 550/2424/698 549/2423/698 548/2422/698
f 553/2429/699 552/2428/699 550/2427/699 551/2426/699
f 554/2432/700 552/2431/700 553/2430/700
f 556/2435/701 555/2434/701 554/2433/701
f 558/2439/702 557/2438/702 555/2437/702 556/2436/702
f 560/2443/703 559/2442/703 557/2441/703 558/2440/703
f 562/2447/704 561/2446/704 559/2445/704 560/2444/704
f 564/2451/705 563/2450/705 561/2449/705 562/2448/705
f 566/2455/706 565/2454/706 563/2453/706 564/2452/706
f 567/2458/707 565/2457/707 566/2456/707
f 569/2461/708 568/2460/708 567/2459/708
f 548/2465/709 549/2464/709 568/2463/709 569/2462/709
f 565/2469/710 546/2468/710 516/2467/710 563/2466/710
f 567/2472/711 546/2471/711 565/2470/711
f 568/2475/712 544/2474/712 567/2473/712
f 549/2478/713 544/2477/713 568/2476/713
f 550/2482/714 539/2481/714 542/2480/714 549/2479/714
f 552/2486/715 538/2485/715 539/2484/715 550/2483/715
f 554/2489/716 537/2488/716 552/2487/716
f 555/2493/717 535/2492/717 537/2491/717 554/2490/717
f 557/2497/718 533/2496/718 535/2495/718 555/2494/718
f 559/2501/719 531/2500/719 533/2499/719 557/2498/719
f 561/2505/720 517/2504/720 531/2503/720 559/2502/720
f 563/2509/721 516/2508/721 517/2507/721 561/2506/721
f 495/2512/722 564/2511/722 562/2510/722
f 514/2516/723 566/2515/723 564/2514/723 495/2513/723
f 512/2519/724 566/2518/724 514/2517/724
f 510/2522/725 569/2521/725 512/2520/725
f 548/2525/726 569/2524/726 510/2523/726
f 507/2528/727 551/2527/727 548/2526/727
f 505/2532/728 553/2531/728 551/2530/728 507/2529/728
f 503/2535/729 553/2534/729 505/2533/729
f 501/2538/730 556/2537/730 503/2536/730
f 499/2542/731 558/2541/731 556/2540/731 501/2539/731
f 497/2546/732 560/2545/732 558/2544/732 499/2543/732
f 562/2549/733 560/2548/733 497/2547/733
f 507/2552/734 570/2551/734 508/2550/734
f 508/2555/735 570/2554/735 510/2553/735
f 510/2558/736 570/2557/736 548/2556/736
f 548/2561/737 570/2560/737 507/2559/737
f 553/2564/738 571/2563/738 554/2562/738
f 554/2567/739 571/2566/739 556/2565/739
f 503/2570/740 571/2569/740 553/2568/740
f 556/2573/741 571/2572/741 503/2571/741
f 545/2576/742 572/2575/742 544/2574/742
f 546/2579/743 572/2578/743 545/2577/743
f 567/2582/744 572/2581/744 546/2580/744
f 544/2585/745 572/2584/745 567/2583/745
f 495/2588/746 573/2587/746 494/2586/746
f 494/2591/747 573/2590/747 497/2589/747
f 562/2594/748 573/2593/748 495/2592/748
f 497/2597/749 573/2596/749 562/2595/749
f 566/2600/750 574/2599/750 567/2598/750
f 567/2603/751 574/2602/751 569/2601/751
f 512/2606/752 574/2605/752 566/2604/752
f 569/2609/753 574/2608/753 512/2607/753
f 521/2612/754 508/2611/754 509/2610/754
f 506/2615/755 508/2614/755 521/2613/755
f 513/2618/756 530/2617/756 515/2616/756
f 529/2621/757 530/2620/757 513/2619/757
f 521/2624/758 520/2623/758 530/2622/758
f 522/2627/759 521/2626/759 530/2625/759
f 523/2630/760 522/2629/760 530/2628/760
f 524/2633/761 523/2632/761 530/2631/761
f 525/2636/762 524/2635/762 530/2634/762
f 526/2639/763 525/2638/763 530/2637/763
f 527/2642/764 526/2641/764 530/2640/764
f 528/2645/765 527/2644/765 530/2643/765
f 529/2648/766 528/2647/766 530/2646/766
f 536/2651/767 541/2650/767 538/2649/767
f 542/2654/768 543/2653/768 545/2652/768
f 549/2657/769 542/2656/769 544/2655/769
f 537/2660/770 538/2659/770 552/2658/770
o group1109924147
g mesh1109924147
usemtl mat20
f 577/2663/771 576/2662/771 575/2661/771
f 579/2666/772 578/2665/772 576/2664/772
f 579/2670/773 581/2669/773 580/2668/773 578/2667/773
f 581/2674/774 583/2673/774 582/2672/774 580/2671/774
f 583/2678/775 585/2677/775 584/2676/775 582/2675/775
f 585/2682/776 587/2681/776 586/2680/776 584/2679/776
f 587/2686/777 589/2685/777 588/2684/777 586/2683/777
f 589/2689/778 590/2688/778 588/2687/778
f 592/2692/779 591/2691/779 590/2690/779
f 592/2696/780 594/2695/780 593/2694/780 591/2693/780
f 594/2700/781 596/2699/781 595/2698/781 593/2697/781
f 596/2704/782 577/2703/782 575/2702/782 595/2701/782
f 597/2707/783 593/2706/783 595/2705/783
f 601/2711/784 600/2710/784 599/2709/784 598/2708/784
f 597/2715/785 602/2714/785 591/2713/785 593/2712/785
f 602/2718/786 603/2717/786 591/2716/786
f 603/2721/787 604/2720/787 588/2719/787
f 604/2725/788 605/2724/788 586/2723/788 588/2722/788
f 605/2729/789 606/2728/789 584/2727/789 586/2726/789
f 606/2733/790 607/2732/790 582/2731/790 584/2730/790
f 607/2737/791 608/2736/791 580/2735/791 582/2734/791
f 608/2741/792 609/2740/792 578/2739/792 580/2738/792
f 609/2745/793 610/2744/793 576/2743/793 578/2742/793
f 610/2749/794 611/2748/794 575/2747/794 576/2746/794
f 611/2752/795 595/2751/795 575/2750/795
f 602/2755/796 597/2754/796 612/2753/796
f 600/2759/797 614/2758/797 613/2757/797 599/2756/797
f 614/2763/798 616/2762/798 615/2761/798 613/2760/798
f 616/2767/799 618/2766/799 617/2765/799 615/2764/799
f 618/2770/800 619/2769/800 617/2768/800
f 618/2773/801 620/2772/801 619/2771/801
f 623/2777/802 622/2776/802 621/2775/802 620/2774/802
f 622/2781/803 625/2780/803 624/2779/803 621/2778/803
f 627/2784/804 626/2783/804 624/2782/804
f 627/2787/805 629/2786/805 628/2785/805
f 629/2791/806 601/2790/806 598/2789/806 628/2788/806
f 629/2801/807 627/2800/807 625/2799/807 622/2798/807 623/2797/807 618/2796/807 616/2795/807 614/2794/807 600/2793/807 601/2792/807
f 633/2805/808 632/2804/808 631/2803/808 630/2802/808
f 635/2809/809 634/2808/809 632/2807/809 633/2806/809
f 636/2812/810 634/2811/810 635/2810/810
f 638/2815/811 637/2814/811 636/2813/811
f 640/2819/812 639/2818/812 637/2817/812 638/2816/812
f 642/2823/813 641/2822/813 639/2821/813 640/2820/813
f 644/2827/814 643/2826/814 641/2825/814 642/2824/814
f 646/2831/815 645/2830/815 643/2829/815 644/2828/815
f 648/2835/816 647/2834/816 645/2833/816 646/2832/816
f 649/2838/817 647/2837/817 648/2836/817
f 651/2841/818 650/2840/818 649/2839/818
f 630/2845/819 631/2844/819 650/2843/819 651/2842/819
f 647/2849/820 628/2848/820 598/2847/820 645/2846/820
f 649/2852/821 628/2851/821 647/2850/821
f 650/2855/822 626/2854/822 649/2853/822
f 631/2858/823 626/2857/823 650/2856/823
f 632/2862/824 621/2861/824 624/2860/824 631/2859/824
f 634/2866/825 620/2865/825 621/2864/825 632/2863/825
f 636/2869/826 619/2868/826 634/2867/826
f 637/2873/827 617/2872/827 619/2871/827 636/2870/827
f 639/2877/828 615/2876/828 617/2875/828 637/2874/828
f 641/2881/829 613/2880/829 615/2879/829 639/2878/829
f 643/2885/830 599/2884/830 613/2883/830 641/2882/830
f 645/2889/831 598/2888/831 599/2887/831 643/2886/831
f 577/2892/832 646/2891/832 644/2890/832
f 596/2896/833 648/2895/833 646/2894/833 577/2893/833
f 594/2899/834 648/2898/834 596/2897/834
f 592/2902/835 651/2901/835 594/2900/835
f 630/2905/836 651/2904/836 592/2903/836
f 589/2908/837 633/2907/837 630/2906/837
f 587/2912/838 635/2911/838 633/2910/838 589/2909/838
f 585/2915/839 635/2914/839 587/2913/839
f 583/2918/840 638/2917/840 585/2916/840
f 581/2922/841 640/2921/841 638/2920/841 583/2919/841
f 579/2926/842 642/2925/842 640/2924/842 581/2923/842
f 644/2929/843 642/2928/843 579/2927/843
f 589/2932/844 652/2931/844 590/2930/844
f 590/2935/845 652/2934/845 592/2933/845
f 592/2938/846 652/2937/846 630/2936/846
f 630/2941/847 652/2940/847 589/2939/847
f 635/2944/848 653/2943/848 636/2942/848
f 636/2947/849 653/2946/849 638/2945/849
f 585/2950/850 653/2949/850 635/2948/850
f 638/2953/851 653/2952/851 585/2951/851
f 627/2956/852 654/2955/852 626/2954/852
f 628/2959/853 654/2958/853 627/2957/853
f 649/2962/854 654/2961/854 628/2960/854
f 626/2965/855 654/2964/855 649/2963/855
f 577/2968/856 655/2967/856 576/2966/856
f 576/2971/857 655/2970/857 579/2969/857
f 644/2974/858 655/2973/858 577/2972/858
f 579/2977/859 655/2976/859 644/2975/859
f 648/2980/860 656/2979/860 649/2978/860
f 649/2983/861 656/2982/861 651/2981/861
f 594/2986/862 656/2985/862 648/2984/862
f 651/2989/863 656/2988/863 594/2987/863
f 603/2992/864 590/2991/864 591/2990/864
f 588/2995/865 590/2994/865 603/2993/865
f 595/2998/866 612/2997/866 597/2996/866
f 611/3001/867 612/3000/867 595/2999/867
f 603/3004/868 602/3003/868 612/3002/868
f 604/3007/869 603/3006/869 612/3005/869
f 605/3010/870 604/3009/870 612/3008/870
f 606/3013/871 605/3012/871 612/3011/871
f 607/3016/872 606/3015/872 612/3014/872
f 608/3019/873 607/3018/873 612/3017/873
f 609/3022/874 608/3021/874 612/3020/874
f 610/3025/875 609/3024/875 612/3023/875
f 611/3028/876 610/3027/876 612/3026/876
f 618/3031/877 623/3030/877 620/3029/877
f 624/3034/878 625/3033/878 627/3032/878
f 631/3037/879 624/3036/879 626/3035/879
f 619/3040/880 620/3039/880 634/3038/880
o group1479666486
g mesh1479666486
usemtl mat20
f 659/3043/881 658/3042/881 657/3041/881
f 661/3046/882 660/3045/882 658/3044/882
f 661/3050/883 663/3049/883 662/3048/883 660/3047/883
f 663/3054/884 665/3053/884 664/3052/884 662/3051/884
f 665/3058/885 667/3057/885 666/3056/885 664/3055/885
f 667/3062/886 669/3061/886 668/3060/886 666/3059/886
f 669/3066/887 671/3065/887 670/3064/887 668/3063/887
f 671/3069/888 672/3068/888 670/3067/888
f 674/3072/889 673/3071/889 672/3070/889
f 674/3076/890 676/3075/890 675/3074/890 673/3073/890
f 676/3080/891 678/3079/891 677/3078/891 675/3077/891
f 678/3084/892 659/3083/892 657/3082/892 677/3081/892
f 679/3087/893 675/3086/893 677/3085/893
f 683/3091/894 682/3090/894 681/3089/894 680/3088/894
f 679/3095/895 684/3094/895 673/3093/895 675/3092/895
f 684/3098/896 685/3097/896 673/3096/896
f 685/3101/897 686/3100/897 670/3099/897
f 686/3105/898 687/3104/898 668/3103/898 670/3102/898
f 687/3109/899 688/3108/899 666/3107/899 668/3106/899
f 688/3113/900 689/3112/900 664/3111/900 666/3110/900
f 689/3117/901 690/3116/901 662/3115/901 664/3114/901
f 690/3121/902 691/3120/902 660/3119/902 662/3118/902
f 691/3125/903 692/3124/903 658/3123/903 660/3122/903
f 692/3129/904 693/3128/904 657/3127/904 658/3126/904
f 693/3132/905 677/3131/905 657/3130/905
f 684/3135/906 679/3134/906 694/3133/906
f 682/3139/907 696/3138/907 695/3137/907 681/3136/907
f 696/3143/908 698/3142/908 697/3141/908 695/3140/908
f 698/3147/909 700/3146/909 699/3145/909 697/3144/909
f 700/3150/910 701/3149/910 699/3148/910
f 700/3153/911 702/3152/911 701/3151/911
f 705/3157/912 704/3156/912 703/3155/912 702/3154/912
f 704/3161/913 707/3160/913 706/3159/913 703/3158/913
f 709/3164/914 708/3163/914 706/3162/914
f 709/3167/915 711/3166/915 710/3165/915
f 711/3171/916 683/3170/916 680/3169/916 710/3168/916
f 711/3181/917 709/3180/917 707/3179/917 704/3178/917 705/3177/917 700/3176/917 698/3175/917 696/3174/917 682/3173/917 683/3172/917
f 715/3185/918 714/3184/918 713/3183/918 712/3182/918
f 717/3189/919 716/3188/919 714/3187/919 715/3186/919
f 718/3192/920 716/3191/920 717/3190/920
f 720/3195/921 719/3194/921 718/3193/921
f 722/3199/922 721/3198/922 719/3197/922 720/3196/922
f 724/3203/923 723/3202/923 721/3201/923 722/3200/923
f 726/3207/924 725/3206/924 723/3205/924 724/3204/924
f 728/3211/925 727/3210/925 725/3209/925 726/3208/925
f 730/3215/926 729/3214/926 727/3213/926 728/3212/926
f 731/3218/927 729/3217/927 730/3216/927
f 733/3221/928 732/3220/928 731/3219/928
f 712/3225/929 713/3224/929 732/3223/929 733/3222/929
f 729/3229/930 710/3228/930 680/3227/930 727/3226/930
f 731/3232/931 710/3231/931 729/3230/931
f 732/3235/932 708/3234/932 731/3233/932
f 713/3238/933 708/3237/933 732/3236/933
f 714/3242/934 703/3241/934 706/3240/934 713/3239/934
f 716/3246/935 702/3245/935 703/3244/935 714/3243/935
f 718/3249/936 701/3248/936 716/3247/936
f 719/3253/937 699/3252/937 701/3251/937 718/3250/937
f 721/3257/938 697/3256/938 699/3255/938 719/3254/938
f 723/3261/939 695/3260/939 697/3259/939 721/3258/939
f 725/3265/940 681/3264/940 695/3263/940 723/3262/940
f 727/3269/941 680/3268/941 681/3267/941 725/3266/941
f 659/3272/942 728/3271/942 726/3270/942
f 678/3276/943 730/3275/943 728/3274/943 659/3273/943
f 676/3279/944 730/3278/944 678/3277/944
f 674/3282/945 733/3281/945 676/3280/945
f 712/3285/946 733/3284/946 674/3283/946
f 671/3288/947 715/3287/947 712/3286/947
f 669/3292/948 717/3291/948 715/3290/948 671/3289/948
f 667/3295/949 717/3294/949 669/3293/949
f 665/3298/950 720/3297/950 667/3296/950
f 663/3302/951 722/3301/951 720/3300/951 665/3299/951
f 661/3306/952 724/3305/952 722/3304/952 663/3303/952
f 726/3309/953 724/3308/953 661/3307/953
f 671/3312/954 734/3311/954 672/3310/954
f 672/3315/955 734/3314/955 674/3313/955
f 674/3318/956 734/3317/956 712/3316/956
f 712/3321/957 734/3320/957 671/3319/957
f 717/3324/958 735/3323/958 718/3322/958
f 718/3327/959 735/3326/959 720/3325/959
f 667/3330/960 735/3329/960 717/3328/960
f 720/3333/961 735/3332/961 667/3331/961
f 709/3336/962 736/3335/962 708/3334/962
f 710/3339/963 736/3338/963 709/3337/963
f 731/3342/964 736/3341/964 710/3340/964
f 708/3345/965 736/3344/965 731/3343/965
f 659/3348/966 737/3347/966 658/3346/966
f 658/3351/967 737/3350/967 661/3349/967
f 726/3354/968 737/3353/968 659/3352/968
f 661/3357/969 737/3356/969 726/3355/969
f 730/3360/970 738/3359/970 731/3358/970
f 731/3363/971 738/3362/971 733/3361/971
f 676/3366/972 738/3365/972 730/3364/972
f 733/3369/973 738/3368/973 676/3367/973
f 685/3372/974 672/3371/974 673/3370/974
f 670/3375/975 672/3374/975 685/3373/975
f 677/3378/976 694/3377/976 679/3376/976
f 693/3381/977 694/3380/977 677/3379/977
f 685/3384/978 684/3383/978 694/3382/978
f 686/3387/979 685/3386/979 694/3385/979
f 687/3390/980 686/3389/980 694/3388/980
f 688/3393/981 687/3392/981 694/3391/981
f 689/3396/982 688/3395/982 694/3394/982
f 690/3399/983 689/3398/983 694/3397/983
f 691/3402/984 690/3401/984 694/3400/984
f 692/3405/985 691/3404/985 694/3403/985
f 693/3408/986 692/3407/986 694/3406/986
f 700/3411/987 705/3410/987 702/3409/987
f 706/3414/988 707/3413/988 709/3412/988
f 713/3417/989 706/3416/989 708/3415/989
f 701/3420/990 702/3419/990 716/3418/990
o group333739939
g mesh333739939
usemtl mat20
f 741/3423/991 740/3422/991 739/3421/991
f 743/3426/992 742/3425/992 740/3424/992
f 743/3430/993 745/3429/993 744/3428/993 742/3427/993
f 745/3434/994 747/3433/994 746/3432/994 744/3431/994
f 747/3438/995 749/3437/995 748/3436/995 746/3435/995
f 749/3442/996 751/3441/996 750/3440/996 748/3439/996
f 751/3446/997 753/3445/997 752/3444/997 750/3443/997
f 753/3449/998 754/3448/998 752/3447/998
f 756/3452/999 755/3451/999 754/3450/999
f 756/3456/1000 758/3455/1000 757/3454/1000 755/3453/1000
f 758/3460/1001 760/3459/1001 759/3458/1001 757/3457/1001
f 760/3464/1002 741/3463/1002 739/3462/1002 759/3461/1002
f 761/3467/1003 757/3466/1003 759/3465/1003
f 765/3471/1004 764/3470/1004 763/3469/1004 762/3468/1004
f 761/3475/1005 766/3474/1005 755/3473/1005 757/3472/1005
f 766/3478/1006 767/3477/1006 755/3476/1006
f 767/3481/1007 768/3480/1007 752/3479/1007
f 768/3485/1008 769/3484/1008 750/3483/1008 752/3482/1008
f 769/3489/1009 770/3488/1009 748/3487/1009 750/3486/1009
f 770/3493/1010 771/3492/1010 746/3491/1010 748/3490/1010
f 771/3497/1011 772/3496/1011 744/3495/1011 746/3494/1011
f 772/3501/1012 773/3500/1012 742/3499/1012 744/3498/1012
f 773/3505/1013 774/3504/1013 740/3503/1013 742/3502/1013
f 774/3509/1014 775/3508/1014 739/3507/1014 740/3506/1014
f 775/3512/1015 759/3511/1015 739/3510/1015
f 766/3515/1016 761/3514/1016 776/3513/1016
f 764/3519/1017 778/3518/1017 777/3517/1017 763/3516/1017
f 778/3523/1018 780/3522/1018 779/3521/1018 777/3520/1018
f 780/3527/1019 782/3526/1019 781/3525/1019 779/3524/1019
f 782/3530/1020 783/3529/1020 781/3528/1020
f 782/3533/1021 784/3532/1021 783/3531/1021
f 787/3537/1022 786/3536/1022 785/3535/1022 784/3534/1022
f 786/3541/1023 789/3540/1023 788/3539/1023 785/3538/1023
f 791/3544/1024 790/3543/1024 788/3542/1024
f 791/3547/1025 793/3546/1025 792/3545/1025
f 793/3551/1026 765/3550/1026 762/3549/1026 792/3548/1026
f 793/3561/1027 791/3560/1027 789/3559/1027 786/3558/1027 787/3557/1027 782/3556/1027 780/3555/1027 778/3554/1027 764/3553/1027 765/3552/1027
f 797/3565/1028 796/3564/1028 795/3563/1028 794/3562/1028
f 799/3569/1029 798/3568/1029 796/3567/1029 797/3566/1029
f 800/3572/1030 798/3571/1030 799/3570/1030
f 802/3575/1031 801/3574/1031 800/3573/1031
f 804/3579/1032 803/3578/1032 801/3577/1032 802/3576/1032
f 806/3583/1033 805/3582/1033 803/3581/1033 804/3580/1033
f 808/3587/1034 807/3586/1034 805/3585/1034 806/3584/1034
f 810/3591/1035 809/3590/1035 807/3589/1035 808/3588/1035
f 812/3595/1036 811/3594/1036 809/3593/1036 810/3592/1036
f 813/3598/1037 811/3597/1037 812/3596/1037
f 815/3601/1038 814/3600/1038 813/3599/1038
f 794/3605/1039 795/3604/1039 814/3603/1039 815/3602/1039
f 811/3609/1040 792/3608/1040 762/3607/1040 809/3606/1040
f 813/3612/1041 792/3611/1041 811/3610/1041
f 814/3615/1042 790/3614/1042 813/3613/1042
f 795/3618/1043 790/3617/1043 814/3616/1043
f 796/3622/1044 785/3621/1044 788/3620/1044 795/3619/1044
f 798/3626/1045 784/3625/1045 785/3624/1045 796/3623/1045
f 800/3629/1046 783/3628/1046 798/3627/1046
f 801/3633/1047 781/3632/1047 783/3631/1047 800/3630/1047
f 803/3637/1048 779/3636/1048 781/3635/1048 801/3634/1048
f 805/3641/1049 777/3640/1049 779/3639/1049 803/3638/1049
f 807/3645/1050 763/3644/1050 777/3643/1050 805/3642/1050
f 809/3649/1051 762/3648/1051 763/3647/1051 807/3646/1051
f 741/3652/1052 810/3651/1052 808/3650/1052
f 760/3656/1053 812/3655/1053 810/3654/1053 741/3653/1053
f 758/3659/1054 812/3658/1054 760/3657/1054
f 756/3662/1055 815/3661/1055 758/3660/1055
f 794/3665/1056 815/3664/1056 756/3663/1056
f 753/3668/1057 797/3667/1057 794/3666/1057
f 751/3672/1058 799/3671/1058 797/3670/1058 753/3669/1058
f 749/3675/1059 799/3674/1059 751/3673/1059
f 747/3678/1060 802/3677/1060 749/3676/1060
f 745/3682/1061 804/3681/1061 802/3680/1061 747/3679/1061
f 743/3686/1062 806/3685/1062 804/3684/1062 745/3683/1062
f 808/3689/1063 806/3688/1063 743/3687/1063
f 753/3692/1064 816/3691/1064 754/3690/1064
f 754/3695/1065 816/3694/1065 756/3693/1065
f 756/3698/1066 816/3697/1066 794/3696/1066
f 794/3701/1067 816/3700/1067 753/3699/1067
f 799/3704/1068 817/3703/1068 800/3702/1068
f 800/3707/1069 817/3706/1069 802/3705/1069
f 749/3710/1070 817/3709/1070 799/3708/1070
f 802/3713/1071 817/3712/1071 749/3711/1071
f 791/3716/1072 818/3715/1072 790/3714/1072
f 792/3719/1073 818/3718/1073 791/3717/1073
f 813/3722/1074 818/3721/1074 792/3720/1074
f 790/3725/1075 818/3724/1075 813/3723/1075
f 741/3728/1076 819/3727/1076 740/3726/1076
f 740/3731/1077 819/3730/1077 743/3729/1077
f 808/3734/1078 819/3733/1078 741/3732/1078
f 743/3737/1079 819/3736/1079 808/3735/1079
f 812/3740/1080 820/3739/1080 813/3738/1080
f 813/3743/1081 820/3742/1081 815/3741/1081
f 758/3746/1082 820/3745/1082 812/3744/1082
f 815/3749/1083 820/3748/1083 758/3747/1083
f 767/3752/1084 754/3751/1084 755/3750/1084
f 752/3755/1085 754/3754/1085 767/3753/1085
f 759/3758/1086 776/3757/1086 761/3756/1086
f 775/3761/1087 776/3760/1087 759/3759/1087
f 767/3764/1088 766/3763/1088 776/3762/1088
f 768/3767/1089 767/3766/1089 776/3765/1089
f 769/3770/1090 768/3769/1090 776/3768/1090
f 770/3773/1091 769/3772/1091 776/3771/1091
f 771/3776/1092 770/3775/1092 776/3774/1092
f 772/3779/1093 771/3778/1093 776/3777/1093
f 773/3782/1094 772/3781/1094 776/3780/1094
f 774/3785/1095 773/3784/1095 776/3783/1095
f 775/3788/1096 774/3787/1096 776/3786/1096
f 782/3791/1097 787/3790/1097 784/3789/1097
f 788/3794/1098 789/3793/1098 791/3792/1098
f 795/3797/1099 788/3796/1099 790/3795/1099
f 783/3800/1100 784/3799/1100 798/3798/1100
o group759728460
g mesh759728460
usemtl mat19
f 824/3804/1101 823/3803/1101 822/3802/1101 821/3801/1101
f 823/3808/1102 826/3807/1102 825/3806/1102 822/3805/1102
f 826/3812/1103 828/3811/1103 827/3810/1103 825/3809/1103
f 828/3816/1104 830/3815/1104 829/3814/1104 827/3813/1104
f 830/3820/1105 832/3819/1105 831/3818/1105 829/3817/1105
f 832/3824/1106 834/3823/1106 833/3822/1106 831/3821/1106
f 834/3828/1107 836/3827/1107 835/3826/1107 833/3825/1107
f 836/3832/1108 838/3831/1108 837/3830/1108 835/3829/1108
f 838/3836/1109 840/3835/1109 839/3834/1109 837/3833/1109
f 840/3840/1110 824/3839/1110 821/3838/1110 839/3837/1110
f 840/3850/1111 838/3849/1111 836/3848/1111 834/3847/1111 832/3846/1111 830/3845/1111 828/3844/1111 826/3843/1111 823/3842/1111 824/3841/1111
f 821/3860/1112 822/3859/1112 825/3858/1112 827/3857/1112 829/3856/1112 831/3855/1112 833/3854/1112 835/3853/1112 837/3852/1112 839/3851/1112
f 844/3864/1113 843/3863/1113 842/3862/1113 841/3861/1113
f 843/3868/1114 846/3867/1114 845/3866/1114 842/3865/1114
f 846/3872/1115 848/3871/1115 847/3870/1115 845/3869/1115
f 848/3876/1116 850/3875/1116 849/3874/1116 847/3873/1116
f 850/3880/1117 852/3879/1117 851/3878/1117 849/3877/1117
f 852/3884/1118 854/3883/1118 853/3882/1118 851/3881/1118
f 854/3888/1119 856/3887/1119 855/3886/1119 853/3885/1119
f 856/3892/1120 858/3891/1120 857/3890/1120 855/3889/1120
f 858/3896/1121 860/3895/1121 859/3894/1121 857/3893/1121
f 860/3900/1122 844/3899/1122 841/3898/1122 859/3897/1122
f 860/3910/1123 858/3909/1123 856/3908/1123 854/3907/1123 852/3906/1123 850/3905/1123 848/3904/1123 846/3903/1123 843/3902/1123 844/3901/1123
f 841/3920/1124 842/3919/1124 845/3918/1124 847/3917/1124 849/3916/1124 851/3915/1124 853/3914/1124 855/3913/1124 857/3912/1124 859/3911/1124
f 864/3924/1125 863/3923/1125 862/3922/1125 861/3921/1125
f 863/3928/1126 866/3927/1126 865/3926/1126 862/3925/1126
f 866/3932/1127 868/3931/1127 867/3930/1127 865/3929/1127
f 868/3936/1128 870/3935/1128 869/3934/1128 867/3933/1128
f 870/3940/1129 872/3939/1129 871/3938/1129 869/3937/1129
f 872/3944/1130 874/3943/1130 873/3942/1130 871/3941/1130
f 874/3948/1131 876/3947/1131 875/3946/1131 873/3945/1131
f 876/3952/1132 878/3951/1132 877/3950/1132 875/3949/1132
f 878/3956/1133 880/3955/1133 879/3954/1133 877/3953/1133
f 880/3960/1134 864/3959/1134 861/3958/1134 879/3957/1134
f 880/3970/1135 878/3969/1135 876/3968/1135 874/3967/1135 872/3966/1135 870/3965/1135 868/3964/1135 866/3963/1135 863/3962/1135 864/3961/1135
f 861/3980/1136 862/3979/1136 865/3978/1136 867/3977/1136 869/3976/1136 871/3975/1136 873/3974/1136 875/3973/1136 877/3972/1136 879/3971/1136
f 884/3984/1137 883/3983/1137 882/3982/1137 881/3981/1137
f 883/3988/1138 886/3987/1138 885/3986/1138 882/3985/1138
f 886/3992/1139 888/3991/1139 887/3990/1139 885/3989/1139
f 888/3996/1140 890/3995/1140 889/3994/1140 887/3993/1140
f 890/4000/1141 892/3999/1141 891/3998/1141 889/3997/1141
f 892/4004/1142 894/4003/1142 893/4002/1142 891/4001/1142
f 894/4008/1143 896/4007/1143 895/4006/1143 893/4005/1143
f 896/4012/1144 898/4011/1144 897/4010/1144 895/4009/1144
f 898/4016/1145 900/4015/1145 899/4014/1145 897/4013/1145
f 900/4020/1146 884/4019/1146 881/4018/1146 899/4017/1146
f 900/4030/1147 898/4029/1147 896/4028/1147 894/4027/1147 892/4026/1147 890/4025/1147 888/4024/1147 886/4023/1147 883/4022/1147 884/4021/1147
f 881/4040/1148 882/4039/1148 885/4038/1148 887/4037/1148 889/4036/1148 891/4035/1148 893/4034/1148 895/4033/1148 897/4032/1148 899/4031/1148
f 904/4044/1149 903/4043/1149 902/4042/1149 901/4041/1149
f 903/4048/1150 906/4047/1150 905/4046/1150 902/4045/1150
f 906/4052/1151 908/4051/1151 907/4050/1151 905/4049/1151
f 908/4056/1152 910/4055/1152 909/4054/1152 907/4053/1152
f 910/4060/1153 912/4059/1153 911/4058/1153 909/4057/1153
f 912/4064/1154 914/4063/1154 913/4062/1154 911/4061/1154
f 914/4068/1155 916/4067/1155 915/4066/1155 913/4065/1155
f 916/4072/1156 918/4071/1156 917/4070/1156 915/4069/1156
f 918/4076/1157 920/4075/1157 919/4074/1157 917/4073/1157
f 920/4080/1158 904/4079/1158 901/4078/1158 919/4077/1158
f 920/4090/1159 918/4089/1159 916/4088/1159 914/4087/1159 912/4086/1159 910/4085/1159 908/4084/1159 906/4083/1159 903/4082/1159 904/4081/1159
f 901/4100/1160 902/4099/1160 905/4098/1160 907/4097/1160 909/4096/1160 911/4095/1160 913/4094/1160 915/4093/1160 917/4092/1160 919/4091/1160
f 924/4104/1161 923/4103/1161 922/4102/1161 921/4101/1161
f 923/4108/1162 926/4107/1162 925/4106/1162 922/4105/1162
f 926/4112/1163 928/4111/1163 927/4110/1163 925/4109/1163
f 928/4116/1164 930/4115/1164 929/4114/1164 927/4113/1164
f 930/4120/1165 932/4119/1165 931/4118/1165 929/4117/1165
f 932/4124/1166 934/4123/1166 933/4122/1166 931/4121/1166
f 934/4128/1167 936/4127/1167 935/4126/1167 933/4125/1167
f 936/4132/1168 938/4131/1168 937/4130/1168 935/4129/1168
f 938/4136/1169 940/4135/1169 939/4134/1169 937/4133/1169
f 940/4140/1170 924/4139/1170 921/4138/1170 939/4137/1170
f 940/4150/1171 938/4149/1171 936/4148/1171 934/4147/1171 932/4146/1171 930/4145/1171 928/4144/1171 926/4143/1171 923/4142/1171 924/4141/1171
f 921/4160/1172 922/4159/1172 925/4158/1172 927/4157/1172 929/4156/1172 931/4155/1172 933/4154/1172 935/4153/1172 937/4152/1172 939/4151/1172
f 944/4164/1173 943/4163/1173 942/4162/1173 941/4161/1173
f 943/4168/1174 946/4167/1174 945/4166/1174 942/4165/1174
f 946/4172/1175 948/4171/1175 947/4170/1175 945/4169/1175
f 948/4176/1176 950/4175/1176 949/4174/1176 947/4173/1176
f 950/4180/1177 952/4179/1177 951/4178/1177 949/4177/1177
f 952/4184/1178 954/4183/1178 953/4182/1178 951/4181/1178
f 954/4188/1179 956/4187/1179 955/4186/1179 953/4185/1179
f 956/4192/1180 958/4191/1180 957/4190/1180 955/4189/1180
f 958/4196/1181 960/4195/1181 959/4194/1181 957/4193/1181
f 960/4200/1182 944/4199/1182 941/4198/1182 959/4197/1182
f 960/4210/1183 958/4209/1183 956/4208/1183 954/4207/1183 952/4206/1183 950/4205/1183 948/4204/1183 946/4203/1183 943/4202/1183 944/4201/1183
f 941/4220/1184 942/4219/1184 945/4218/1184 947/4217/1184 949/4216/1184 951/4215/1184 953/4214/1184 955/4213/1184 957/4212/1184 959/4211/1184
f 964/4224/1185 963/4223/1185 962/4222/1185 961/4221/1185
f 963/4228/1186 966/4227/1186 965/4226/1186 962/4225/1186
f 966/4232/1187 968/4231/1187 967/4230/1187 965/4229/1187
f 968/4236/1188 970/4235/1188 969/4234/1188 967/4233/1188
f 970/4240/1189 972/4239/1189 971/4238/1189 969/4237/1189
f 972/4244/1190 974/4243/1190 973/4242/1190 971/4241/1190
f 974/4248/1191 976/4247/1191 975/4246/1191 973/4245/1191
f 976/4252/1192 978/4251/1192 977/4250/1192 975/4249/1192
f 978/4256/1193 980/4255/1193 979/4254/1193 977/4253/1193
f 980/4260/1194 964/4259/1194 961/4258/1194 979/4257/1194
f 980/4270/1195 978/4269/1195 976/4268/1195 974/4267/1195 972/4266/1195 970/4265/1195 968/4264/1195 966/4263/1195 963/4262/1195 964/4261/1195
f 961/4280/1196 962/4279/1196 965/4278/1196 967/4277/1196 969/4276/1196 971/4275/1196 973/4274/1196 975/4273/1196 977/4272/1196 979/4271/1196
f 984/4284/1197 983/4283/1197 982/4282/1197 981/4281/1197
f 983/4288/1198 986/4287/1198 985/4286/1198 982/4285/1198
f 986/4292/1199 988/4291/1199 987/4290/1199 985/4289/1199
f 988/4296/1200 990/4295/1200 989/4294/1200 987/4293/1200
f 990/4300/1201 992/4299/1201 991/4298/1201 989/4297/1201
f 992/4304/1202 994/4303/1202 993/4302/1202 991/4301/1202
f 994/4308/1203 996/4307/1203 995/4306/1203 993/4305/1203
f 996/4312/1204 998/4311/1204 997/4310/1204 995/4309/1204
f 998/4316/1205 1000/4315/1205 999/4314/1205 997/4313/1205
f 1000/4320/1206 984/4319/1206 981/4318/1206 999/4317/1206
f 1000/4330/1207 998/4329/1207 996/4328/1207 994/4327/1207 992/4326/1207 990/4325/1207 988/4324/1207 986/4323/1207 983/4322/1207 984/4321/1207
f 981/4340/1208 982/4339/1208 985/4338/1208 987/4337/1208 989/4336/1208 991/4335/1208 993/4334/1208 995/4333/1208 997/4332/1208 999/4331/1208
f 1004/4344/1209 1003/4343/1209 1002/4342/1209 1001/4341/1209
f 1003/4348/1210 1006/4347/1210 1005/4346/1210 1002/4345/1210
f 1006/4352/1211 1008/4351/1211 1007/4350/1211 1005/4349/1211
f 1008/4356/1212 1010/4355/1212 1009/4354/1212 1007/4353/1212
f 1010/4360/1213 1012/4359/1213 1011/4358/1213 1009/4357/1213
f 1012/4364/1214 1014/4363/1214 1013/4362/1214 1011/4361/1214
f 1014/4368/1215 1016/4367/1215 1015/4366/1215 1013/4365/1215
f 1016/4372/1216 1018/4371/1216 1017/4370/1216 1015/4369/1216
f 1018/4376/1217 1020/4375/1217 1019/4374/1217 1017/4373/1217
f 1020/4380/1218 1004/4379/1218 1001/4378/1218 1019/4377/1218
f 1020/4390/1219 1018/4389/1219 1016/4388/1219 1014/4387/1219 1012/4386/1219 1010/4385/1219 1008/4384/1219 1006/4383/1219 1003/4382/1219 1004/4381/1219
f 1001/4400/1220 1002/4399/1220 1005/4398/1220 1007/4397/1220 1009/4396/1220 1011/4395/1220 1013/4394/1220 1015/4393/1220 1017/4392/1220 1019/4391/1220
f 1024/4404/1221 1023/4403/1221 1022/4402/1221 1021/4401/1221
f 1023/4408/1222 1026/4407/1222 1025/4406/1222 1022/4405/1222
f 1026/4412/1223 1028/4411/1223 1027/4410/1223 1025/4409/1223
f 1028/4416/1224 1030/4415/1224 1029/4414/1224 1027/4413/1224
f 1030/4420/1225 1032/4419/1225 1031/4418/1225 1029/4417/1225
f 1032/4424/1226 1034/4423/1226 1033/4422/1226 1031/4421/1226
f 1034/4428/1227 1036/4427/1227 1035/4426/1227 1033/4425/1227
f 1036/4432/1228 1038/4431/1228 1037/4430/1228 1035/4429/1228
f 1038/4436/1229 1040/4435/1229 1039/4434/1229 1037/4433/1229
f 1040/4440/1230 1024/4439/1230 1021/4438/1230 1039/4437/1230
f 1021/4450/1231 1022/4449/1231 1025/4448/1231 1027/4447/1231 1029/4446/1231 1031/4445/1231 1033/4444/1231 1035/4443/1231 1037/4442/1231 1039/4441/1231
f 1040/4460/1232 1038/4459/1232 1036/4458/1232 1034/4457/1232 1032/4456/1232 1030/4455/1232 1028/4454/1232 1026/4453/1232 1023/4452/1232 1024/4451/1232
f 1044/4464/1233 1043/4463/1233 1042/4462/1233 1041/4461/1233
f 1043/4468/1234 1046/4467/1234 1045/4466/1234 1042/4465/1234
f 1046/4472/1235 1048/4471/1235 1047/4470/1235 1045/4469/1235
f 1048/4476/1236 1050/4475/1236 1049/4474/1236 1047/4473/1236
f 1050/4480/1237 1052/4479/1237 1051/4478/1237 1049/4477/1237
f 1052/4484/1238 1054/4483/1238 1053/4482/1238 1051/4481/1238
f 1054/4488/1239 1056/4487/1239 1055/4486/1239 1053/4485/1239
f 1056/4492/1240 1058/4491/1240 1057/4490/1240 1055/4489/1240
f 1058/4496/1241 1060/4495/1241 1059/4494/1241 1057/4493/1241
f 1060/4500/1242 1044/4499/1242 1041/4498/1242 1059/4497/1242
f 1041/4510/1243 1042/4509/1243 1045/4508/1243 1047/4507/1243 1049/4506/1243 1051/4505/1243 1053/4504/1243 1055/4503/1243 1057/4502/1243 1059/4501/1243
f 1060/4520/1244 1058/4519/1244 1056/4518/1244 1054/4517/1244 1052/4516/1244 1050/4515/1244 1048/4514/1244 1046/4513/1244 1043/4512/1244 1044/4511/1244
f 1064/4524/1245 1063/4523/1245 1062/4522/1245 1061/4521/1245
f 1063/4528/1246 1066/4527/1246 1065/4526/1246 1062/4525/1246
f 1066/4532/1247 1068/4531/1247 1067/4530/1247 1065/4529/1247
f 1068/4536/1248 1070/4535/1248 1069/4534/1248 1067/4533/1248
f 1070/4540/1249 1072/4539/1249 1071/4538/1249 1069/4537/1249
f 1072/4544/1250 1074/4543/1250 1073/4542/1250 1071/4541/1250
f 1074/4548/1251 1076/4547/1251 1075/4546/1251 1073/4545/1251
f 1076/4552/1252 1078/4551/1252 1077/4550/1252 1075/4549/1252
f 1078/4556/1253 1080/4555/1253 1079/4554/1253 1077/4553/1253
f 1080/4560/1254 1064/4559/1254 1061/4558/1254 1079/4557/1254
f 1061/4570/1255 1062/4569/1255 1065/4568/1255 1067/4567/1255 1069/4566/1255 1071/4565/1255 1073/4564/1255 1075/4563/1255 1077/4562/1255 1079/4561/1255
f 1080/4580/1256 1078/4579/1256 1076/4578/1256 1074/4577/1256 1072/4576/1256 1070/4575/1256 1068/4574/1256 1066/4573/1256 1063/4572/1256 1064/4571/1256
f 1084/4584/1257 1083/4583/1257 1082/4582/1257 1081/4581/1257
f 1083/4588/1258 1086/4587/1258 1085/4586/1258 1082/4585/1258
f 1086/4592/1259 1088/4591/1259 1087/4590/1259 1085/4589/1259
f 1088/4596/1260 1090/4595/1260 1089/4594/1260 1087/4593/1260
f 1090/4600/1261 1092/4599/1261 1091/4598/1261 1089/4597/1261
f 1092/4604/1262 1094/4603/1262 1093/4602/1262 1091/4601/1262
f 1094/4608/1263 1096/4607/1263 1095/4606/1263 1093/4605/1263
f 1096/4612/1264 1098/4611/1264 1097/4610/1264 1095/4609/1264
f 1098/4616/1265 1100/4615/1265 1099/4614/1265 1097/4613/1265
f 1100/4620/1266 1084/4619/1266 1081/4618/1266 1099/4617/1266
f 1081/4630/1267 1082/4629/1267 1085/4628/1267 1087/4627/1267 1089/4626/1267 1091/4625/1267 1093/4624/1267 1095/4623/1267 1097/4622/1267 1099/4621/1267
f 1100/4640/1268 1098/4639/1268 1096/4638/1268 1094/4637/1268 1092/4636/1268 1090/4635/1268 1088/4634/1268 1086/4633/1268 1083/4632/1268 1084/4631/1268
f 1104/4644/1269 1103/4643/1269 1102/4642/1269 1101/4641/1269
f 1103/4648/1270 1106/4647/1270 1105/4646/1270 1102/4645/1270
f 1106/4652/1271 1108/4651/1271 1107/4650/1271 1105/4649/1271
f 1108/4656/1272 1110/4655/1272 1109/4654/1272 1107/4653/1272
f 1110/4660/1273 1112/4659/1273 1111/4658/1273 1109/4657/1273
f 1112/4664/1274 1114/4663/1274 1113/4662/1274 1111/4661/1274
f 1114/4668/1275 1116/4667/1275 1115/4666/1275 1113/4665/1275
f 1116/4672/1276 1118/4671/1276 1117/4670/1276 1115/4669/1276
f 1118/4676/1277 1120/4675/1277 1119/4674/1277 1117/4673/1277
f 1120/4680/1278 1104/4679/1278 1101/4678/1278 1119/4677/1278
f 1101/4690/1279 1102/4689/1279 1105/4688/1279 1107/4687/1279 1109/4686/1279 1111/4685/1279 1113/4684/1279 1115/4683/1279 1117/4682/1279 1119/4681/1279
f 1120/4700/1280 1118/4699/1280 1116/4698/1280 1114/4697/1280 1112/4696/1280 1110/4695/1280 1108/4694/1280 1106/4693/1280 1103/4692/1280 1104/4691/1280
f 1124/4704/1281 1123/4703/1281 1122/4702/1281 1121/4701/1281
f 1123/4708/1282 1126/4707/1282 1125/4706/1282 1122/4705/1282
f 1126/4712/1283 1128/4711/1283 1127/4710/1283 1125/4709/1283
f 1128/4716/1284 1130/4715/1284 1129/4714/1284 1127/4713/1284
f 1130/4720/1285 1132/4719/1285 1131/4718/1285 1129/4717/1285
f 1132/4724/1286 1134/4723/1286 1133/4722/1286 1131/4721/1286
f 1134/4728/1287 1136/4727/1287 1135/4726/1287 1133/4725/1287
f 1136/4732/1288 1138/4731/1288 1137/4730/1288 1135/4729/1288
f 1138/4736/1289 1140/4735/1289 1139/4734/1289 1137/4733/1289
f 1140/4740/1290 1124/4739/1290 1121/4738/1290 1139/4737/1290
f 1121/4750/1291 1122/4749/1291 1125/4748/1291 1127/4747/1291 1129/4746/1291 1131/4745/1291 1133/4744/1291 1135/4743/1291 1137/4742/1291 1139/4741/1291
f 1140/4760/1292 1138/4759/1292 1136/4758/1292 1134/4757/1292 1132/4756/1292 1130/4755/1292 1128/4754/1292 1126/4753/1292 1123/4752/1292 1124/4751/1292
f 1144/4764/1293 1143/4763/1293 1142/4762/1293 1141/4761/1293
f 1143/4768/1294 1146/4767/1294 1145/4766/1294 1142/4765/1294
f 1146/4772/1295 1148/4771/1295 1147/4770/1295 1145/4769/1295
f 1148/4776/1296 1150/4775/1296 1149/4774/1296 1147/4773/1296
f 1150/4780/1297 1152/4779/1297 1151/4778/1297 1149/4777/1297
f 1152/4784/1298 1154/4783/1298 1153/4782/1298 1151/4781/1298
f 1154/4788/1299 1156/4787/1299 1155/4786/1299 1153/4785/1299
f 1156/4792/1300 1158/4791/1300 1157/4790/1300 1155/4789/1300
f 1158/4796/1301 1160/4795/1301 1159/4794/1301 1157/4793/1301
f 1160/4800/1302 1144/4799/1302 1141/4798/1302 1159/4797/1302
f 1141/4810/1303 1142/4809/1303 1145/4808/1303 1147/4807/1303 1149/4806/1303 1151/4805/1303 1153/4804/1303 1155/4803/1303 1157/4802/1303 1159/4801/1303
f 1160/4820/1304 1158/4819/1304 1156/4818/1304 1154/4817/1304 1152/4816/1304 1150/4815/1304 1148/4814/1304 1146/4813/1304 1143/4812/1304 1144/4811/1304
f 1164/4824/1305 1163/4823/1305 1162/4822/1305 1161/4821/1305
f 1163/4828/1306 1166/4827/1306 1165/4826/1306 1162/4825/1306
f 1166/4832/1307 1168/4831/1307 1167/4830/1307 1165/4829/1307
f 1168/4836/1308 1170/4835/1308 1169/4834/1308 1167/4833/1308
f 1170/4840/1309 1172/4839/1309 1171/4838/1309 1169/4837/1309
f 1172/4844/1310 1174/4843/1310 1173/4842/1310 1171/4841/1310
f 1174/4848/1311 1176/4847/1311 1175/4846/1311 1173/4845/1311
f 1176/4852/1312 1178/4851/1312 1177/4850/1312 1175/4849/1312
f 1178/4856/1313 1180/4855/1313 1179/4854/1313 1177/4853/1313
f 1180/4860/1314 1164/4859/1314 1161/4858/1314 1179/4857/1314
f 1161/4870/1315 1162/4869/1315 1165/4868/1315 1167/4867/1315 1169/4866/1315 1171/4865/1315 1173/4864/1315 1175/4863/1315 1177/4862/1315 1179/4861/1315
f 1180/4880/1316 1178/4879/1316 1176/4878/1316 1174/4877/1316 1172/4876/1316 1170/4875/1316 1168/4874/1316 1166/4873/1316 1163/4872/1316 1164/4871/1316
f 1184/4884/1317 1183/4883/1317 1182/4882/1317 1181/4881/1317
f 1183/4888/1318 1186/4887/1318 1185/4886/1318 1182/4885/1318
f 1186/4892/1319 1188/4891/1319 1187/4890/1319 1185/4889/1319
f 1188/4896/1320 1190/4895/1320 1189/4894/1320 1187/4893/1320
f 1190/4900/1321 1192/4899/1321 1191/4898/1321 1189/4897/1321
f 1192/4904/1322 1194/4903/1322 1193/4902/1322 1191/4901/1322
f 1194/4908/1323 1196/4907/1323 1195/4906/1323 1193/4905/1323
f 1196/4912/1324 1198/4911/1324 1197/4910/1324 1195/4909/1324
f 1198/4916/1325 1200/4915/1325 1199/4914/1325 1197/4913/1325
f 1200/4920/1326 1184/4919/1326 1181/4918/1326 1199/4917/1326
f 1181/4930/1327 1182/4929/1327 1185/4928/1327 1187/4927/1327 1189/4926/1327 1191/4925/1327 1193/4924/1327 1195/4923/1327 1197/4922/1327 1199/4921/1327
f 1200/4940/1328 1198/4939/1328 1196/4938/1328 1194/4937/1328 1192/4936/1328 1190/4935/1328 1188/4934/1328 1186/4933/1328 1183/4932/1328 1184/4931/1328
f 1204/4944/1329 1203/4943/1329 1202/4942/1329 1201/4941/1329
f 1203/4948/1330 1206/4947/1330 1205/4946/1330 1202/4945/1330
f 1206/4952/1331 1208/4951/1331 1207/4950/1331 1205/4949/1331
f 1208/4956/1332 1210/4955/1332 1209/4954/1332 1207/4953/1332
f 1210/4960/1333 1212/4959/1333 1211/4958/1333 1209/4957/1333
f 1212/4964/1334 1214/4963/1334 1213/4962/1334 1211/4961/1334
f 1214/4968/1335 1216/4967/1335 1215/4966/1335 1213/4965/1335
f 1216/4972/1336 1218/4971/1336 1217/4970/1336 1215/4969/1336
f 1218/4976/1337 1220/4975/1337 1219/4974/1337 1217/4973/1337
f 1220/4980/1338 1204/4979/1338 1201/4978/1338 1219/4977/1338
f 1201/4990/1339 1202/4989/1339 1205/4988/1339 1207/4987/1339 1209/4986/1339 1211/4985/1339 1213/4984/1339 1215/4983/1339 1217/4982/1339 1219/4981/1339
f 1220/5000/1340 1218/4999/1340 1216/4998/1340 1214/4997/1340 1212/4996/1340 1210/4995/1340 1208/4994/1340 1206/4993/1340 1203/4992/1340 1204/4991/1340
o group635209750
g mesh635209750
usemtl mat19
f 1224/5004/1341 1223/5003/1341 1222/5002/1341 1221/5001/1341
f 1223/5008/1342 1226/5007/1342 1225/5006/1342 1222/5005/1342
f 1226/5012/1343 1228/5011/1343 1227/5010/1343 1225/5009/1343
f 1228/5016/1344 1230/5015/1344 1229/5014/1344 1227/5013/1344
f 1230/5020/1345 1232/5019/1345 1231/5018/1345 1229/5017/1345
f 1232/5024/1346 1234/5023/1346 1233/5022/1346 1231/5021/1346
f 1234/5028/1347 1236/5027/1347 1235/5026/1347 1233/5025/1347
f 1236/5032/1348 1238/5031/1348 1237/5030/1348 1235/5029/1348
f 1238/5036/1349 1240/5035/1349 1239/5034/1349 1237/5033/1349
f 1240/5040/1350 1224/5039/1350 1221/5038/1350 1239/5037/1350
f 1240/5050/1351 1238/5049/1351 1236/5048/1351 1234/5047/1351 1232/5046/1351 1230/5045/1351 1228/5044/1351 1226/5043/1351 1223/5042/1351 1224/5041/1351
f 1221/5060/1352 1222/5059/1352 1225/5058/1352 1227/5057/1352 1229/5056/1352 1231/5055/1352 1233/5054/1352 1235/5053/1352 1237/5052/1352 1239/5051/1352
f 1244/5064/1353 1243/5063/1353 1242/5062/1353 1241/5061/1353
f 1243/5068/1354 1246/5067/1354 1245/5066/1354 1242/5065/1354
f 1246/5072/1355 1248/5071/1355 1247/5070/1355 1245/5069/1355
f 1248/5076/1356 1250/5075/1356 1249/5074/1356 1247/5073/1356
f 1250/5080/1357 1252/5079/1357 1251/5078/1357 1249/5077/1357
f 1252/5084/1358 1254/5083/1358 1253/5082/1358 1251/5081/1358
f 1254/5088/1359 1256/5087/1359 1255/5086/1359 1253/5085/1359
f 1256/5092/1360 1258/5091/1360 1257/5090/1360 1255/5089/1360
f 1258/5096/1361 1260/5095/1361 1259/5094/1361 1257/5093/1361
f 1260/5100/1362 1244/5099/1362 1241/5098/1362 1259/5097/1362
f 1241/5110/1363 1242/5109/1363 1245/5108/1363 1247/5107/1363 1249/5106/1363 1251/5105/1363 1253/5104/1363 1255/5103/1363 1257/5102/1363 1259/5101/1363
f 1260/5120/1364 1258/5119/1364 1256/5118/1364 1254/5117/1364 1252/5116/1364 1250/5115/1364 1248/5114/1364 1246/5113/1364 1243/5112/1364 1244/5111/1364
f 1264/5124/1365 1263/5123/1365 1262/5122/1365 1261/5121/1365
f 1263/5128/1366 1266/5127/1366 1265/5126/1366 1262/5125/1366
f 1266/5132/1367 1268/5131/1367 1267/5130/1367 1265/5129/1367
f 1268/5136/1368 1270/5135/1368 1269/5134/1368 1267/5133/1368
f 1270/5140/1369 1272/5139/1369 1271/5138/1369 1269/5137/1369
f 1272/5144/1370 1274/5143/1370 1273/5142/1370 1271/5141/1370
f 1274/5148/1371 1276/5147/1371 1275/5146/1371 1273/5145/1371
f 1276/5152/1372 1278/5151/1372 1277/5150/1372 1275/5149/1372
f 1278/5156/1373 1280/5155/1373 1279/5154/1373 1277/5153/1373
f 1280/5160/1374 1264/5159/1374 1261/5158/1374 1279/5157/1374
f 1261/5170/1375 1262/5169/1375 1265/5168/1375 1267/5167/1375 1269/5166/1375 1271/5165/1375 1273/5164/1375 1275/5163/1375 1277/5162/1375 1279/5161/1375
f 1280/5180/1376 1278/5179/1376 1276/5178/1376 1274/5177/1376 1272/5176/1376 1270/5175/1376 1268/5174/1376 1266/5173/1376 1263/5172/1376 1264/5171/1376
f 1284/5184/1377 1283/5183/1377 1282/5182/1377 1281/5181/1377
f 1283/5188/1378 1286/5187/1378 1285/5186/1378 1282/5185/1378
f 1286/5192/1379 1288/5191/1379 1287/5190/1379 1285/5189/1379
f 1288/5196/1380 1290/5195/1380 1289/5194/1380 1287/5193/1380
f 1290/5200/1381 1292/5199/1381 1291/5198/1381 1289/5197/1381
f 1292/5204/1382 1294/5203/1382 1293/5202/1382 1291/5201/1382
f 1294/5208/1383 1296/5207/1383 1295/5206/1383 1293/5205/1383
f 1296/5212/1384 1298/5211/1384 1297/5210/1384 1295/5209/1384
f 1298/5216/1385 1300/5215/1385 1299/5214/1385 1297/5213/1385
f 1300/5220/1386 1284/5219/1386 1281/5218/1386 1299/5217/1386
f 1300/5230/1387 1298/5229/1387 1296/5228/1387 1294/5227/1387 1292/5226/1387 1290/5225/1387 1288/5224/1387 1286/5223/1387 1283/5222/1387 1284/5221/1387
f 1281/5240/1388 1282/5239/1388 1285/5238/1388 1287/5237/1388 1289/5236/1388 1291/5235/1388 1293/5234/1388 1295/5233/1388 1297/5232/1388 1299/5231/1388
f 1304/5244/1389 1303/5243/1389 1302/5242/1389 1301/5241/1389
f 1303/5248/1390 1306/5247/1390 1305/5246/1390 1302/5245/1390
f 1306/5252/1391 1308/5251/1391 1307/5250/1391 1305/5249/1391
f 1308/5256/1392 1310/5255/1392 1309/5254/1392 1307/5253/1392
f 1310/5260/1393 1312/5259/1393 1311/5258/1393 1309/5257/1393
f 1312/5264/1394 1314/5263/1394 1313/5262/1394 1311/5261/1394
f 1314/5268/1395 1316/5267/1395 1315/5266/1395 1313/5265/1395
f 1316/5272/1396 1318/5271/1396 1317/5270/1396 1315/5269/1396
f 1318/5276/1397 1320/5275/1397 1319/5274/1397 1317/5273/1397
f 1320/5280/1398 1304/5279/1398 1301/5278/1398 1319/5277/1398
f 1320/5290/1399 1318/5289/1399 1316/5288/1399 1314/5287/1399 1312/5286/1399 1310/5285/1399 1308/5284/1399 1306/5283/1399 1303/5282/1399 1304/5281/1399
f 1301/5300/1400 1302/5299/1400 1305/5298/1400 1307/5297/1400 1309/5296/1400 1311/5295/1400 1313/5294/1400 1315/5293/1400 1317/5292/1400 1319/5291/1400
f 1324/5304/1401 1323/5303/1401 1322/5302/1401 1321/5301/1401
f 1323/5308/1402 1326/5307/1402 1325/5306/1402 1322/5305/1402
f 1326/5312/1403 1328/5311/1403 1327/5310/1403 1325/5309/1403
f 1328/5316/1404 1330/5315/1404 1329/5314/1404 1327/5313/1404
f 1330/5320/1405 1332/5319/1405 1331/5318/1405 1329/5317/1405
f 1332/5324/1406 1334/5323/1406 1333/5322/1406 1331/5321/1406
f 1334/5328/1407 1336/5327/1407 1335/5326/1407 1333/5325/1407
f 1336/5332/1408 1338/5331/1408 1337/5330/1408 1335/5329/1408
f 1338/5336/1409 1340/5335/1409 1339/5334/1409 1337/5333/1409
f 1340/5340/1410 1324/5339/1410 1321/5338/1410 1339/5337/1410
f 1321/5350/1411 1322/5349/1411 1325/5348/1411 1327/5347/1411 1329/5346/1411 1331/5345/1411 1333/5344/1411 1335/5343/1411 1337/5342/1411 1339/5341/1411
f 1340/5360/1412 1338/5359/1412 1336/5358/1412 1334/5357/1412 1332/5356/1412 1330/5355/1412 1328/5354/1412 1326/5353/1412 1323/5352/1412 1324/5351/1412
f 1344/5364/1413 1343/5363/1413 1342/5362/1413 1341/5361/1413
f 1343/5368/1414 1346/5367/1414 1345/5366/1414 1342/5365/1414
f 1346/5372/1415 1348/5371/1415 1347/5370/1415 1345/5369/1415
f 1348/5376/1416 1350/5375/1416 1349/5374/1416 1347/5373/1416
f 1350/5380/1417 1352/5379/1417 1351/5378/1417 1349/5377/1417
f 1352/5384/1418 1354/5383/1418 1353/5382/1418 1351/5381/1418
f 1354/5388/1419 1356/5387/1419 1355/5386/1419 1353/5385/1419
f 1356/5392/1420 1358/5391/1420 1357/5390/1420 1355/5389/1420
f 1358/5396/1421 1360/5395/1421 1359/5394/1421 1357/5393/1421
f 1360/5400/1422 1344/5399/1422 1341/5398/1422 1359/5397/1422
f 1360/5410/1423 1358/5409/1423 1356/5408/1423 1354/5407/1423 1352/5406/1423 1350/5405/1423 1348/5404/1423 1346/5403/1423 1343/5402/1423 1344/5401/1423
f 1341/5420/1424 1342/5419/1424 1345/5418/1424 1347/5417/1424 1349/5416/1424 1351/5415/1424 1353/5414/1424 1355/5413/1424 1357/5412/1424 1359/5411/1424
f 1364/5424/1425 1363/5423/1425 1362/5422/1425 1361/5421/1425
f 1363/5428/1426 1366/5427/1426 1365/5426/1426 1362/5425/1426
f 1366/5432/1427 1368/5431/1427 1367/5430/1427 1365/5429/1427
f 1368/5436/1428 1370/5435/1428 1369/5434/1428 1367/5433/1428
f 1370/5440/1429 1372/5439/1429 1371/5438/1429 1369/5437/1429
f 1372/5444/1430 1374/5443/1430 1373/5442/1430 1371/5441/1430
f 1374/5448/1431 1376/5447/1431 1375/5446/1431 1373/5445/1431
f 1376/5452/1432 1378/5451/1432 1377/5450/1432 1375/5449/1432
f 1378/5456/1433 1380/5455/1433 1379/5454/1433 1377/5453/1433
f 1380/5460/1434 1364/5459/1434 1361/5458/1434 1379/5457/1434
f 1361/5470/1435 1362/5469/1435 1365/5468/1435 1367/5467/1435 1369/5466/1435 1371/5465/1435 1373/5464/1435 1375/5463/1435 1377/5462/1435 1379/5461/1435
f 1380/5480/1436 1378/5479/1436 1376/5478/1436 1374/5477/1436 1372/5476/1436 1370/5475/1436 1368/5474/1436 1366/5473/1436 1363/5472/1436 1364/5471/1436
f 1384/5484/1437 1383/5483/1437 1382/5482/1437 1381/5481/1437
f 1383/5488/1438 1386/5487/1438 1385/5486/1438 1382/5485/1438
f 1386/5492/1439 1388/5491/1439 1387/5490/1439 1385/5489/1439
f 1388/5496/1440 1390/5495/1440 1389/5494/1440 1387/5493/1440
f 1390/5500/1441 1392/5499/1441 1391/5498/1441 1389/5497/1441
f 1392/5504/1442 1394/5503/1442 1393/5502/1442 1391/5501/1442
f 1394/5508/1443 1396/5507/1443 1395/5506/1443 1393/5505/1443
f 1396/5512/1444 1398/5511/1444 1397/5510/1444 1395/5509/1444
f 1398/5516/1445 1400/5515/1445 1399/5514/1445 1397/5513/1445
f 1400/5520/1446 1384/5519/1446 1381/5518/1446 1399/5517/1446
f 1381/5530/1447 1382/5529/1447 1385/5528/1447 1387/5527/1447 1389/5526/1447 1391/5525/1447 1393/5524/1447 1395/5523/1447 1397/5522/1447 1399/5521/1447
f 1400/5540/1448 1398/5539/1448 1396/5538/1448 1394/5537/1448 1392/5536/1448 1390/5535/1448 1388/5534/1448 1386/5533/1448 1383/5532/1448 1384/5531/1448
f 1404/5544/1449 1403/5543/1449 1402/5542/1449 1401/5541/1449
f 1403/5548/1450 1406/5547/1450 1405/5546/1450 1402/5545/1450
f 1406/5552/1451 1408/5551/1451 1407/5550/1451 1405/5549/1451
f 1408/5556/1452 1410/5555/1452 1409/5554/1452 1407/5553/1452
f 1410/5560/1453 1412/5559/1453 1411/5558/1453 1409/5557/1453
f 1412/5564/1454 1414/5563/1454 1413/5562/1454 1411/5561/1454
f 1414/5568/1455 1416/5567/1455 1415/5566/1455 1413/5565/1455
f 1416/5572/1456 1418/5571/1456 1417/5570/1456 1415/5569/1456
f 1418/5576/1457 1420/5575/1457 1419/5574/1457 1417/5573/1457
f 1420/5580/1458 1404/5579/1458 1401/5578/1458 1419/5577/1458
f 1420/5590/1459 1418/5589/1459 1416/5588/1459 1414/5587/1459 1412/5586/1459 1410/5585/1459 1408/5584/1459 1406/5583/1459 1403/5582/1459 1404/5581/1459
f 1401/5600/1460 1402/5599/1460 1405/5598/1460 1407/5597/1460 1409/5596/1460 1411/5595/1460 1413/5594/1460 1415/5593/1460 1417/5592/1460 1419/5591/1460
f 1424/5604/1461 1423/5603/1461 1422/5602/1461 1421/5601/1461
f 1423/5608/1462 1426/5607/1462 1425/5606/1462 1422/5605/1462
f 1426/5612/1463 1428/5611/1463 1427/5610/1463 1425/5609/1463
f 1428/5616/1464 1430/5615/1464 1429/5614/1464 1427/5613/1464
f 1430/5620/1465 1432/5619/1465 1431/5618/1465 1429/5617/1465
f 1432/5624/1466 1434/5623/1466 1433/5622/1466 1431/5621/1466
f 1434/5628/1467 1436/5627/1467 1435/5626/1467 1433/5625/1467
f 1436/5632/1468 1438/5631/1468 1437/5630/1468 1435/5629/1468
f 1438/5636/1469 1440/5635/1469 1439/5634/1469 1437/5633/1469
f 1440/5640/1470 1424/5639/1470 1421/5638/1470 1439/5637/1470
f 1421/5650/1471 1422/5649/1471 1425/5648/1471 1427/5647/1471 1429/5646/1471 1431/5645/1471 1433/5644/1471 1435/5643/1471 1437/5642/1471 1439/5641/1471
f 1440/5660/1472 1438/5659/1472 1436/5658/1472 1434/5657/1472 1432/5656/1472 1430/5655/1472 1428/5654/1472 1426/5653/1472 1423/5652/1472 1424/5651/1472
f 1444/5664/1473 1443/5663/1473 1442/5662/1473 1441/5661/1473
f 1443/5668/1474 1446/5667/1474 1445/5666/1474 1442/5665/1474
f 1446/5672/1475 1448/5671/1475 1447/5670/1475 1445/5669/1475
f 1448/5676/1476 1450/5675/1476 1449/5674/1476 1447/5673/1476
f 1450/5680/1477 1452/5679/1477 1451/5678/1477 1449/5677/1477
f 1452/5684/1478 1454/5683/1478 1453/5682/1478 1451/5681/1478
f 1454/5688/1479 1456/5687/1479 1455/5686/1479 1453/5685/1479
f 1456/5692/1480 1458/5691/1480 1457/5690/1480 1455/5689/1480
f 1458/5696/1481 1460/5695/1481 1459/5694/1481 1457/5693/1481
f 1460/5700/1482 1444/5699/1482 1441/5698/1482 1459/5697/1482
f 1460/5710/1483 1458/5709/1483 1456/5708/1483 1454/5707/1483 1452/5706/1483 1450/5705/1483 1448/5704/1483 1446/5703/1483 1443/5702/1483 1444/5701/1483
f 1441/5720/1484 1442/5719/1484 1445/5718/1484 1447/5717/1484 1449/5716/1484 1451/5715/1484 1453/5714/1484 1455/5713/1484 1457/5712/1484 1459/5711/1484
f 1464/5724/1485 1463/5723/1485 1462/5722/1485 1461/5721/1485
f 1463/5728/1486 1466/5727/1486 1465/5726/1486 1462/5725/1486
f 1466/5732/1487 1468/5731/1487 1467/5730/1487 1465/5729/1487
f 1468/5736/1488 1470/5735/1488 1469/5734/1488 1467/5733/1488
f 1470/5740/1489 1472/5739/1489 1471/5738/1489 1469/5737/1489
f 1472/5744/1490 1474/5743/1490 1473/5742/1490 1471/5741/1490
f 1474/5748/1491 1476/5747/1491 1475/5746/1491 1473/5745/1491
f 1476/5752/1492 1478/5751/1492 1477/5750/1492 1475/5749/1492
f 1478/5756/1493 1480/5755/1493 1479/5754/1493 1477/5753/1493
f 1480/5760/1494 1464/5759/1494 1461/5758/1494 1479/5757/1494
f 1461/5770/1495 1462/5769/1495 1465/5768/1495 1467/5767/1495 1469/5766/1495 1471/5765/1495 1473/5764/1495 1475/5763/1495 1477/5762/1495 1479/5761/1495
f 1480/5780/1496 1478/5779/1496 1476/5778/1496 1474/5777/1496 1472/5776/1496 1470/5775/1496 1468/5774/1496 1466/5773/1496 1463/5772/1496 1464/5771/1496
f 1484/5784/1497 1483/5783/1497 1482/5782/1497 1481/5781/1497
f 1483/5788/1498 1486/5787/1498 1485/5786/1498 1482/5785/1498
f 1486/5792/1499 1488/5791/1499 1487/5790/1499 1485/5789/1499
f 1488/5796/1500 1490/5795/1500 1489/5794/1500 1487/5793/1500
f 1490/5800/1501 1492/5799/1501 1491/5798/1501 1489/5797/1501
f 1492/5804/1502 1494/5803/1502 1493/5802/1502 1491/5801/1502
f 1494/5808/1503 1496/5807/1503 1495/5806/1503 1493/5805/1503
f 1496/5812/1504 1498/5811/1504 1497/5810/1504 1495/5809/1504
f 1498/5816/1505 1500/5815/1505 1499/5814/1505 1497/5813/1505
f 1500/5820/1506 1484/5819/1506 1481/5818/1506 1499/5817/1506
f 1500/5830/1507 1498/5829/1507 1496/5828/1507 1494/5827/1507 1492/5826/1507 1490/5825/1507 1488/5824/1507 1486/5823/1507 1483/5822/1507 1484/5821/1507
f 1481/5840/1508 1482/5839/1508 1485/5838/1508 1487/5837/1508 1489/5836/1508 1491/5835/1508 1493/5834/1508 1495/5833/1508 1497/5832/1508 1499/5831/1508
f 1504/5844/1509 1503/5843/1509 1502/5842/1509 1501/5841/1509
f 1503/5848/1510 1506/5847/1510 1505/5846/1510 1502/5845/1510
f 1506/5852/1511 1508/5851/1511 1507/5850/1511 1505/5849/1511
f 1508/5856/1512 1510/5855/1512 1509/5854/1512 1507/5853/1512
f 1510/5860/1513 1512/5859/1513 1511/5858/1513 1509/5857/1513
f 1512/5864/1514 1514/5863/1514 1513/5862/1514 1511/5861/1514
f 1514/5868/1515 1516/5867/1515 1515/5866/1515 1513/5865/1515
f 1516/5872/1516 1518/5871/1516 1517/5870/1516 1515/5869/1516
f 1518/5876/1517 1520/5875/1517 1519/5874/1517 1517/5873/1517
f 1520/5880/1518 1504/5879/1518 1501/5878/1518 1519/5877/1518
f 1501/5890/1519 1502/5889/1519 1505/5888/1519 1507/5887/1519 1509/5886/1519 1511/5885/1519 1513/5884/1519 1515/5883/1519 1517/5882/1519 1519/5881/1519
f 1520/5900/1520 1518/5899/1520 1516/5898/1520 1514/5897/1520 1512/5896/1520 1510/5895/1520 1508/5894/1520 1506/5893/1520 1503/5892/1520 1504/5891/1520
f 1524/5904/1521 1523/5903/1521 1522/5902/1521 1521/5901/1521
f 1523/5908/1522 1526/5907/1522 1525/5906/1522 1522/5905/1522
f 1526/5912/1523 1528/5911/1523 1527/5910/1523 1525/5909/1523
f 1528/5916/1524 1530/5915/1524 1529/5914/1524 1527/5913/1524
f 1530/5920/1525 1532/5919/1525 1531/5918/1525 1529/5917/1525
f 1532/5924/1526 1534/5923/1526 1533/5922/1526 1531/5921/1526
f 1534/5928/1527 1536/5927/1527 1535/5926/1527 1533/5925/1527
f 1536/5932/1528 1538/5931/1528 1537/5930/1528 1535/5929/1528
f 1538/5936/1529 1540/5935/1529 1539/5934/1529 1537/5933/1529
f 1540/5940/1530 1524/5939/1530 1521/5938/1530 1539/5937/1530
f 1540/5950/1531 1538/5949/1531 1536/5948/1531 1534/5947/1531 1532/5946/1531 1530/5945/1531 1528/5944/1531 1526/5943/1531 1523/5942/1531 1524/5941/1531
f 1521/5960/1532 1522/5959/1532 1525/5958/1532 1527/5957/1532 1529/5956/1532 1531/5955/1532 1533/5954/1532 1535/5953/1532 1537/5952/1532 1539/5951/1532
f 1544/5964/1533 1543/5963/1533 1542/5962/1533 1541/5961/1533
f 1543/5968/1534 1546/5967/1534 1545/5966/1534 1542/5965/1534
f 1546/5972/1535 1548/5971/1535 1547/5970/1535 1545/5969/1535
f 1548/5976/1536 1550/5975/1536 1549/5974/1536 1547/5973/1536
f 1550/5980/1537 1552/5979/1537 1551/5978/1537 1549/5977/1537
f 1552/5984/1538 1554/5983/1538 1553/5982/1538 1551/5981/1538
f 1554/5988/1539 1556/5987/1539 1555/5986/1539 1553/5985/1539
f 1556/5992/1540 1558/5991/1540 1557/5990/1540 1555/5989/1540
f 1558/5996/1541 1560/5995/1541 1559/5994/1541 1557/5993/1541
f 1560/6000/1542 1544/5999/1542 1541/5998/1542 1559/5997/1542
f 1541/6010/1543 1542/6009/1543 1545/6008/1543 1547/6007/1543 1549/6006/1543 1551/6005/1543 1553/6004/1543 1555/6003/1543 1557/6002/1543 1559/6001/1543
f 1560/6020/1544 1558/6019/1544 1556/6018/1544 1554/6017/1544 1552/6016/1544 1550/6015/1544 1548/6014/1544 1546/6013/1544 1543/6012/1544 1544/6011/1544
f 1564/6024/1545 1563/6023/1545 1562/6022/1545 1561/6021/1545
f 1563/6028/1546 1566/6027/1546 1565/6026/1546 1562/6025/1546
f 1566/6032/1547 1568/6031/1547 1567/6030/1547 1565/6029/1547
f 1568/6036/1548 1570/6035/1548 1569/6034/1548 1567/6033/1548
f 1570/6040/1549 1572/6039/1549 1571/6038/1549 1569/6037/1549
f 1572/6044/1550 1574/6043/1550 1573/6042/1550 1571/6041/1550
f 1574/6048/1551 1576/6047/1551 1575/6046/1551 1573/6045/1551
f 1576/6052/1552 1578/6051/1552 1577/6050/1552 1575/6049/1552
f 1578/6056/1553 1580/6055/1553 1579/6054/1553 1577/6053/1553
f 1580/6060/1554 1564/6059/1554 1561/6058/1554 1579/6057/1554
f 1580/6070/1555 1578/6069/1555 1576/6068/1555 1574/6067/1555 1572/6066/1555 1570/6065/1555 1568/6064/1555 1566/6063/1555 1563/6062/1555 1564/6061/1555
f 1561/6080/1556 1562/6079/1556 1565/6078/1556 1567/6077/1556 1569/6076/1556 1571/6075/1556 1573/6074/1556 1575/6073/1556 1577/6072/1556 1579/6071/1556
f 1584/6084/1557 1583/6083/1557 1582/6082/1557 1581/6081/1557
f 1583/6088/1558 1586/6087/1558 1585/6086/1558 1582/6085/1558
f 1586/6092/1559 1588/6091/1559 1587/6090/1559 1585/6089/1559
f 1588/6096/1560 1590/6095/1560 1589/6094/1560 1587/6093/1560
f 1590/6100/1561 1592/6099/1561 1591/6098/1561 1589/6097/1561
f 1592/6104/1562 1594/6103/1562 1593/6102/1562 1591/6101/1562
f 1594/6108/1563 1596/6107/1563 1595/6106/1563 1593/6105/1563
f 1596/6112/1564 1598/6111/1564 1597/6110/1564 1595/6109/1564
f 1598/6116/1565 1600/6115/1565 1599/6114/1565 1597/6113/1565
f 1600/6120/1566 1584/6119/1566 1581/6118/1566 1599/6117/1566
f 1600/6130/1567 1598/6129/1567 1596/6128/1567 1594/6127/1567 1592/6126/1567 1590/6125/1567 1588/6124/1567 1586/6123/1567 1583/6122/1567 1584/6121/1567
f 1581/6140/1568 1582/6139/1568 1585/6138/1568 1587/6137/1568 1589/6136/1568 1591/6135/1568 1593/6134/1568 1595/6133/1568 1597/6132/1568 1599/6131/1568
f 1604/6144/1569 1603/6143/1569 1602/6142/1569 1601/6141/1569
f 1603/6148/1570 1606/6147/1570 1605/6146/1570 1602/6145/1570
f 1606/6152/1571 1608/6151/1571 1607/6150/1571 1605/6149/1571
f 1608/6156/1572 1610/6155/1572 1609/6154/1572 1607/6153/1572
f 1610/6160/1573 1612/6159/1573 1611/6158/1573 1609/6157/1573
f 1612/6164/1574 1614/6163/1574 1613/6162/1574 1611/6161/1574
f 1614/6168/1575 1616/6167/1575 1615/6166/1575 1613/6165/1575
f 1616/6172/1576 1618/6171/1576 1617/6170/1576 1615/6169/1576
f 1618/6176/1577 1620/6175/1577 1619/6174/1577 1617/6173/1577
f 1620/6180/1578 1604/6179/1578 1601/6178/1578 1619/6177/1578
f 1601/6190/1579 1602/6189/1579 1605/6188/1579 1607/6187/1579 1609/6186/1579 1611/6185/1579 1613/6184/1579 1615/6183/1579 1617/6182/1579 1619/6181/1579
f 1620/6200/1580 1618/6199/1580 1616/6198/1580 1614/6197/1580 1612/6196/1580 1610/6195/1580 1608/6194/1580 1606/6193/1580 1603/6192/1580 1604/6191/1580
o group731174037
g mesh731174037
usemtl mat19
f 1624/6204/1581 1623/6203/1581 1622/6202/1581 1621/6201/1581
f 1623/6208/1582 1626/6207/1582 1625/6206/1582 1622/6205/1582
f 1626/6212/1583 1628/6211/1583 1627/6210/1583 1625/6209/1583
f 1628/6216/1584 1630/6215/1584 1629/6214/1584 1627/6213/1584
f 1630/6220/1585 1632/6219/1585 1631/6218/1585 1629/6217/1585
f 1632/6224/1586 1634/6223/1586 1633/6222/1586 1631/6221/1586
f 1634/6228/1587 1636/6227/1587 1635/6226/1587 1633/6225/1587
f 1636/6232/1588 1638/6231/1588 1637/6230/1588 1635/6229/1588
f 1638/6236/1589 1640/6235/1589 1639/6234/1589 1637/6233/1589
f 1640/6240/1590 1624/6239/1590 1621/6238/1590 1639/6237/1590
f 1640/6250/1591 1638/6249/1591 1636/6248/1591 1634/6247/1591 1632/6246/1591 1630/6245/1591 1628/6244/1591 1626/6243/1591 1623/6242/1591 1624/6241/1591
f 1621/6260/1592 1622/6259/1592 1625/6258/1592 1627/6257/1592 1629/6256/1592 1631/6255/1592 1633/6254/1592 1635/6253/1592 1637/6252/1592 1639/6251/1592
f 1644/6264/1593 1643/6263/1593 1642/6262/1593 1641/6261/1593
f 1643/6268/1594 1646/6267/1594 1645/6266/1594 1642/6265/1594
f 1646/6272/1595 1648/6271/1595 1647/6270/1595 1645/6269/1595
f 1648/6276/1596 1650/6275/1596 1649/6274/1596 1647/6273/1596
f 1650/6280/1597 1652/6279/1597 1651/6278/1597 1649/6277/1597
f 1652/6284/1598 1654/6283/1598 1653/6282/1598 1651/6281/1598
f 1654/6288/1599 1656/6287/1599 1655/6286/1599 1653/6285/1599
f 1656/6292/1600 1658/6291/1600 1657/6290/1600 1655/6289/1600
f 1658/6296/1601 1660/6295/1601 1659/6294/1601 1657/6293/1601
f 1660/6300/1602 1644/6299/1602 1641/6298/1602 1659/6297/1602
f 1641/6310/1603 1642/6309/1603 1645/6308/1603 1647/6307/1603 1649/6306/1603 1651/6305/1603 1653/6304/1603 1655/6303/1603 1657/6302/1603 1659/6301/1603
f 1660/6320/1604 1658/6319/1604 1656/6318/1604 1654/6317/1604 1652/6316/1604 1650/6315/1604 1648/6314/1604 1646/6313/1604 1643/6312/1604 1644/6311/1604
f 1664/6324/1605 1663/6323/1605 1662/6322/1605 1661/6321/1605
f 1663/6328/1606 1666/6327/1606 1665/6326/1606 1662/6325/1606
f 1666/6332/1607 1668/6331/1607 1667/6330/1607 1665/6329/1607
f 1668/6336/1608 1670/6335/1608 1669/6334/1608 1667/6333/1608
f 1670/6340/1609 1672/6339/1609 1671/6338/1609 1669/6337/1609
f 1672/6344/1610 1674/6343/1610 1673/6342/1610 1671/6341/1610
f 1674/6348/1611 1676/6347/1611 1675/6346/1611 1673/6345/1611
f 1676/6352/1612 1678/6351/1612 1677/6350/1612 1675/6349/1612
f 1678/6356/1613 1680/6355/1613 1679/6354/1613 1677/6353/1613
f 1680/6360/1614 1664/6359/1614 1661/6358/1614 1679/6357/1614
f 1661/6370/1615 1662/6369/1615 1665/6368/1615 1667/6367/1615 1669/6366/1615 1671/6365/1615 1673/6364/1615 1675/6363/1615 1677/6362/1615 1679/6361/1615
f 1680/6380/1616 1678/6379/1616 1676/6378/1616 1674/6377/1616 1672/6376/1616 1670/6375/1616 1668/6374/1616 1666/6373/1616 1663/6372/1616 1664/6371/1616
f 1684/6384/1617 1683/6383/1617 1682/6382/1617 1681/6381/1617
f 1683/6388/1618 1686/6387/1618 1685/6386/1618 1682/6385/1618
f 1686/6392/1619 1688/6391/1619 1687/6390/1619 1685/6389/1619
f 1688/6396/1620 1690/6395/1620 1689/6394/1620 1687/6393/1620
f 1690/6400/1621 1692/6399/1621 1691/6398/1621 1689/6397/1621
f 1692/6404/1622 1694/6403/1622 1693/6402/1622 1691/6401/1622
f 1694/6408/1623 1696/6407/1623 1695/6406/1623 1693/6405/1623
f 1696/6412/1624 1698/6411/1624 1697/6410/1624 1695/6409/1624
f 1698/6416/1625 1700/6415/1625 1699/6414/1625 1697/6413/1625
f 1700/6420/1626 1684/6419/1626 1681/6418/1626 1699/6417/1626
f 1700/6430/1627 1698/6429/1627 1696/6428/1627 1694/6427/1627 1692/6426/1627 1690/6425/1627 1688/6424/1627 1686/6423/1627 1683/6422/1627 1684/6421/1627
f 1681/6440/1628 1682/6439/1628 1685/6438/1628 1687/6437/1628 1689/6436/1628 1691/6435/1628 1693/6434/1628 1695/6433/1628 1697/6432/1628 1699/6431/1628
f 1704/6444/1629 1703/6443/1629 1702/6442/1629 1701/6441/1629
f 1703/6448/1630 1706/6447/1630 1705/6446/1630 1702/6445/1630
f 1706/6452/1631 1708/6451/1631 1707/6450/1631 1705/6449/1631
f 1708/6456/1632 1710/6455/1632 1709/6454/1632 1707/6453/1632
f 1710/6460/1633 1712/6459/1633 1711/6458/1633 1709/6457/1633
f 1712/6464/1634 1714/6463/1634 1713/6462/1634 1711/6461/1634
f 1714/6468/1635 1716/6467/1635 1715/6466/1635 1713/6465/1635
f 1716/6472/1636 1718/6471/1636 1717/6470/1636 1715/6469/1636
f 1718/6476/1637 1720/6475/1637 1719/6474/1637 1717/6473/1637
f 1720/6480/1638 1704/6479/1638 1701/6478/1638 1719/6477/1638
f 1720/6490/1639 1718/6489/1639 1716/6488/1639 1714/6487/1639 1712/6486/1639 1710/6485/1639 1708/6484/1639 1706/6483/1639 1703/6482/1639 1704/6481/1639
f 1701/6500/1640 1702/6499/1640 1705/6498/1640 1707/6497/1640 1709/6496/1640 1711/6495/1640 1713/6494/1640 1715/6493/1640 1717/6492/1640 1719/6491/1640
f 1724/6504/1641 1723/6503/1641 1722/6502/1641 1721/6501/1641
f 1723/6508/1642 1726/6507/1642 1725/6506/1642 1722/6505/1642
f 1726/6512/1643 1728/6511/1643 1727/6510/1643 1725/6509/1643
f 1728/6516/1644 1730/6515/1644 1729/6514/1644 1727/6513/1644
f 1730/6520/1645 1732/6519/1645 1731/6518/1645 1729/6517/1645
f 1732/6524/1646 1734/6523/1646 1733/6522/1646 1731/6521/1646
f 1734/6528/1647 1736/6527/1647 1735/6526/1647 1733/6525/1647
f 1736/6532/1648 1738/6531/1648 1737/6530/1648 1735/6529/1648
f 1738/6536/1649 1740/6535/1649 1739/6534/1649 1737/6533/1649
f 1740/6540/1650 1724/6539/1650 1721/6538/1650 1739/6537/1650
f 1721/6550/1651 1722/6549/1651 1725/6548/1651 1727/6547/1651 1729/6546/1651 1731/6545/1651 1733/6544/1651 1735/6543/1651 1737/6542/1651 1739/6541/1651
f 1740/6560/1652 1738/6559/1652 1736/6558/1652 1734/6557/1652 1732/6556/1652 1730/6555/1652 1728/6554/1652 1726/6553/1652 1723/6552/1652 1724/6551/1652
f 1744/6564/1653 1743/6563/1653 1742/6562/1653 1741/6561/1653
f 1743/6568/1654 1746/6567/1654 1745/6566/1654 1742/6565/1654
f 1746/6572/1655 1748/6571/1655 1747/6570/1655 1745/6569/1655
f 1748/6576/1656 1750/6575/1656 1749/6574/1656 1747/6573/1656
f 1750/6580/1657 1752/6579/1657 1751/6578/1657 1749/6577/1657
f 1752/6584/1658 1754/6583/1658 1753/6582/1658 1751/6581/1658
f 1754/6588/1659 1756/6587/1659 1755/6586/1659 1753/6585/1659
f 1756/6592/1660 1758/6591/1660 1757/6590/1660 1755/6589/1660
f 1758/6596/1661 1760/6595/1661 1759/6594/1661 1757/6593/1661
f 1760/6600/1662 1744/6599/1662 1741/6598/1662 1759/6597/1662
f 1760/6610/1663 1758/6609/1663 1756/6608/1663 1754/6607/1663 1752/6606/1663 1750/6605/1663 1748/6604/1663 1746/6603/1663 1743/6602/1663 1744/6601/1663
f 1741/6620/1664 1742/6619/1664 1745/6618/1664 1747/6617/1664 1749/6616/1664 1751/6615/1664 1753/6614/1664 1755/6613/1664 1757/6612/1664 1759/6611/1664
f 1764/6624/1665 1763/6623/1665 1762/6622/1665 1761/6621/1665
f 1763/6628/1666 1766/6627/1666 1765/6626/1666 1762/6625/1666
f 1766/6632/1667 1768/6631/1667 1767/6630/1667 1765/6629/1667
f 1768/6636/1668 1770/6635/1668 1769/6634/1668 1767/6633/1668
f 1770/6640/1669 1772/6639/1669 1771/6638/1669 1769/6637/1669
f 1772/6644/1670 1774/6643/1670 1773/6642/1670 1771/6641/1670
f 1774/6648/1671 1776/6647/1671 1775/6646/1671 1773/6645/1671
f 1776/6652/1672 1778/6651/1672 1777/6650/1672 1775/6649/1672
f 1778/6656/1673 1780/6655/1673 1779/6654/1673 1777/6653/1673
f 1780/6660/1674 1764/6659/1674 1761/6658/1674 1779/6657/1674
f 1761/6670/1675 1762/6669/1675 1765/6668/1675 1767/6667/1675 1769/6666/1675 1771/6665/1675 1773/6664/1675 1775/6663/1675 1777/6662/1675 1779/6661/1675
f 1780/6680/1676 1778/6679/1676 1776/6678/1676 1774/6677/1676 1772/6676/1676 1770/6675/1676 1768/6674/1676 1766/6673/1676 1763/6672/1676 1764/6671/1676
f 1784/6684/1677 1783/6683/1677 1782/6682/1677 1781/6681/1677
f 1783/6688/1678 1786/6687/1678 1785/6686/1678 1782/6685/1678
f 1786/6692/1679 1788/6691/1679 1787/6690/1679 1785/6689/1679
f 1788/6696/1680 1790/6695/1680 1789/6694/1680 1787/6693/1680
f 1790/6700/1681 1792/6699/1681 1791/6698/1681 1789/6697/1681
f 1792/6704/1682 1794/6703/1682 1793/6702/1682 1791/6701/1682
f 1794/6708/1683 1796/6707/1683 1795/6706/1683 1793/6705/1683
f 1796/6712/1684 1798/6711/1684 1797/6710/1684 1795/6709/1684
f 1798/6716/1685 1800/6715/1685 1799/6714/1685 1797/6713/1685
f 1800/6720/1686 1784/6719/1686 1781/6718/1686 1799/6717/1686
f 1781/6730/1687 1782/6729/1687 1785/6728/1687 1787/6727/1687 1789/6726/1687 1791/6725/1687 1793/6724/1687 1795/6723/1687 1797/6722/1687 1799/6721/1687
f 1800/6740/1688 1798/6739/1688 1796/6738/1688 1794/6737/1688 1792/6736/1688 1790/6735/1688 1788/6734/1688 1786/6733/1688 1783/6732/1688 1784/6731/1688
f 1804/6744/1689 1803/6743/1689 1802/6742/1689 1801/6741/1689
f 1803/6748/1690 1806/6747/1690 1805/6746/1690 1802/6745/1690
f 1806/6752/1691 1808/6751/1691 1807/6750/1691 1805/6749/1691
f 1808/6756/1692 1810/6755/1692 1809/6754/1692 1807/6753/1692
f 1810/6760/1693 1812/6759/1693 1811/6758/1693 1809/6757/1693
f 1812/6764/1694 1814/6763/1694 1813/6762/1694 1811/6761/1694
f 1814/6768/1695 1816/6767/1695 1815/6766/1695 1813/6765/1695
f 1816/6772/1696 1818/6771/1696 1817/6770/1696 1815/6769/1696
f 1818/6776/1697 1820/6775/1697 1819/6774/1697 1817/6773/1697
f 1820/6780/1698 1804/6779/1698 1801/6778/1698 1819/6777/1698
f 1820/6790/1699 1818/6789/1699 1816/6788/1699 1814/6787/1699 1812/6786/1699 1810/6785/1699 1808/6784/1699 1806/6783/1699 1803/6782/1699 1804/6781/1699
f 1801/6800/1700 1802/6799/1700 1805/6798/1700 1807/6797/1700 1809/6796/1700 1811/6795/1700 1813/6794/1700 1815/6793/1700 1817/6792/1700 1819/6791/1700
f 1824/6804/1701 1823/6803/1701 1822/6802/1701 1821/6801/1701
f 1823/6808/1702 1826/6807/1702 1825/6806/1702 1822/6805/1702
f 1826/6812/1703 1828/6811/1703 1827/6810/1703 1825/6809/1703
f 1828/6816/1704 1830/6815/1704 1829/6814/1704 1827/6813/1704
f 1830/6820/1705 1832/6819/1705 1831/6818/1705 1829/6817/1705
f 1832/6824/1706 1834/6823/1706 1833/6822/1706 1831/6821/1706
f 1834/6828/1707 1836/6827/1707 1835/6826/1707 1833/6825/1707
f 1836/6832/1708 1838/6831/1708 1837/6830/1708 1835/6829/1708
f 1838/6836/1709 1840/6835/1709 1839/6834/1709 1837/6833/1709
f 1840/6840/1710 1824/6839/1710 1821/6838/1710 1839/6837/1710
f 1821/6850/1711 1822/6849/1711 1825/6848/1711 1827/6847/1711 1829/6846/1711 1831/6845/1711 1833/6844/1711 1835/6843/1711 1837/6842/1711 1839/6841/1711
f 1840/6860/1712 1838/6859/1712 1836/6858/1712 1834/6857/1712 1832/6856/1712 1830/6855/1712 1828/6854/1712 1826/6853/1712 1823/6852/1712 1824/6851/1712
f 1844/6864/1713 1843/6863/1713 1842/6862/1713 1841/6861/1713
f 1843/6868/1714 1846/6867/1714 1845/6866/1714 1842/6865/1714
f 1846/6872/1715 1848/6871/1715 1847/6870/1715 1845/6869/1715
f 1848/6876/1716 1850/6875/1716 1849/6874/1716 1847/6873/1716
f 1850/6880/1717 1852/6879/1717 1851/6878/1717 1849/6877/1717
f 1852/6884/1718 1854/6883/1718 1853/6882/1718 1851/6881/1718
f 1854/6888/1719 1856/6887/1719 1855/6886/1719 1853/6885/1719
f 1856/6892/1720 1858/6891/1720 1857/6890/1720 1855/6889/1720
f 1858/6896/1721 1860/6895/1721 1859/6894/1721 1857/6893/1721
f 1860/6900/1722 1844/6899/1722 1841/6898/1722 1859/6897/1722
f 1860/6910/1723 1858/6909/1723 1856/6908/1723 1854/6907/1723 1852/6906/1723 1850/6905/1723 1848/6904/1723 1846/6903/1723 1843/6902/1723 1844/6901/1723
f 1841/6920/1724 1842/6919/1724 1845/6918/1724 1847/6917/1724 1849/6916/1724 1851/6915/1724 1853/6914/1724 1855/6913/1724 1857/6912/1724 1859/6911/1724
f 1864/6924/1725 1863/6923/1725 1862/6922/1725 1861/6921/1725
f 1863/6928/1726 1866/6927/1726 1865/6926/1726 1862/6925/1726
f 1866/6932/1727 1868/6931/1727 1867/6930/1727 1865/6929/1727
f 1868/6936/1728 1870/6935/1728 1869/6934/1728 1867/6933/1728
f 1870/6940/1729 1872/6939/1729 1871/6938/1729 1869/6937/1729
f 1872/6944/1730 1874/6943/1730 1873/6942/1730 1871/6941/1730
f 1874/6948/1731 1876/6947/1731 1875/6946/1731 1873/6945/1731
f 1876/6952/1732 1878/6951/1732 1877/6950/1732 1875/6949/1732
f 1878/6956/1733 1880/6955/1733 1879/6954/1733 1877/6953/1733
f 1880/6960/1734 1864/6959/1734 1861/6958/1734 1879/6957/1734
f 1861/6970/1735 1862/6969/1735 1865/6968/1735 1867/6967/1735 1869/6966/1735 1871/6965/1735 1873/6964/1735 1875/6963/1735 1877/6962/1735 1879/6961/1735
f 1880/6980/1736 1878/6979/1736 1876/6978/1736 1874/6977/1736 1872/6976/1736 1870/6975/1736 1868/6974/1736 1866/6973/1736 1863/6972/1736 1864/6971/1736
f 1884/6984/1737 1883/6983/1737 1882/6982/1737 1881/6981/1737
f 1883/6988/1738 1886/6987/1738 1885/6986/1738 1882/6985/1738
f 1886/6992/1739 1888/6991/1739 1887/6990/1739 1885/6989/1739
f 1888/6996/1740 1890/6995/1740 1889/6994/1740 1887/6993/1740
f 1890/7000/1741 1892/6999/1741 1891/6998/1741 1889/6997/1741
f 1892/7004/1742 1894/7003/1742 1893/7002/1742 1891/7001/1742
f 1894/7008/1743 1896/7007/1743 1895/7006/1743 1893/7005/1743
f 1896/7012/1744 1898/7011/1744 1897/7010/1744 1895/7009/1744
f 1898/7016/1745 1900/7015/1745 1899/7014/1745 1897/7013/1745
f 1900/7020/1746 1884/7019/1746 1881/7018/1746 1899/7017/1746
f 1900/7030/1747 1898/7029/1747 1896/7028/1747 1894/7027/1747 1892/7026/1747 1890/7025/1747 1888/7024/1747 1886/7023/1747 1883/7022/1747 1884/7021/1747
f 1881/7040/1748 1882/7039/1748 1885/7038/1748 1887/7037/1748 1889/7036/1748 1891/7035/1748 1893/7034/1748 1895/7033/1748 1897/7032/1748 1899/7031/1748
f 1904/7044/1749 1903/7043/1749 1902/7042/1749 1901/7041/1749
f 1903/7048/1750 1906/7047/1750 1905/7046/1750 1902/7045/1750
f 1906/7052/1751 1908/7051/1751 1907/7050/1751 1905/7049/1751
f 1908/7056/1752 1910/7055/1752 1909/7054/1752 1907/7053/1752
f 1910/7060/1753 1912/7059/1753 1911/7058/1753 1909/7057/1753
f 1912/7064/1754 1914/7063/1754 1913/7062/1754 1911/7061/1754
f 1914/7068/1755 1916/7067/1755 1915/7066/1755 1913/7065/1755
f 1916/7072/1756 1918/7071/1756 1917/7070/1756 1915/7069/1756
f 1918/7076/1757 1920/7075/1757 1919/7074/1757 1917/7073/1757
f 1920/7080/1758 1904/7079/1758 1901/7078/1758 1919/7077/1758
f 1901/7090/1759 1902/7089/1759 1905/7088/1759 1907/7087/1759 1909/7086/1759 1911/7085/1759 1913/7084/1759 1915/7083/1759 1917/7082/1759 1919/7081/1759
f 1920/7100/1760 1918/7099/1760 1916/7098/1760 1914/7097/1760 1912/7096/1760 1910/7095/1760 1908/7094/1760 1906/7093/1760 1903/7092/1760 1904/7091/1760
f 1924/7104/1761 1923/7103/1761 1922/7102/1761 1921/7101/1761
f 1923/7108/1762 1926/7107/1762 1925/7106/1762 1922/7105/1762
f 1926/7112/1763 1928/7111/1763 1927/7110/1763 1925/7109/1763
f 1928/7116/1764 1930/7115/1764 1929/7114/1764 1927/7113/1764
f 1930/7120/1765 1932/7119/1765 1931/7118/1765 1929/7117/1765
f 1932/7124/1766 1934/7123/1766 1933/7122/1766 1931/7121/1766
f 1934/7128/1767 1936/7127/1767 1935/7126/1767 1933/7125/1767
f 1936/7132/1768 1938/7131/1768 1937/7130/1768 1935/7129/1768
f 1938/7136/1769 1940/7135/1769 1939/7134/1769 1937/7133/1769
f 1940/7140/1770 1924/7139/1770 1921/7138/1770 1939/7137/1770
f 1940/7150/1771 1938/7149/1771 1936/7148/1771 1934/7147/1771 1932/7146/1771 1930/7145/1771 1928/7144/1771 1926/7143/1771 1923/7142/1771 1924/7141/1771
f 1921/7160/1772 1922/7159/1772 1925/7158/1772 1927/7157/1772 1929/7156/1772 1931/7155/1772 1933/7154/1772 1935/7153/1772 1937/7152/1772 1939/7151/1772
f 1944/7164/1773 1943/7163/1773 1942/7162/1773 1941/7161/1773
f 1943/7168/1774 1946/7167/1774 1945/7166/1774 1942/7165/1774
f 1946/7172/1775 1948/7171/1775 1947/7170/1775 1945/7169/1775
f 1948/7176/1776 1950/7175/1776 1949/7174/1776 1947/7173/1776
f 1950/7180/1777 1952/7179/1777 1951/7178/1777 1949/7177/1777
f 1952/7184/1778 1954/7183/1778 1953/7182/1778 1951/7181/1778
f 1954/7188/1779 1956/7187/1779 1955/7186/1779 1953/7185/1779
f 1956/7192/1780 1958/7191/1780 1957/7190/1780 1955/7189/1780
f 1958/7196/1781 1960/7195/1781 1959/7194/1781 1957/7193/1781
f 1960/7200/1782 1944/7199/1782 1941/7198/1782 1959/7197/1782
f 1941/7210/1783 1942/7209/1783 1945/7208/1783 1947/7207/1783 1949/7206/1783 1951/7205/1783 1953/7204/1783 1955/7203/1783 1957/7202/1783 1959/7201/1783
f 1960/7220/1784 1958/7219/1784 1956/7218/1784 1954/7217/1784 1952/7216/1784 1950/7215/1784 1948/7214/1784 1946/7213/1784 1943/7212/1784 1944/7211/1784
f 1964/7224/1785 1963/7223/1785 1962/7222/1785 1961/7221/1785
f 1963/7228/1786 1966/7227/1786 1965/7226/1786 1962/7225/1786
f 1966/7232/1787 1968/7231/1787 1967/7230/1787 1965/7229/1787
f 1968/7236/1788 1970/7235/1788 1969/7234/1788 1967/7233/1788
f 1970/7240/1789 1972/7239/1789 1971/7238/1789 1969/7237/1789
f 1972/7244/1790 1974/7243/1790 1973/7242/1790 1971/7241/1790
f 1974/7248/1791 1976/7247/1791 1975/7246/1791 1973/7245/1791
f 1976/7252/1792 1978/7251/1792 1977/7250/1792 1975/7249/1792
f 1978/7256/1793 1980/7255/1793 1979/7254/1793 1977/7253/1793
f 1980/7260/1794 1964/7259/1794 1961/7258/1794 1979/7257/1794
f 1980/7270/1795 1978/7269/1795 1976/7268/1795 1974/7267/1795 1972/7266/1795 1970/7265/1795 1968/7264/1795 1966/7263/1795 1963/7262/1795 1964/7261/1795
f 1961/7280/1796 1962/7279/1796 1965/7278/1796 1967/7277/1796 1969/7276/1796 1971/7275/1796 1973/7274/1796 1975/7273/1796 1977/7272/1796 1979/7271/1796
f 1984/7284/1797 1983/7283/1797 1982/7282/1797 1981/7281/1797
f 1983/7288/1798 1986/7287/1798 1985/7286/1798 1982/7285/1798
f 1986/7292/1799 1988/7291/1799 1987/7290/1799 1985/7289/1799
f 1988/7296/1800 1990/7295/1800 1989/7294/1800 1987/7293/1800
f 1990/7300/1801 1992/7299/1801 1991/7298/1801 1989/7297/1801
f 1992/7304/1802 1994/7303/1802 1993/7302/1802 1991/7301/1802
f 1994/7308/1803 1996/7307/1803 1995/7306/1803 1993/7305/1803
f 1996/7312/1804 1998/7311/1804 1997/7310/1804 1995/7309/1804
f 1998/7316/1805 2000/7315/1805 1999/7314/1805 1997/7313/1805
f 2000/7320/1806 1984/7319/1806 1981/7318/1806 1999/7317/1806
f 2000/7330/1807 1998/7329/1807 1996/7328/1807 1994/7327/1807 1992/7326/1807 1990/7325/1807 1988/7324/1807 1986/7323/1807 1983/7322/1807 1984/7321/1807
f 1981/7340/1808 1982/7339/1808 1985/7338/1808 1987/7337/1808 1989/7336/1808 1991/7335/1808 1993/7334/1808 1995/7333/1808 1997/7332/1808 1999/7331/1808
f 2004/7344/1809 2003/7343/1809 2002/7342/1809 2001/7341/1809
f 2003/7348/1810 2006/7347/1810 2005/7346/1810 2002/7345/1810
f 2006/7352/1811 2008/7351/1811 2007/7350/1811 2005/7349/1811
f 2008/7356/1812 2010/7355/1812 2009/7354/1812 2007/7353/1812
f 2010/7360/1813 2012/7359/1813 2011/7358/1813 2009/7357/1813
f 2012/7364/1814 2014/7363/1814 2013/7362/1814 2011/7361/1814
f 2014/7368/1815 2016/7367/1815 2015/7366/1815 2013/7365/1815
f 2016/7372/1816 2018/7371/1816 2017/7370/1816 2015/7369/1816
f 2018/7376/1817 2020/7375/1817 2019/7374/1817 2017/7373/1817
f 2020/7380/1818 2004/7379/1818 2001/7378/1818 2019/7377/1818
f 2001/7390/1819 2002/7389/1819 2005/7388/1819 2007/7387/1819 2009/7386/1819 2011/7385/1819 2013/7384/1819 2015/7383/1819 2017/7382/1819 2019/7381/1819
f 2020/7400/1820 2018/7399/1820 2016/7398/1820 2014/7397/1820 2012/7396/1820 2010/7395/1820 2008/7394/1820 2006/7393/1820 2003/7392/1820 2004/7391/1820
o group1555637147
g mesh1555637147
usemtl mat19
f 2024/7404/1821 2023/7403/1821 2022/7402/1821 2021/7401/1821
f 2023/7408/1822 2026/7407/1822 2025/7406/1822 2022/7405/1822
f 2026/7412/1823 2028/7411/1823 2027/7410/1823 2025/7409/1823
f 2028/7416/1824 2030/7415/1824 2029/7414/1824 2027/7413/1824
f 2030/7420/1825 2032/7419/1825 2031/7418/1825 2029/7417/1825
f 2032/7424/1826 2034/7423/1826 2033/7422/1826 2031/7421/1826
f 2034/7428/1827 2036/7427/1827 2035/7426/1827 2033/7425/1827
f 2036/7432/1828 2038/7431/1828 2037/7430/1828 2035/7429/1828
f 2038/7436/1829 2040/7435/1829 2039/7434/1829 2037/7433/1829
f 2040/7440/1830 2024/7439/1830 2021/7438/1830 2039/7437/1830
f 2021/7450/1831 2022/7449/1831 2025/7448/1831 2027/7447/1831 2029/7446/1831 2031/7445/1831 2033/7444/1831 2035/7443/1831 2037/7442/1831 2039/7441/1831
f 2040/7460/1832 2038/7459/1832 2036/7458/1832 2034/7457/1832 2032/7456/1832 2030/7455/1832 2028/7454/1832 2026/7453/1832 2023/7452/1832 2024/7451/1832
f 2044/7464/1833 2043/7463/1833 2042/7462/1833 2041/7461/1833
f 2043/7468/1834 2046/7467/1834 2045/7466/1834 2042/7465/1834
f 2046/7472/1835 2048/7471/1835 2047/7470/1835 2045/7469/1835
f 2048/7476/1836 2050/7475/1836 2049/7474/1836 2047/7473/1836
f 2050/7480/1837 2052/7479/1837 2051/7478/1837 2049/7477/1837
f 2052/7484/1838 2054/7483/1838 2053/7482/1838 2051/7481/1838
f 2054/7488/1839 2056/7487/1839 2055/7486/1839 2053/7485/1839
f 2056/7492/1840 2058/7491/1840 2057/7490/1840 2055/7489/1840
f 2058/7496/1841 2060/7495/1841 2059/7494/1841 2057/7493/1841
f 2060/7500/1842 2044/7499/1842 2041/7498/1842 2059/7497/1842
f 2060/7510/1843 2058/7509/1843 2056/7508/1843 2054/7507/1843 2052/7506/1843 2050/7505/1843 2048/7504/1843 2046/7503/1843 2043/7502/1843 2044/7501/1843
f 2041/7520/1844 2042/7519/1844 2045/7518/1844 2047/7517/1844 2049/7516/1844 2051/7515/1844 2053/7514/1844 2055/7513/1844 2057/7512/1844 2059/7511/1844
f 2064/7524/1845 2063/7523/1845 2062/7522/1845 2061/7521/1845
f 2063/7528/1846 2066/7527/1846 2065/7526/1846 2062/7525/1846
f 2066/7532/1847 2068/7531/1847 2067/7530/1847 2065/7529/1847
f 2068/7536/1848 2070/7535/1848 2069/7534/1848 2067/7533/1848
f 2070/7540/1849 2072/7539/1849 2071/7538/1849 2069/7537/1849
f 2072/7544/1850 2074/7543/1850 2073/7542/1850 2071/7541/1850
f 2074/7548/1851 2076/7547/1851 2075/7546/1851 2073/7545/1851
f 2076/7552/1852 2078/7551/1852 2077/7550/1852 2075/7549/1852
f 2078/7556/1853 2080/7555/1853 2079/7554/1853 2077/7553/1853
f 2080/7560/1854 2064/7559/1854 2061/7558/1854 2079/7557/1854
f 2080/7570/1855 2078/7569/1855 2076/7568/1855 2074/7567/1855 2072/7566/1855 2070/7565/1855 2068/7564/1855 2066/7563/1855 2063/7562/1855 2064/7561/1855
f 2061/7580/1856 2062/7579/1856 2065/7578/1856 2067/7577/1856 2069/7576/1856 2071/7575/1856 2073/7574/1856 2075/7573/1856 2077/7572/1856 2079/7571/1856
f 2084/7584/1857 2083/7583/1857 2082/7582/1857 2081/7581/1857
f 2083/7588/1858 2086/7587/1858 2085/7586/1858 2082/7585/1858
f 2086/7592/1859 2088/7591/1859 2087/7590/1859 2085/7589/1859
f 2088/7596/1860 2090/7595/1860 2089/7594/1860 2087/7593/1860
f 2090/7600/1861 2092/7599/1861 2091/7598/1861 2089/7597/1861
f 2092/7604/1862 2094/7603/1862 2093/7602/1862 2091/7601/1862
f 2094/7608/1863 2096/7607/1863 2095/7606/1863 2093/7605/1863
f 2096/7612/1864 2098/7611/1864 2097/7610/1864 2095/7609/1864
f 2098/7616/1865 2100/7615/1865 2099/7614/1865 2097/7613/1865
f 2100/7620/1866 2084/7619/1866 2081/7618/1866 2099/7617/1866
f 2081/7630/1867 2082/7629/1867 2085/7628/1867 2087/7627/1867 2089/7626/1867 2091/7625/1867 2093/7624/1867 2095/7623/1867 2097/7622/1867 2099/7621/1867
f 2100/7640/1868 2098/7639/1868 2096/7638/1868 2094/7637/1868 2092/7636/1868 2090/7635/1868 2088/7634/1868 2086/7633/1868 2083/7632/1868 2084/7631/1868
f 2104/7644/1869 2103/7643/1869 2102/7642/1869 2101/7641/1869
f 2103/7648/1870 2106/7647/1870 2105/7646/1870 2102/7645/1870
f 2106/7652/1871 2108/7651/1871 2107/7650/1871 2105/7649/1871
f 2108/7656/1872 2110/7655/1872 2109/7654/1872 2107/7653/1872
f 2110/7660/1873 2112/7659/1873 2111/7658/1873 2109/7657/1873
f 2112/7664/1874 2114/7663/1874 2113/7662/1874 2111/7661/1874
f 2114/7668/1875 2116/7667/1875 2115/7666/1875 2113/7665/1875
f 2116/7672/1876 2118/7671/1876 2117/7670/1876 2115/7669/1876
f 2118/7676/1877 2120/7675/1877 2119/7674/1877 2117/7673/1877
f 2120/7680/1878 2104/7679/1878 2101/7678/1878 2119/7677/1878
f 2101/7690/1879 2102/7689/1879 2105/7688/1879 2107/7687/1879 2109/7686/1879 2111/7685/1879 2113/7684/1879 2115/7683/1879 2117/7682/1879 2119/7681/1879
f 2120/7700/1880 2118/7699/1880 2116/7698/1880 2114/7697/1880 2112/7696/1880 2110/7695/1880 2108/7694/1880 2106/7693/1880 2103/7692/1880 2104/7691/1880
f 2124/7704/1881 2123/7703/1881 2122/7702/1881 2121/7701/1881
f 2123/7708/1882 2126/7707/1882 2125/7706/1882 2122/7705/1882
f 2126/7712/1883 2128/7711/1883 2127/7710/1883 2125/7709/1883
f 2128/7716/1884 2130/7715/1884 2129/7714/1884 2127/7713/1884
f 2130/7720/1885 2132/7719/1885 2131/7718/1885 2129/7717/1885
f 2132/7724/1886 2134/7723/1886 2133/7722/1886 2131/7721/1886
f 2134/7728/1887 2136/7727/1887 2135/7726/1887 2133/7725/1887
f 2136/7732/1888 2138/7731/1888 2137/7730/1888 2135/7729/1888
f 2138/7736/1889 2140/7735/1889 2139/7734/1889 2137/7733/1889
f 2140/7740/1890 2124/7739/1890 2121/7738/1890 2139/7737/1890
f 2140/7750/1891 2138/7749/1891 2136/7748/1891 2134/7747/1891 2132/7746/1891 2130/7745/1891 2128/7744/1891 2126/7743/1891 2123/7742/1891 2124/7741/1891
f 2121/7760/1892 2122/7759/1892 2125/7758/1892 2127/7757/1892 2129/7756/1892 2131/7755/1892 2133/7754/1892 2135/7753/1892 2137/7752/1892 2139/7751/1892
f 2144/7764/1893 2143/7763/1893 2142/7762/1893 2141/7761/1893
f 2143/7768/1894 2146/7767/1894 2145/7766/1894 2142/7765/1894
f 2146/7772/1895 2148/7771/1895 2147/7770/1895 2145/7769/1895
f 2148/7776/1896 2150/7775/1896 2149/7774/1896 2147/7773/1896
f 2150/7780/1897 2152/7779/1897 2151/7778/1897 2149/7777/1897
f 2152/7784/1898 2154/7783/1898 2153/7782/1898 2151/7781/1898
f 2154/7788/1899 2156/7787/1899 2155/7786/1899 2153/7785/1899
f 2156/7792/1900 2158/7791/1900 2157/7790/1900 2155/7789/1900
f 2158/7796/1901 2160/7795/1901 2159/7794/1901 2157/7793/1901
f 2160/7800/1902 2144/7799/1902 2141/7798/1902 2159/7797/1902
f 2141/7810/1903 2142/7809/1903 2145/7808/1903 2147/7807/1903 2149/7806/1903 2151/7805/1903 2153/7804/1903 2155/7803/1903 2157/7802/1903 2159/7801/1903
f 2160/7820/1904 2158/7819/1904 2156/7818/1904 2154/7817/1904 2152/7816/1904 2150/7815/1904 2148/7814/1904 2146/7813/1904 2143/7812/1904 2144/7811/1904
f 2164/7824/1905 2163/7823/1905 2162/7822/1905 2161/7821/1905
f 2163/7828/1906 2166/7827/1906 2165/7826/1906 2162/7825/1906
f 2166/7832/1907 2168/7831/1907 2167/7830/1907 2165/7829/1907
f 2168/7836/1908 2170/7835/1908 2169/7834/1908 2167/7833/1908
f 2170/7840/1909 2172/7839/1909 2171/7838/1909 2169/7837/1909
f 2172/7844/1910 2174/7843/1910 2173/7842/1910 2171/7841/1910
f 2174/7848/1911 2176/7847/1911 2175/7846/1911 2173/7845/1911
f 2176/7852/1912 2178/7851/1912 2177/7850/1912 2175/7849/1912
f 2178/7856/1913 2180/7855/1913 2179/7854/1913 2177/7853/1913
f 2180/7860/1914 2164/7859/1914 2161/7858/1914 2179/7857/1914
f 2180/7870/1915 2178/7869/1915 2176/7868/1915 2174/7867/1915 2172/7866/1915 2170/7865/1915 2168/7864/1915 2166/7863/1915 2163/7862/1915 2164/7861/1915
f 2161/7880/1916 2162/7879/1916 2165/7878/1916 2167/7877/1916 2169/7876/1916 2171/7875/1916 2173/7874/1916 2175/7873/1916 2177/7872/1916 2179/7871/1916
f 2184/7884/1917 2183/7883/1917 2182/7882/1917 2181/7881/1917
f 2183/7888/1918 2186/7887/1918 2185/7886/1918 2182/7885/1918
f 2186/7892/1919 2188/7891/1919 2187/7890/1919 2185/7889/1919
f 2188/7896/1920 2190/7895/1920 2189/7894/1920 2187/7893/1920
f 2190/7900/1921 2192/7899/1921 2191/7898/1921 2189/7897/1921
f 2192/7904/1922 2194/7903/1922 2193/7902/1922 2191/7901/1922
f 2194/7908/1923 2196/7907/1923 2195/7906/1923 2193/7905/1923
f 2196/7912/1924 2198/7911/1924 2197/7910/1924 2195/7909/1924
f 2198/7916/1925 2200/7915/1925 2199/7914/1925 2197/7913/1925
f 2200/7920/1926 2184/7919/1926 2181/7918/1926 2199/7917/1926
f 2200/7930/1927 2198/7929/1927 2196/7928/1927 2194/7927/1927 2192/7926/1927 2190/7925/1927 2188/7924/1927 2186/7923/1927 2183/7922/1927 2184/7921/1927
f 2181/7940/1928 2182/7939/1928 2185/7938/1928 2187/7937/1928 2189/7936/1928 2191/7935/1928 2193/7934/1928 2195/7933/1928 2197/7932/1928 2199/7931/1928
f 2204/7944/1929 2203/7943/1929 2202/7942/1929 2201/7941/1929
f 2203/7948/1930 2206/7947/1930 2205/7946/1930 2202/7945/1930
f 2206/7952/1931 2208/7951/1931 2207/7950/1931 2205/7949/1931
f 2208/7956/1932 2210/7955/1932 2209/7954/1932 2207/7953/1932
f 2210/7960/1933 2212/7959/1933 2211/7958/1933 2209/7957/1933
f 2212/7964/1934 2214/7963/1934 2213/7962/1934 2211/7961/1934
f 2214/7968/1935 2216/7967/1935 2215/7966/1935 2213/7965/1935
f 2216/7972/1936 2218/7971/1936 2217/7970/1936 2215/7969/1936
f 2218/7976/1937 2220/7975/1937 2219/7974/1937 2217/7973/1937
f 2220/7980/1938 2204/7979/1938 2201/7978/1938 2219/7977/1938
f 2201/7990/1939 2202/7989/1939 2205/7988/1939 2207/7987/1939 2209/7986/1939 2211/7985/1939 2213/7984/1939 2215/7983/1939 2217/7982/1939 2219/7981/1939
f 2220/8000/1940 2218/7999/1940 2216/7998/1940 2214/7997/1940 2212/7996/1940 2210/7995/1940 2208/7994/1940 2206/7993/1940 2203/7992/1940 2204/7991/1940
f 2224/8004/1941 2223/8003/1941 2222/8002/1941 2221/8001/1941
f 2223/8008/1942 2226/8007/1942 2225/8006/1942 2222/8005/1942
f 2226/8012/1943 2228/8011/1943 2227/8010/1943 2225/8009/1943
f 2228/8016/1944 2230/8015/1944 2229/8014/1944 2227/8013/1944
f 2230/8020/1945 2232/8019/1945 2231/8018/1945 2229/8017/1945
f 2232/8024/1946 2234/8023/1946 2233/8022/1946 2231/8021/1946
f 2234/8028/1947 2236/8027/1947 2235/8026/1947 2233/8025/1947
f 2236/8032/1948 2238/8031/1948 2237/8030/1948 2235/8029/1948
f 2238/8036/1949 2240/8035/1949 2239/8034/1949 2237/8033/1949
f 2240/8040/1950 2224/8039/1950 2221/8038/1950 2239/8037/1950
f 2240/8050/1951 2238/8049/1951 2236/8048/1951 2234/8047/1951 2232/8046/1951 2230/8045/1951 2228/8044/1951 2226/8043/1951 2223/8042/1951 2224/8041/1951
f 2221/8060/1952 2222/8059/1952 2225/8058/1952 2227/8057/1952 2229/8056/1952 2231/8055/1952 2233/8054/1952 2235/8053/1952 2237/8052/1952 2239/8051/1952
f 2244/8064/1953 2243/8063/1953 2242/8062/1953 2241/8061/1953
f 2243/8068/1954 2246/8067/1954 2245/8066/1954 2242/8065/1954
f 2246/8072/1955 2248/8071/1955 2247/8070/1955 2245/8069/1955
f 2248/8076/1956 2250/8075/1956 2249/8074/1956 2247/8073/1956
f 2250/8080/1957 2252/8079/1957 2251/8078/1957 2249/8077/1957
f 2252/8084/1958 2254/8083/1958 2253/8082/1958 2251/8081/1958
f 2254/8088/1959 2256/8087/1959 2255/8086/1959 2253/8085/1959
f 2256/8092/1960 2258/8091/1960 2257/8090/1960 2255/8089/1960
f 2258/8096/1961 2260/8095/1961 2259/8094/1961 2257/8093/1961
f 2260/8100/1962 2244/8099/1962 2241/8098/1962 2259/8097/1962
f 2241/8110/1963 2242/8109/1963 2245/8108/1963 2247/8107/1963 2249/8106/1963 2251/8105/1963 2253/8104/1963 2255/8103/1963 2257/8102/1963 2259/8101/1963
f 2260/8120/1964 2258/8119/1964 2256/8118/1964 2254/8117/1964 2252/8116/1964 2250/8115/1964 2248/8114/1964 2246/8113/1964 2243/8112/1964 2244/8111/1964
f 2264/8124/1965 2263/8123/1965 2262/8122/1965 2261/8121/1965
f 2263/8128/1966 2266/8127/1966 2265/8126/1966 2262/8125/1966
f 2266/8132/1967 2268/8131/1967 2267/8130/1967 2265/8129/1967
f 2268/8136/1968 2270/8135/1968 2269/8134/1968 2267/8133/1968
f 2270/8140/1969 2272/8139/1969 2271/8138/1969 2269/8137/1969
f 2272/8144/1970 2274/8143/1970 2273/8142/1970 2271/8141/1970
f 2274/8148/1971 2276/8147/1971 2275/8146/1971 2273/8145/1971
f 2276/8152/1972 2278/8151/1972 2277/8150/1972 2275/8149/1972
f 2278/8156/1973 2280/8155/1973 2279/8154/1973 2277/8153/1973
f 2280/8160/1974 2264/8159/1974 2261/8158/1974 2279/8157/1974
f 2280/8170/1975 2278/8169/1975 2276/8168/1975 2274/8167/1975 2272/8166/1975 2270/8165/1975 2268/8164/1975 2266/8163/1975 2263/8162/1975 2264/8161/1975
f 2261/8180/1976 2262/8179/1976 2265/8178/1976 2267/8177/1976 2269/8176/1976 2271/8175/1976 2273/8174/1976 2275/8173/1976 2277/8172/1976 2279/8171/1976
f 2284/8184/1977 2283/8183/1977 2282/8182/1977 2281/8181/1977
f 2283/8188/1978 2286/8187/1978 2285/8186/1978 2282/8185/1978
f 2286/8192/1979 2288/8191/1979 2287/8190/1979 2285/8189/1979
f 2288/8196/1980 2290/8195/1980 2289/8194/1980 2287/8193/1980
f 2290/8200/1981 2292/8199/1981 2291/8198/1981 2289/8197/1981
f 2292/8204/1982 2294/8203/1982 2293/8202/1982 2291/8201/1982
f 2294/8208/1983 2296/8207/1983 2295/8206/1983 2293/8205/1983
f 2296/8212/1984 2298/8211/1984 2297/8210/1984 2295/8209/1984
f 2298/8216/1985 2300/8215/1985 2299/8214/1985 2297/8213/1985
f 2300/8220/1986 2284/8219/1986 2281/8218/1986 2299/8217/1986
f 2281/8230/1987 2282/8229/1987 2285/8228/1987 2287/8227/1987 2289/8226/1987 2291/8225/1987 2293/8224/1987 2295/8223/1987 2297/8222/1987 2299/8221/1987
f 2300/8240/1988 2298/8239/1988 2296/8238/1988 2294/8237/1988 2292/8236/1988 2290/8235/1988 2288/8234/1988 2286/8233/1988 2283/8232/1988 2284/8231/1988
f 2304/8244/1989 2303/8243/1989 2302/8242/1989 2301/8241/1989
f 2303/8248/1990 2306/8247/1990 2305/8246/1990 2302/8245/1990
f 2306/8252/1991 2308/8251/1991 2307/8250/1991 2305/8249/1991
f 2308/8256/1992 2310/8255/1992 2309/8254/1992 2307/8253/1992
f 2310/8260/1993 2312/8259/1993 2311/8258/1993 2309/8257/1993
f 2312/8264/1994 2314/8263/1994 2313/8262/1994 2311/8261/1994
f 2314/8268/1995 2316/8267/1995 2315/8266/1995 2313/8265/1995
f 2316/8272/1996 2318/8271/1996 2317/8270/1996 2315/8269/1996
f 2318/8276/1997 2320/8275/1997 2319/8274/1997 2317/8273/1997
f 2320/8280/1998 2304/8279/1998 2301/8278/1998 2319/8277/1998
f 2320/8290/1999 2318/8289/1999 2316/8288/1999 2314/8287/1999 2312/8286/1999 2310/8285/1999 2308/8284/1999 2306/8283/1999 2303/8282/1999 2304/8281/1999
f 2301/8300/2000 2302/8299/2000 2305/8298/2000 2307/8297/2000 2309/8296/2000 2311/8295/2000 2313/8294/2000 2315/8293/2000 2317/8292/2000 2319/8291/2000
f 2324/8304/2001 2323/8303/2001 2322/8302/2001 2321/8301/2001
f 2323/8308/2002 2326/8307/2002 2325/8306/2002 2322/8305/2002
f 2326/8312/2003 2328/8311/2003 2327/8310/2003 2325/8309/2003
f 2328/8316/2004 2330/8315/2004 2329/8314/2004 2327/8313/2004
f 2330/8320/2005 2332/8319/2005 2331/8318/2005 2329/8317/2005
f 2332/8324/2006 2334/8323/2006 2333/8322/2006 2331/8321/2006
f 2334/8328/2007 2336/8327/2007 2335/8326/2007 2333/8325/2007
f 2336/8332/2008 2338/8331/2008 2337/8330/2008 2335/8329/2008
f 2338/8336/2009 2340/8335/2009 2339/8334/2009 2337/8333/2009
f 2340/8340/2010 2324/8339/2010 2321/8338/2010 2339/8337/2010
f 2321/8350/2011 2322/8349/2011 2325/8348/2011 2327/8347/2011 2329/8346/2011 2331/8345/2011 2333/8344/2011 2335/8343/2011 2337/8342/2011 2339/8341/2011
f 2340/8360/2012 2338/8359/2012 2336/8358/2012 2334/8357/2012 2332/8356/2012 2330/8355/2012 2328/8354/2012 2326/8353/2012 2323/8352/2012 2324/8351/2012
f 2344/8364/2013 2343/8363/2013 2342/8362/2013 2341/8361/2013
f 2343/8368/2014 2346/8367/2014 2345/8366/2014 2342/8365/2014
f 2346/8372/2015 2348/8371/2015 2347/8370/2015 2345/8369/2015
f 2348/8376/2016 2350/8375/2016 2349/8374/2016 2347/8373/2016
f 2350/8380/2017 2352/8379/2017 2351/8378/2017 2349/8377/2017
f 2352/8384/2018 2354/8383/2018 2353/8382/2018 2351/8381/2018
f 2354/8388/2019 2356/8387/2019 2355/8386/2019 2353/8385/2019
f 2356/8392/2020 2358/8391/2020 2357/8390/2020 2355/8389/2020
f 2358/8396/2021 2360/8395/2021 2359/8394/2021 2357/8393/2021
f 2360/8400/2022 2344/8399/2022 2341/8398/2022 2359/8397/2022
f 2360/8410/2023 2358/8409/2023 2356/8408/2023 2354/8407/2023 2352/8406/2023 2350/8405/2023 2348/8404/2023 2346/8403/2023 2343/8402/2023 2344/8401/2023
f 2341/8420/2024 2342/8419/2024 2345/8418/2024 2347/8417/2024 2349/8416/2024 2351/8415/2024 2353/8414/2024 2355/8413/2024 2357/8412/2024 2359/8411/2024
f 2364/8424/2025 2363/8423/2025 2362/8422/2025 2361/8421/2025
f 2363/8428/2026 2366/8427/2026 2365/8426/2026 2362/8425/2026
f 2366/8432/2027 2368/8431/2027 2367/8430/2027 2365/8429/2027
f 2368/8436/2028 2370/8435/2028 2369/8434/2028 2367/8433/2028
f 2370/8440/2029 2372/8439/2029 2371/8438/2029 2369/8437/2029
f 2372/8444/2030 2374/8443/2030 2373/8442/2030 2371/8441/2030
f 2374/8448/2031 2376/8447/2031 2375/8446/2031 2373/8445/2031
f 2376/8452/2032 2378/8451/2032 2377/8450/2032 2375/8449/2032
f 2378/8456/2033 2380/8455/2033 2379/8454/2033 2377/8453/2033
f 2380/8460/2034 2364/8459/2034 2361/8458/2034 2379/8457/2034
f 2361/8470/2035 2362/8469/2035 2365/8468/2035 2367/8467/2035 2369/8466/2035 2371/8465/2035 2373/8464/2035 2375/8463/2035 2377/8462/2035 2379/8461/2035
f 2380/8480/2036 2378/8479/2036 2376/8478/2036 2374/8477/2036 2372/8476/2036 2370/8475/2036 2368/8474/2036 2366/8473/2036 2363/8472/2036 2364/8471/2036
f 2384/8484/2037 2383/8483/2037 2382/8482/2037 2381/8481/2037
f 2383/8488/2038 2386/8487/2038 2385/8486/2038 2382/8485/2038
f 2386/8492/2039 2388/8491/2039 2387/8490/2039 2385/8489/2039
f 2388/8496/2040 2390/8495/2040 2389/8494/2040 2387/8493/2040
f 2390/8500/2041 2392/8499/2041 2391/8498/2041 2389/8497/2041
f 2392/8504/2042 2394/8503/2042 2393/8502/2042 2391/8501/2042
f 2394/8508/2043 2396/8507/2043 2395/8506/2043 2393/8505/2043
f 2396/8512/2044 2398/8511/2044 2397/8510/2044 2395/8509/2044
f 2398/8516/2045 2400/8515/2045 2399/8514/2045 2397/8513/2045
f 2400/8520/2046 2384/8519/2046 2381/8518/2046 2399/8517/2046
f 2381/8530/2047 2382/8529/2047 2385/8528/2047 2387/8527/2047 2389/8526/2047 2391/8525/2047 2393/8524/2047 2395/8523/2047 2397/8522/2047 2399/8521/2047
f 2400/8540/2048 2398/8539/2048 2396/8538/2048 2394/8537/2048 2392/8536/2048 2390/8535/2048 2388/8534/2048 2386/8533/2048 2383/8532/2048 2384/8531/2048
f 2404/8544/2049 2403/8543/2049 2402/8542/2049 2401/8541/2049
f 2403/8548/2050 2406/8547/2050 2405/8546/2050 2402/8545/2050
f 2406/8552/2051 2408/8551/2051 2407/8550/2051 2405/8549/2051
f 2408/8556/2052 2410/8555/2052 2409/8554/2052 2407/8553/2052
f 2410/8560/2053 2412/8559/2053 2411/8558/2053 2409/8557/2053
f 2412/8564/2054 2414/8563/2054 2413/8562/2054 2411/8561/2054
f 2414/8568/2055 2416/8567/2055 2415/8566/2055 2413/8565/2055
f 2416/8572/2056 2418/8571/2056 2417/8570/2056 2415/8569/2056
f 2418/8576/2057 2420/8575/2057 2419/8574/2057 2417/8573/2057
f 2420/8580/2058 2404/8579/2058 2401/8578/2058 2419/8577/2058
f 2420/8590/2059 2418/8589/2059 2416/8588/2059 2414/8587/2059 2412/8586/2059 2410/8585/2059 2408/8584/2059 2406/8583/2059 2403/8582/2059 2404/8581/2059
f 2401/8600/2060 2402/8599/2060 2405/8598/2060 2407/8597/2060 2409/8596/2060 2411/8595/2060 2413/8594/2060 2415/8593/2060 2417/8592/2060 2419/8591/2060
o group2086064821
g mesh2086064821
usemtl mat19
f 2424/8604/2061 2423/8603/2061 2422/8602/2061 2421/8601/2061
f 2423/8608/2062 2426/8607/2062 2425/8606/2062 2422/8605/2062
f 2426/8612/2063 2428/8611/2063 2427/8610/2063 2425/8609/2063
f 2428/8616/2064 2430/8615/2064 2429/8614/2064 2427/8613/2064
f 2430/8620/2065 2432/8619/2065 2431/8618/2065 2429/8617/2065
f 2432/8624/2066 2434/8623/2066 2433/8622/2066 2431/8621/2066
f 2434/8628/2067 2436/8627/2067 2435/8626/2067 2433/8625/2067
f 2436/8632/2068 2438/8631/2068 2437/8630/2068 2435/8629/2068
f 2438/8636/2069 2440/8635/2069 2439/8634/2069 2437/8633/2069
f 2440/8640/2070 2424/8639/2070 2421/8638/2070 2439/8637/2070
f 2421/8650/2071 2422/8649/2071 2425/8648/2071 2427/8647/2071 2429/8646/2071 2431/8645/2071 2433/8644/2071 2435/8643/2071 2437/8642/2071 2439/8641/2071
f 2440/8660/2072 2438/8659/2072 2436/8658/2072 2434/8657/2072 2432/8656/2072 2430/8655/2072 2428/8654/2072 2426/8653/2072 2423/8652/2072 2424/8651/2072
f 2444/8664/2073 2443/8663/2073 2442/8662/2073 2441/8661/2073
f 2443/8668/2074 2446/8667/2074 2445/8666/2074 2442/8665/2074
f 2446/8672/2075 2448/8671/2075 2447/8670/2075 2445/8669/2075
f 2448/8676/2076 2450/8675/2076 2449/8674/2076 2447/8673/2076
f 2450/8680/2077 2452/8679/2077 2451/8678/2077 2449/8677/2077
f 2452/8684/2078 2454/8683/2078 2453/8682/2078 2451/8681/2078
f 2454/8688/2079 2456/8687/2079 2455/8686/2079 2453/8685/2079
f 2456/8692/2080 2458/8691/2080 2457/8690/2080 2455/8689/2080
f 2458/8696/2081 2460/8695/2081 2459/8694/2081 2457/8693/2081
f 2460/8700/2082 2444/8699/2082 2441/8698/2082 2459/8697/2082
f 2460/8710/2083 2458/8709/2083 2456/8708/2083 2454/8707/2083 2452/8706/2083 2450/8705/2083 2448/8704/2083 2446/8703/2083 2443/8702/2083 2444/8701/2083
f 2441/8720/2084 2442/8719/2084 2445/8718/2084 2447/8717/2084 2449/8716/2084 2451/8715/2084 2453/8714/2084 2455/8713/2084 2457/8712/2084 2459/8711/2084
f 2464/8724/2085 2463/8723/2085 2462/8722/2085 2461/8721/2085
f 2463/8728/2086 2466/8727/2086 2465/8726/2086 2462/8725/2086
f 2466/8732/2087 2468/8731/2087 2467/8730/2087 2465/8729/2087
f 2468/8736/2088 2470/8735/2088 2469/8734/2088 2467/8733/2088
f 2470/8740/2089 2472/8739/2089 2471/8738/2089 2469/8737/2089
f 2472/8744/2090 2474/8743/2090 2473/8742/2090 2471/8741/2090
f 2474/8748/2091 2476/8747/2091 2475/8746/2091 2473/8745/2091
f 2476/8752/2092 2478/8751/2092 2477/8750/2092 2475/8749/2092
f 2478/8756/2093 2480/8755/2093 2479/8754/2093 2477/8753/2093
f 2480/8760/2094 2464/8759/2094 2461/8758/2094 2479/8757/2094
f 2461/8770/2095 2462/8769/2095 2465/8768/2095 2467/8767/2095 2469/8766/2095 2471/8765/2095 2473/8764/2095 2475/8763/2095 2477/8762/2095 2479/8761/2095
f 2480/8780/2096 2478/8779/2096 2476/8778/2096 2474/8777/2096 2472/8776/2096 2470/8775/2096 2468/8774/2096 2466/8773/2096 2463/8772/2096 2464/8771/2096
f 2484/8784/2097 2483/8783/2097 2482/8782/2097 2481/8781/2097
f 2483/8788/2098 2486/8787/2098 2485/8786/2098 2482/8785/2098
f 2486/8792/2099 2488/8791/2099 2487/8790/2099 2485/8789/2099
f 2488/8796/2100 2490/8795/2100 2489/8794/2100 2487/8793/2100
f 2490/8800/2101 2492/8799/2101 2491/8798/2101 2489/8797/2101
f 2492/8804/2102 2494/8803/2102 2493/8802/2102 2491/8801/2102
f 2494/8808/2103 2496/8807/2103 2495/8806/2103 2493/8805/2103
f 2496/8812/2104 2498/8811/2104 2497/8810/2104 2495/8809/2104
f 2498/8816/2105 2500/8815/2105 2499/8814/2105 2497/8813/2105
f 2500/8820/2106 2484/8819/2106 2481/8818/2106 2499/8817/2106
f 2500/8830/2107 2498/8829/2107 2496/8828/2107 2494/8827/2107 2492/8826/2107 2490/8825/2107 2488/8824/2107 2486/8823/2107 2483/8822/2107 2484/8821/2107
f 2481/8840/2108 2482/8839/2108 2485/8838/2108 2487/8837/2108 2489/8836/2108 2491/8835/2108 2493/8834/2108 2495/8833/2108 2497/8832/2108 2499/8831/2108
f 2504/8844/2109 2503/8843/2109 2502/8842/2109 2501/8841/2109
f 2503/8848/2110 2506/8847/2110 2505/8846/2110 2502/8845/2110
f 2506/8852/2111 2508/8851/2111 2507/8850/2111 2505/8849/2111
f 2508/8856/2112 2510/8855/2112 2509/8854/2112 2507/8853/2112
f 2510/8860/2113 2512/8859/2113 2511/8858/2113 2509/8857/2113
f 2512/8864/2114 2514/8863/2114 2513/8862/2114 2511/8861/2114
f 2514/8868/2115 2516/8867/2115 2515/8866/2115 2513/8865/2115
f 2516/8872/2116 2518/8871/2116 2517/8870/2116 2515/8869/2116
f 2518/8876/2117 2520/8875/2117 2519/8874/2117 2517/8873/2117
f 2520/8880/2118 2504/8879/2118 2501/8878/2118 2519/8877/2118
f 2520/8890/2119 2518/8889/2119 2516/8888/2119 2514/8887/2119 2512/8886/2119 2510/8885/2119 2508/8884/2119 2506/8883/2119 2503/8882/2119 2504/8881/2119
f 2501/8900/2120 2502/8899/2120 2505/8898/2120 2507/8897/2120 2509/8896/2120 2511/8895/2120 2513/8894/2120 2515/8893/2120 2517/8892/2120 2519/8891/2120
f 2524/8904/2121 2523/8903/2121 2522/8902/2121 2521/8901/2121
f 2523/8908/2122 2526/8907/2122 2525/8906/2122 2522/8905/2122
f 2526/8912/2123 2528/8911/2123 2527/8910/2123 2525/8909/2123
f 2528/8916/2124 2530/8915/2124 2529/8914/2124 2527/8913/2124
f 2530/8920/2125 2532/8919/2125 2531/8918/2125 2529/8917/2125
f 2532/8924/2126 2534/8923/2126 2533/8922/2126 2531/8921/2126
f 2534/8928/2127 2536/8927/2127 2535/8926/2127 2533/8925/2127
f 2536/8932/2128 2538/8931/2128 2537/8930/2128 2535/8929/2128
f 2538/8936/2129 2540/8935/2129 2539/8934/2129 2537/8933/2129
f 2540/8940/2130 2524/8939/2130 2521/8938/2130 2539/8937/2130
f 2521/8950/2131 2522/8949/2131 2525/8948/2131 2527/8947/2131 2529/8946/2131 2531/8945/2131 2533/8944/2131 2535/8943/2131 2537/8942/2131 2539/8941/2131
f 2540/8960/2132 2538/8959/2132 2536/8958/2132 2534/8957/2132 2532/8956/2132 2530/8955/2132 2528/8954/2132 2526/8953/2132 2523/8952/2132 2524/8951/2132
f 2544/8964/2133 2543/8963/2133 2542/8962/2133 2541/8961/2133
f 2543/8968/2134 2546/8967/2134 2545/8966/2134 2542/8965/2134
f 2546/8972/2135 2548/8971/2135 2547/8970/2135 2545/8969/2135
f 2548/8976/2136 2550/8975/2136 2549/8974/2136 2547/8973/2136
f 2550/8980/2137 2552/8979/2137 2551/8978/2137 2549/8977/2137
f 2552/8984/2138 2554/8983/2138 2553/8982/2138 2551/8981/2138
f 2554/8988/2139 2556/8987/2139 2555/8986/2139 2553/8985/2139
f 2556/8992/2140 2558/8991/2140 2557/8990/2140 2555/8989/2140
f 2558/8996/2141 2560/8995/2141 2559/8994/2141 2557/8993/2141
f 2560/9000/2142 2544/8999/2142 2541/8998/2142 2559/8997/2142
f 2560/9010/2143 2558/9009/2143 2556/9008/2143 2554/9007/2143 2552/9006/2143 2550/9005/2143 2548/9004/2143 2546/9003/2143 2543/9002/2143 2544/9001/2143
f 2541/9020/2144 2542/9019/2144 2545/9018/2144 2547/9017/2144 2549/9016/2144 2551/9015/2144 2553/9014/2144 2555/9013/2144 2557/9012/2144 2559/9011/2144
f 2564/9024/2145 2563/9023/2145 2562/9022/2145 2561/9021/2145
f 2563/9028/2146 2566/9027/2146 2565/9026/2146 2562/9025/2146
f 2566/9032/2147 2568/9031/2147 2567/9030/2147 2565/9029/2147
f 2568/9036/2148 2570/9035/2148 2569/9034/2148 2567/9033/2148
f 2570/9040/2149 2572/9039/2149 2571/9038/2149 2569/9037/2149
f 2572/9044/2150 2574/9043/2150 2573/9042/2150 2571/9041/2150
f 2574/9048/2151 2576/9047/2151 2575/9046/2151 2573/9045/2151
f 2576/9052/2152 2578/9051/2152 2577/9050/2152 2575/9049/2152
f 2578/9056/2153 2580/9055/2153 2579/9054/2153 2577/9053/2153
f 2580/9060/2154 2564/9059/2154 2561/9058/2154 2579/9057/2154
f 2561/9070/2155 2562/9069/2155 2565/9068/2155 2567/9067/2155 2569/9066/2155 2571/9065/2155 2573/9064/2155 2575/9063/2155 2577/9062/2155 2579/9061/2155
f 2580/9080/2156 2578/9079/2156 2576/9078/2156 2574/9077/2156 2572/9076/2156 2570/9075/2156 2568/9074/2156 2566/9073/2156 2563/9072/2156 2564/9071/2156
f 2584/9084/2157 2583/9083/2157 2582/9082/2157 2581/9081/2157
f 2583/9088/2158 2586/9087/2158 2585/9086/2158 2582/9085/2158
f 2586/9092/2159 2588/9091/2159 2587/9090/2159 2585/9089/2159
f 2588/9096/2160 2590/9095/2160 2589/9094/2160 2587/9093/2160
f 2590/9100/2161 2592/9099/2161 2591/9098/2161 2589/9097/2161
f 2592/9104/2162 2594/9103/2162 2593/9102/2162 2591/9101/2162
f 2594/9108/2163 2596/9107/2163 2595/9106/2163 2593/9105/2163
f 2596/9112/2164 2598/9111/2164 2597/9110/2164 2595/9109/2164
f 2598/9116/2165 2600/9115/2165 2599/9114/2165 2597/9113/2165
f 2600/9120/2166 2584/9119/2166 2581/9118/2166 2599/9117/2166
f 2581/9130/2167 2582/9129/2167 2585/9128/2167 2587/9127/2167 2589/9126/2167 2591/9125/2167 2593/9124/2167 2595/9123/2167 2597/9122/2167 2599/9121/2167
f 2600/9140/2168 2598/9139/2168 2596/9138/2168 2594/9137/2168 2592/9136/2168 2590/9135/2168 2588/9134/2168 2586/9133/2168 2583/9132/2168 2584/9131/2168
f 2604/9144/2169 2603/9143/2169 2602/9142/2169 2601/9141/2169
f 2603/9148/2170 2606/9147/2170 2605/9146/2170 2602/9145/2170
f 2606/9152/2171 2608/9151/2171 2607/9150/2171 2605/9149/2171
f 2608/9156/2172 2610/9155/2172 2609/9154/2172 2607/9153/2172
f 2610/9160/2173 2612/9159/2173 2611/9158/2173 2609/9157/2173
f 2612/9164/2174 2614/9163/2174 2613/9162/2174 2611/9161/2174
f 2614/9168/2175 2616/9167/2175 2615/9166/2175 2613/9165/2175
f 2616/9172/2176 2618/9171/2176 2617/9170/2176 2615/9169/2176
f 2618/9176/2177 2620/9175/2177 2619/9174/2177 2617/9173/2177
f 2620/9180/2178 2604/9179/2178 2601/9178/2178 2619/9177/2178
f 2620/9190/2179 2618/9189/2179 2616/9188/2179 2614/9187/2179 2612/9186/2179 2610/9185/2179 2608/9184/2179 2606/9183/2179 2603/9182/2179 2604/9181/2179
f 2601/9200/2180 2602/9199/2180 2605/9198/2180 2607/9197/2180 2609/9196/2180 2611/9195/2180 2613/9194/2180 2615/9193/2180 2617/9192/2180 2619/9191/2180
f 2624/9204/2181 2623/9203/2181 2622/9202/2181 2621/9201/2181
f 2623/9208/2182 2626/9207/2182 2625/9206/2182 2622/9205/2182
f 2626/9212/2183 2628/9211/2183 2627/9210/2183 2625/9209/2183
f 2628/9216/2184 2630/9215/2184 2629/9214/2184 2627/9213/2184
f 2630/9220/2185 2632/9219/2185 2631/9218/2185 2629/9217/2185
f 2632/9224/2186 2634/9223/2186 2633/9222/2186 2631/9221/2186
f 2634/9228/2187 2636/9227/2187 2635/9226/2187 2633/9225/2187
f 2636/9232/2188 2638/9231/2188 2637/9230/2188 2635/9229/2188
f 2638/9236/2189 2640/9235/2189 2639/9234/2189 2637/9233/2189
f 2640/9240/2190 2624/9239/2190 2621/9238/2190 2639/9237/2190
f 2621/9250/2191 2622/9249/2191 2625/9248/2191 2627/9247/2191 2629/9246/2191 2631/9245/2191 2633/9244/2191 2635/9243/2191 2637/9242/2191 2639/9241/2191
f 2640/9260/2192 2638/9259/2192 2636/9258/2192 2634/9257/2192 2632/9256/2192 2630/9255/2192 2628/9254/2192 2626/9253/2192 2623/9252/2192 2624/9251/2192
f 2644/9264/2193 2643/9263/2193 2642/9262/2193 2641/9261/2193
f 2643/9268/2194 2646/9267/2194 2645/9266/2194 2642/9265/2194
f 2646/9272/2195 2648/9271/2195 2647/9270/2195 2645/9269/2195
f 2648/9276/2196 2650/9275/2196 2649/9274/2196 2647/9273/2196
f 2650/9280/2197 2652/9279/2197 2651/9278/2197 2649/9277/2197
f 2652/9284/2198 2654/9283/2198 2653/9282/2198 2651/9281/2198
f 2654/9288/2199 2656/9287/2199 2655/9286/2199 2653/9285/2199
f 2656/9292/2200 2658/9291/2200 2657/9290/2200 2655/9289/2200
f 2658/9296/2201 2660/9295/2201 2659/9294/2201 2657/9293/2201
f 2660/9300/2202 2644/9299/2202 2641/9298/2202 2659/9297/2202
f 2660/9310/2203 2658/9309/2203 2656/9308/2203 2654/9307/2203 2652/9306/2203 2650/9305/2203 2648/9304/2203 2646/9303/2203 2643/9302/2203 2644/9301/2203
f 2641/9320/2204 2642/9319/2204 2645/9318/2204 2647/9317/2204 2649/9316/2204 2651/9315/2204 2653/9314/2204 2655/9313/2204 2657/9312/2204 2659/9311/2204
f 2664/9324/2205 2663/9323/2205 2662/9322/2205 2661/9321/2205
f 2663/9328/2206 2666/9327/2206 2665/9326/2206 2662/9325/2206
f 2666/9332/2207 2668/9331/2207 2667/9330/2207 2665/9329/2207
f 2668/9336/2208 2670/9335/2208 2669/9334/2208 2667/9333/2208
f 2670/9340/2209 2672/9339/2209 2671/9338/2209 2669/9337/2209
f 2672/9344/2210 2674/9343/2210 2673/9342/2210 2671/9341/2210
f 2674/9348/2211 2676/9347/2211 2675/9346/2211 2673/9345/2211
f 2676/9352/2212 2678/9351/2212 2677/9350/2212 2675/9349/2212
f 2678/9356/2213 2680/9355/2213 2679/9354/2213 2677/9353/2213
f 2680/9360/2214 2664/9359/2214 2661/9358/2214 2679/9357/2214
f 2661/9370/2215 2662/9369/2215 2665/9368/2215 2667/9367/2215 2669/9366/2215 2671/9365/2215 2673/9364/2215 2675/9363/2215 2677/9362/2215 2679/9361/2215
f 2680/9380/2216 2678/9379/2216 2676/9378/2216 2674/9377/2216 2672/9376/2216 2670/9375/2216 2668/9374/2216 2666/9373/2216 2663/9372/2216 2664/9371/2216
f 2684/9384/2217 2683/9383/2217 2682/9382/2217 2681/9381/2217
f 2683/9388/2218 2686/9387/2218 2685/9386/2218 2682/9385/2218
f 2686/9392/2219 2688/9391/2219 2687/9390/2219 2685/9389/2219
f 2688/9396/2220 2690/9395/2220 2689/9394/2220 2687/9393/2220
f 2690/9400/2221 2692/9399/2221 2691/9398/2221 2689/9397/2221
f 2692/9404/2222 2694/9403/2222 2693/9402/2222 2691/9401/2222
f 2694/9408/2223 2696/9407/2223 2695/9406/2223 2693/9405/2223
f 2696/9412/2224 2698/9411/2224 2697/9410/2224 2695/9409/2224
f 2698/9416/2225 2700/9415/2225 2699/9414/2225 2697/9413/2225
f 2700/9420/2226 2684/9419/2226 2681/9418/2226 2699/9417/2226
f 2700/9430/2227 2698/9429/2227 2696/9428/2227 2694/9427/2227 2692/9426/2227 2690/9425/2227 2688/9424/2227 2686/9423/2227 2683/9422/2227 2684/9421/2227
f 2681/9440/2228 2682/9439/2228 2685/9438/2228 2687/9437/2228 2689/9436/2228 2691/9435/2228 2693/9434/2228 2695/9433/2228 2697/9432/2228 2699/9431/2228
f 2704/9444/2229 2703/9443/2229 2702/9442/2229 2701/9441/2229
f 2703/9448/2230 2706/9447/2230 2705/9446/2230 2702/9445/2230
f 2706/9452/2231 2708/9451/2231 2707/9450/2231 2705/9449/2231
f 2708/9456/2232 2710/9455/2232 2709/9454/2232 2707/9453/2232
f 2710/9460/2233 2712/9459/2233 2711/9458/2233 2709/9457/2233
f 2712/9464/2234 2714/9463/2234 2713/9462/2234 2711/9461/2234
f 2714/9468/2235 2716/9467/2235 2715/9466/2235 2713/9465/2235
f 2716/9472/2236 2718/9471/2236 2717/9470/2236 2715/9469/2236
f 2718/9476/2237 2720/9475/2237 2719/9474/2237 2717/9473/2237
f 2720/9480/2238 2704/9479/2238 2701/9478/2238 2719/9477/2238
f 2701/9490/2239 2702/9489/2239 2705/9488/2239 2707/9487/2239 2709/9486/2239 2711/9485/2239 2713/9484/2239 2715/9483/2239 2717/9482/2239 2719/9481/2239
f 2720/9500/2240 2718/9499/2240 2716/9498/2240 2714/9497/2240 2712/9496/2240 2710/9495/2240 2708/9494/2240 2706/9493/2240 2703/9492/2240 2704/9491/2240
f 2724/9504/2241 2723/9503/2241 2722/9502/2241 2721/9501/2241
f 2723/9508/2242 2726/9507/2242 2725/9506/2242 2722/9505/2242
f 2726/9512/2243 2728/9511/2243 2727/9510/2243 2725/9509/2243
f 2728/9516/2244 2730/9515/2244 2729/9514/2244 2727/9513/2244
f 2730/9520/2245 2732/9519/2245 2731/9518/2245 2729/9517/2245
f 2732/9524/2246 2734/9523/2246 2733/9522/2246 2731/9521/2246
f 2734/9528/2247 2736/9527/2247 2735/9526/2247 2733/9525/2247
f 2736/9532/2248 2738/9531/2248 2737/9530/2248 2735/9529/2248
f 2738/9536/2249 2740/9535/2249 2739/9534/2249 2737/9533/2249
f 2740/9540/2250 2724/9539/2250 2721/9538/2250 2739/9537/2250
f 2740/9550/2251 2738/9549/2251 2736/9548/2251 2734/9547/2251 2732/9546/2251 2730/9545/2251 2728/9544/2251 2726/9543/2251 2723/9542/2251 2724/9541/2251
f 2721/9560/2252 2722/9559/2252 2725/9558/2252 2727/9557/2252 2729/9556/2252 2731/9555/2252 2733/9554/2252 2735/9553/2252 2737/9552/2252 2739/9551/2252
f 2744/9564/2253 2743/9563/2253 2742/9562/2253 2741/9561/2253
f 2743/9568/2254 2746/9567/2254 2745/9566/2254 2742/9565/2254
f 2746/9572/2255 2748/9571/2255 2747/9570/2255 2745/9569/2255
f 2748/9576/2256 2750/9575/2256 2749/9574/2256 2747/9573/2256
f 2750/9580/2257 2752/9579/2257 2751/9578/2257 2749/9577/2257
f 2752/9584/2258 2754/9583/2258 2753/9582/2258 2751/9581/2258
f 2754/9588/2259 2756/9587/2259 2755/9586/2259 2753/9585/2259
f 2756/9592/2260 2758/9591/2260 2757/9590/2260 2755/9589/2260
f 2758/9596/2261 2760/9595/2261 2759/9594/2261 2757/9593/2261
f 2760/9600/2262 2744/9599/2262 2741/9598/2262 2759/9597/2262
f 2741/9610/2263 2742/9609/2263 2745/9608/2263 2747/9607/2263 2749/9606/2263 2751/9605/2263 2753/9604/2263 2755/9603/2263 2757/9602/2263 2759/9601/2263
f 2760/9620/2264 2758/9619/2264 2756/9618/2264 2754/9617/2264 2752/9616/2264 2750/9615/2264 2748/9614/2264 2746/9613/2264 2743/9612/2264 2744/9611/2264
f 2764/9624/2265 2763/9623/2265 2762/9622/2265 2761/9621/2265
f 2763/9628/2266 2766/9627/2266 2765/9626/2266 2762/9625/2266
f 2766/9632/2267 2768/9631/2267 2767/9630/2267 2765/9629/2267
f 2768/9636/2268 2770/9635/2268 2769/9634/2268 2767/9633/2268
f 2770/9640/2269 2772/9639/2269 2771/9638/2269 2769/9637/2269
f 2772/9644/2270 2774/9643/2270 2773/9642/2270 2771/9641/2270
f 2774/9648/2271 2776/9647/2271 2775/9646/2271 2773/9645/2271
f 2776/9652/2272 2778/9651/2272 2777/9650/2272 2775/9649/2272
f 2778/9656/2273 2780/9655/2273 2779/9654/2273 2777/9653/2273
f 2780/9660/2274 2764/9659/2274 2761/9658/2274 2779/9657/2274
f 2780/9670/2275 2778/9669/2275 2776/9668/2275 2774/9667/2275 2772/9666/2275 2770/9665/2275 2768/9664/2275 2766/9663/2275 2763/9662/2275 2764/9661/2275
f 2761/9680/2276 2762/9679/2276 2765/9678/2276 2767/9677/2276 2769/9676/2276 2771/9675/2276 2773/9674/2276 2775/9673/2276 2777/9672/2276 2779/9671/2276
f 2784/9684/2277 2783/9683/2277 2782/9682/2277 2781/9681/2277
f 2783/9688/2278 2786/9687/2278 2785/9686/2278 2782/9685/2278
f 2786/9692/2279 2788/9691/2279 2787/9690/2279 2785/9689/2279
f 2788/9696/2280 2790/9695/2280 2789/9694/2280 2787/9693/2280
f 2790/9700/2281 2792/9699/2281 2791/9698/2281 2789/9697/2281
f 2792/9704/2282 2794/9703/2282 2793/9702/2282 2791/9701/2282
f 2794/9708/2283 2796/9707/2283 2795/9706/2283 2793/9705/2283
f 2796/9712/2284 2798/9711/2284 2797/9710/2284 2795/9709/2284
f 2798/9716/2285 2800/9715/2285 2799/9714/2285 2797/9713/2285
f 2800/9720/2286 2784/9719/2286 2781/9718/2286 2799/9717/2286
f 2800/9730/2287 2798/9729/2287 2796/9728/2287 2794/9727/2287 2792/9726/2287 2790/9725/2287 2788/9724/2287 2786/9723/2287 2783/9722/2287 2784/9721/2287
f 2781/9740/2288 2782/9739/2288 2785/9738/2288 2787/9737/2288 2789/9736/2288 2791/9735/2288 2793/9734/2288 2795/9733/2288 2797/9732/2288 2799/9731/2288
f 2804/9744/2289 2803/9743/2289 2802/9742/2289 2801/9741/2289
f 2803/9748/2290 2806/9747/2290 2805/9746/2290 2802/9745/2290
f 2806/9752/2291 2808/9751/2291 2807/9750/2291 2805/9749/2291
f 2808/9756/2292 2810/9755/2292 2809/9754/2292 2807/9753/2292
f 2810/9760/2293 2812/9759/2293 2811/9758/2293 2809/9757/2293
f 2812/9764/2294 2814/9763/2294 2813/9762/2294 2811/9761/2294
f 2814/9768/2295 2816/9767/2295 2815/9766/2295 2813/9765/2295
f 2816/9772/2296 2818/9771/2296 2817/9770/2296 2815/9769/2296
f 2818/9776/2297 2820/9775/2297 2819/9774/2297 2817/9773/2297
f 2820/9780/2298 2804/9779/2298 2801/9778/2298 2819/9777/2298
f 2801/9790/2299 2802/9789/2299 2805/9788/2299 2807/9787/2299 2809/9786/2299 2811/9785/2299 2813/9784/2299 2815/9783/2299 2817/9782/2299 2819/9781/2299
f 2820/9800/2300 2818/9799/2300 2816/9798/2300 2814/9797/2300 2812/9796/2300 2810/9795/2300 2808/9794/2300 2806/9793/2300 2803/9792/2300 2804/9791/2300
o group403370847
g mesh403370847
usemtl mat19
f 2824/9804/2301 2823/9803/2301 2822/9802/2301 2821/9801/2301
f 2823/9808/2302 2826/9807/2302 2825/9806/2302 2822/9805/2302
f 2826/9812/2303 2828/9811/2303 2827/9810/2303 2825/9809/2303
f 2828/9816/2304 2830/9815/2304 2829/9814/2304 2827/9813/2304
f 2830/9820/2305 2832/9819/2305 2831/9818/2305 2829/9817/2305
f 2832/9824/2306 2834/9823/2306 2833/9822/2306 2831/9821/2306
f 2834/9828/2307 2836/9827/2307 2835/9826/2307 2833/9825/2307
f 2836/9832/2308 2838/9831/2308 2837/9830/2308 2835/9829/2308
f 2838/9836/2309 2840/9835/2309 2839/9834/2309 2837/9833/2309
f 2840/9840/2310 2824/9839/2310 2821/9838/2310 2839/9837/2310
f 2821/9850/2311 2822/9849/2311 2825/9848/2311 2827/9847/2311 2829/9846/2311 2831/9845/2311 2833/9844/2311 2835/9843/2311 2837/9842/2311 2839/9841/2311
f 2840/9860/2312 2838/9859/2312 2836/9858/2312 2834/9857/2312 2832/9856/2312 2830/9855/2312 2828/9854/2312 2826/9853/2312 2823/9852/2312 2824/9851/2312
f 2844/9864/2313 2843/9863/2313 2842/9862/2313 2841/9861/2313
f 2843/9868/2314 2846/9867/2314 2845/9866/2314 2842/9865/2314
f 2846/9872/2315 2848/9871/2315 2847/9870/2315 2845/9869/2315
f 2848/9876/2316 2850/9875/2316 2849/9874/2316 2847/9873/2316
f 2850/9880/2317 2852/9879/2317 2851/9878/2317 2849/9877/2317
f 2852/9884/2318 2854/9883/2318 2853/9882/2318 2851/9881/2318
f 2854/9888/2319 2856/9887/2319 2855/9886/2319 2853/9885/2319
f 2856/9892/2320 2858/9891/2320 2857/9890/2320 2855/9889/2320
f 2858/9896/2321 2860/9895/2321 2859/9894/2321 2857/9893/2321
f 2860/9900/2322 2844/9899/2322 2841/9898/2322 2859/9897/2322
f 2860/9910/2323 2858/9909/2323 2856/9908/2323 2854/9907/2323 2852/9906/2323 2850/9905/2323 2848/9904/2323 2846/9903/2323 2843/9902/2323 2844/9901/2323
f 2841/9920/2324 2842/9919/2324 2845/9918/2324 2847/9917/2324 2849/9916/2324 2851/9915/2324 2853/9914/2324 2855/9913/2324 2857/9912/2324 2859/9911/2324
f 2864/9924/2325 2863/9923/2325 2862/9922/2325 2861/9921/2325
f 2863/9928/2326 2866/9927/2326 2865/9926/2326 2862/9925/2326
f 2866/9932/2327 2868/9931/2327 2867/9930/2327 2865/9929/2327
f 2868/9936/2328 2870/9935/2328 2869/9934/2328 2867/9933/2328
f 2870/9940/2329 2872/9939/2329 2871/9938/2329 2869/9937/2329
f 2872/9944/2330 2874/9943/2330 2873/9942/2330 2871/9941/2330
f 2874/9948/2331 2876/9947/2331 2875/9946/2331 2873/9945/2331
f 2876/9952/2332 2878/9951/2332 2877/9950/2332 2875/9949/2332
f 2878/9956/2333 2880/9955/2333 2879/9954/2333 2877/9953/2333
f 2880/9960/2334 2864/9959/2334 2861/9958/2334 2879/9957/2334
f 2880/9970/2335 2878/9969/2335 2876/9968/2335 2874/9967/2335 2872/9966/2335 2870/9965/2335 2868/9964/2335 2866/9963/2335 2863/9962/2335 2864/9961/2335
f 2861/9980/2336 2862/9979/2336 2865/9978/2336 2867/9977/2336 2869/9976/2336 2871/9975/2336 2873/9974/2336 2875/9973/2336 2877/9972/2336 2879/9971/2336
f 2884/9984/2337 2883/9983/2337 2882/9982/2337 2881/9981/2337
f 2883/9988/2338 2886/9987/2338 2885/9986/2338 2882/9985/2338
f 2886/9992/2339 2888/9991/2339 2887/9990/2339 2885/9989/2339
f 2888/9996/2340 2890/9995/2340 2889/9994/2340 2887/9993/2340
f 2890/10000/2341 2892/9999/2341 2891/9998/2341 2889/9997/2341
f 2892/10004/2342 2894/10003/2342 2893/10002/2342 2891/10001/2342
f 2894/10008/2343 2896/10007/2343 2895/10006/2343 2893/10005/2343
f 2896/10012/2344 2898/10011/2344 2897/10010/2344 2895/10009/2344
f 2898/10016/2345 2900/10015/2345 2899/10014/2345 2897/10013/2345
f 2900/10020/2346 2884/10019/2346 2881/10018/2346 2899/10017/2346
f 2881/10030/2347 2882/10029/2347 2885/10028/2347 2887/10027/2347 2889/10026/2347 2891/10025/2347 2893/10024/2347 2895/10023/2347 2897/10022/2347 2899/10021/2347
f 2900/10040/2348 2898/10039/2348 2896/10038/2348 2894/10037/2348 2892/10036/2348 2890/10035/2348 2888/10034/2348 2886/10033/2348 2883/10032/2348 2884/10031/2348
f 2904/10044/2349 2903/10043/2349 2902/10042/2349 2901/10041/2349
f 2903/10048/2350 2906/10047/2350 2905/10046/2350 2902/10045/2350
f 2906/10052/2351 2908/10051/2351 2907/10050/2351 2905/10049/2351
f 2908/10056/2352 2910/10055/2352 2909/10054/2352 2907/10053/2352
f 2910/10060/2353 2912/10059/2353 2911/10058/2353 2909/10057/2353
f 2912/10064/2354 2914/10063/2354 2913/10062/2354 2911/10061/2354
f 2914/10068/2355 2916/10067/2355 2915/10066/2355 2913/10065/2355
f 2916/10072/2356 2918/10071/2356 2917/10070/2356 2915/10069/2356
f 2918/10076/2357 2920/10075/2357 2919/10074/2357 2917/10073/2357
f 2920/10080/2358 2904/10079/2358 2901/10078/2358 2919/10077/2358
f 2901/10090/2359 2902/10089/2359 2905/10088/2359 2907/10087/2359 2909/10086/2359 2911/10085/2359 2913/10084/2359 2915/10083/2359 2917/10082/2359 2919/10081/2359
f 2920/10100/2360 2918/10099/2360 2916/10098/2360 2914/10097/2360 2912/10096/2360 2910/10095/2360 2908/10094/2360 2906/10093/2360 2903/10092/2360 2904/10091/2360
f 2924/10104/2361 2923/10103/2361 2922/10102/2361 2921/10101/2361
f 2923/10108/2362 2926/10107/2362 2925/10106/2362 2922/10105/2362
f 2926/10112/2363 2928/10111/2363 2927/10110/2363 2925/10109/2363
f 2928/10116/2364 2930/10115/2364 2929/10114/2364 2927/10113/2364
f 2930/10120/2365 2932/10119/2365 2931/10118/2365 2929/10117/2365
f 2932/10124/2366 2934/10123/2366 2933/10122/2366 2931/10121/2366
f 2934/10128/2367 2936/10127/2367 2935/10126/2367 2933/10125/2367
f 2936/10132/2368 2938/10131/2368 2937/10130/2368 2935/10129/2368
f 2938/10136/2369 2940/10135/2369 2939/10134/2369 2937/10133/2369
f 2940/10140/2370 2924/10139/2370 2921/10138/2370 2939/10137/2370
f 2940/10150/2371 2938/10149/2371 2936/10148/2371 2934/10147/2371 2932/10146/2371 2930/10145/2371 2928/10144/2371 2926/10143/2371 2923/10142/2371 2924/10141/2371
f 2921/10160/2372 2922/10159/2372 2925/10158/2372 2927/10157/2372 2929/10156/2372 2931/10155/2372 2933/10154/2372 2935/10153/2372 2937/10152/2372 2939/10151/2372
f 2944/10164/2373 2943/10163/2373 2942/10162/2373 2941/10161/2373
f 2943/10168/2374 2946/10167/2374 2945/10166/2374 2942/10165/2374
f 2946/10172/2375 2948/10171/2375 2947/10170/2375 2945/10169/2375
f 2948/10176/2376 2950/10175/2376 2949/10174/2376 2947/10173/2376
f 2950/10180/2377 2952/10179/2377 2951/10178/2377 2949/10177/2377
f 2952/10184/2378 2954/10183/2378 2953/10182/2378 2951/10181/2378
f 2954/10188/2379 2956/10187/2379 2955/10186/2379 2953/10185/2379
f 2956/10192/2380 2958/10191/2380 2957/10190/2380 2955/10189/2380
f 2958/10196/2381 2960/10195/2381 2959/10194/2381 2957/10193/2381
f 2960/10200/2382 2944/10199/2382 2941/10198/2382 2959/10197/2382
f 2941/10210/2383 2942/10209/2383 2945/10208/2383 2947/10207/2383 2949/10206/2383 2951/10205/2383 2953/10204/2383 2955/10203/2383 2957/10202/2383 2959/10201/2383
f 2960/10220/2384 2958/10219/2384 2956/10218/2384 2954/10217/2384 2952/10216/2384 2950/10215/2384 2948/10214/2384 2946/10213/2384 2943/10212/2384 2944/10211/2384
f 2964/10224/2385 2963/10223/2385 2962/10222/2385 2961/10221/2385
f 2963/10228/2386 2966/10227/2386 2965/10226/2386 2962/10225/2386
f 2966/10232/2387 2968/10231/2387 2967/10230/2387 2965/10229/2387
f 2968/10236/2388 2970/10235/2388 2969/10234/2388 2967/10233/2388
f 2970/10240/2389 2972/10239/2389 2971/10238/2389 2969/10237/2389
f 2972/10244/2390 2974/10243/2390 2973/10242/2390 2971/10241/2390
f 2974/10248/2391 2976/10247/2391 2975/10246/2391 2973/10245/2391
f 2976/10252/2392 2978/10251/2392 2977/10250/2392 2975/10249/2392
f 2978/10256/2393 2980/10255/2393 2979/10254/2393 2977/10253/2393
f 2980/10260/2394 2964/10259/2394 2961/10258/2394 2979/10257/2394
f 2980/10270/2395 2978/10269/2395 2976/10268/2395 2974/10267/2395 2972/10266/2395 2970/10265/2395 2968/10264/2395 2966/10263/2395 2963/10262/2395 2964/10261/2395
f 2961/10280/2396 2962/10279/2396 2965/10278/2396 2967/10277/2396 2969/10276/2396 2971/10275/2396 2973/10274/2396 2975/10273/2396 2977/10272/2396 2979/10271/2396
f 2984/10284/2397 2983/10283/2397 2982/10282/2397 2981/10281/2397
f 2983/10288/2398 2986/10287/2398 2985/10286/2398 2982/10285/2398
f 2986/10292/2399 2988/10291/2399 2987/10290/2399 2985/10289/2399
f 2988/10296/2400 2990/10295/2400 2989/10294/2400 2987/10293/2400
f 2990/10300/2401 2992/10299/2401 2991/10298/2401 2989/10297/2401
f 2992/10304/2402 2994/10303/2402 2993/10302/2402 2991/10301/2402
f 2994/10308/2403 2996/10307/2403 2995/10306/2403 2993/10305/2403
f 2996/10312/2404 2998/10311/2404 2997/10310/2404 2995/10309/2404
f 2998/10316/2405 3000/10315/2405 2999/10314/2405 2997/10313/2405
f 3000/10320/2406 2984/10319/2406 2981/10318/2406 2999/10317/2406
f 3000/10330/2407 2998/10329/2407 2996/10328/2407 2994/10327/2407 2992/10326/2407 2990/10325/2407 2988/10324/2407 2986/10323/2407 2983/10322/2407 2984/10321/2407
f 2981/10340/2408 2982/10339/2408 2985/10338/2408 2987/10337/2408 2989/10336/2408 2991/10335/2408 2993/10334/2408 2995/10333/2408 2997/10332/2408 2999/10331/2408
f 3004/10344/2409 3003/10343/2409 3002/10342/2409 3001/10341/2409
f 3003/10348/2410 3006/10347/2410 3005/10346/2410 3002/10345/2410
f 3006/10352/2411 3008/10351/2411 3007/10350/2411 3005/10349/2411
f 3008/10356/2412 3010/10355/2412 3009/10354/2412 3007/10353/2412
f 3010/10360/2413 3012/10359/2413 3011/10358/2413 3009/10357/2413
f 3012/10364/2414 3014/10363/2414 3013/10362/2414 3011/10361/2414
f 3014/10368/2415 3016/10367/2415 3015/10366/2415 3013/10365/2415
f 3016/10372/2416 3018/10371/2416 3017/10370/2416 3015/10369/2416
f 3018/10376/2417 3020/10375/2417 3019/10374/2417 3017/10373/2417
f 3020/10380/2418 3004/10379/2418 3001/10378/2418 3019/10377/2418
f 3001/10390/2419 3002/10389/2419 3005/10388/2419 3007/10387/2419 3009/10386/2419 3011/10385/2419 3013/10384/2419 3015/10383/2419 3017/10382/2419 3019/10381/2419
f 3020/10400/2420 3018/10399/2420 3016/10398/2420 3014/10397/2420 3012/10396/2420 3010/10395/2420 3008/10394/2420 3006/10393/2420 3003/10392/2420 3004/10391/2420
f 3024/10404/2421 3023/10403/2421 3022/10402/2421 3021/10401/2421
f 3023/10408/2422 3026/10407/2422 3025/10406/2422 3022/10405/2422
f 3026/10412/2423 3028/10411/2423 3027/10410/2423 3025/10409/2423
f 3028/10416/2424 3030/10415/2424 3029/10414/2424 3027/10413/2424
f 3030/10420/2425 3032/10419/2425 3031/10418/2425 3029/10417/2425
f 3032/10424/2426 3034/10423/2426 3033/10422/2426 3031/10421/2426
f 3034/10428/2427 3036/10427/2427 3035/10426/2427 3033/10425/2427
f 3036/10432/2428 3038/10431/2428 3037/10430/2428 3035/10429/2428
f 3038/10436/2429 3040/10435/2429 3039/10434/2429 3037/10433/2429
f 3040/10440/2430 3024/10439/2430 3021/10438/2430 3039/10437/2430
f 3040/10450/2431 3038/10449/2431 3036/10448/2431 3034/10447/2431 3032/10446/2431 3030/10445/2431 3028/10444/2431 3026/10443/2431 3023/10442/2431 3024/10441/2431
f 3021/10460/2432 3022/10459/2432 3025/10458/2432 3027/10457/2432 3029/10456/2432 3031/10455/2432 3033/10454/2432 3035/10453/2432 3037/10452/2432 3039/10451/2432
f 3044/10464/2433 3043/10463/2433 3042/10462/2433 3041/10461/2433
f 3043/10468/2434 3046/10467/2434 3045/10466/2434 3042/10465/2434
f 3046/10472/2435 3048/10471/2435 3047/10470/2435 3045/10469/2435
f 3048/10476/2436 3050/10475/2436 3049/10474/2436 3047/10473/2436
f 3050/10480/2437 3052/10479/2437 3051/10478/2437 3049/10477/2437
f 3052/10484/2438 3054/10483/2438 3053/10482/2438 3051/10481/2438
f 3054/10488/2439 3056/10487/2439 3055/10486/2439 3053/10485/2439
f 3056/10492/2440 3058/10491/2440 3057/10490/2440 3055/10489/2440
f 3058/10496/2441 3060/10495/2441 3059/10494/2441 3057/10493/2441
f 3060/10500/2442 3044/10499/2442 3041/10498/2442 3059/10497/2442
f 3041/10510/2443 3042/10509/2443 3045/10508/2443 3047/10507/2443 3049/10506/2443 3051/10505/2443 3053/10504/2443 3055/10503/2443 3057/10502/2443 3059/10501/2443
f 3060/10520/2444 3058/10519/2444 3056/10518/2444 3054/10517/2444 3052/10516/2444 3050/10515/2444 3048/10514/2444 3046/10513/2444 3043/10512/2444 3044/10511/2444
f 3064/10524/2445 3063/10523/2445 3062/10522/2445 3061/10521/2445
f 3063/10528/2446 3066/10527/2446 3065/10526/2446 3062/10525/2446
f 3066/10532/2447 3068/10531/2447 3067/10530/2447 3065/10529/2447
f 3068/10536/2448 3070/10535/2448 3069/10534/2448 3067/10533/2448
f 3070/10540/2449 3072/10539/2449 3071/10538/2449 3069/10537/2449
f 3072/10544/2450 3074/10543/2450 3073/10542/2450 3071/10541/2450
f 3074/10548/2451 3076/10547/2451 3075/10546/2451 3073/10545/2451
f 3076/10552/2452 3078/10551/2452 3077/10550/2452 3075/10549/2452
f 3078/10556/2453 3080/10555/2453 3079/10554/2453 3077/10553/2453
f 3080/10560/2454 3064/10559/2454 3061/10558/2454 3079/10557/2454
f 3080/10570/2455 3078/10569/2455 3076/10568/2455 3074/10567/2455 3072/10566/2455 3070/10565/2455 3068/10564/2455 3066/10563/2455 3063/10562/2455 3064/10561/2455
f 3061/10580/2456 3062/10579/2456 3065/10578/2456 3067/10577/2456 3069/10576/2456 3071/10575/2456 3073/10574/2456 3075/10573/2456 3077/10572/2456 3079/10571/2456
f 3084/10584/2457 3083/10583/2457 3082/10582/2457 3081/10581/2457
f 3083/10588/2458 3086/10587/2458 3085/10586/2458 3082/10585/2458
f 3086/10592/2459 3088/10591/2459 3087/10590/2459 3085/10589/2459
f 3088/10596/2460 3090/10595/2460 3089/10594/2460 3087/10593/2460
f 3090/10600/2461 3092/10599/2461 3091/10598/2461 3089/10597/2461
f 3092/10604/2462 3094/10603/2462 3093/10602/2462 3091/10601/2462
f 3094/10608/2463 3096/10607/2463 3095/10606/2463 3093/10605/2463
f 3096/10612/2464 3098/10611/2464 3097/10610/2464 3095/10609/2464
f 3098/10616/2465 3100/10615/2465 3099/10614/2465 3097/10613/2465
f 3100/10620/2466 3084/10619/2466 3081/10618/2466 3099/10617/2466
f 3081/10630/2467 3082/10629/2467 3085/10628/2467 3087/10627/2467 3089/10626/2467 3091/10625/2467 3093/10624/2467 3095/10623/2467 3097/10622/2467 3099/10621/2467
f 3100/10640/2468 3098/10639/2468 3096/10638/2468 3094/10637/2468 3092/10636/2468 3090/10635/2468 3088/10634/2468 3086/10633/2468 3083/10632/2468 3084/10631/2468
f 3104/10644/2469 3103/10643/2469 3102/10642/2469 3101/10641/2469
f 3103/10648/2470 3106/10647/2470 3105/10646/2470 3102/10645/2470
f 3106/10652/2471 3108/10651/2471 3107/10650/2471 3105/10649/2471
f 3108/10656/2472 3110/10655/2472 3109/10654/2472 3107/10653/2472
f 3110/10660/2473 3112/10659/2473 3111/10658/2473 3109/10657/2473
f 3112/10664/2474 3114/10663/2474 3113/10662/2474 3111/10661/2474
f 3114/10668/2475 3116/10667/2475 3115/10666/2475 3113/10665/2475
f 3116/10672/2476 3118/10671/2476 3117/10670/2476 3115/10669/2476
f 3118/10676/2477 3120/10675/2477 3119/10674/2477 3117/10673/2477
f 3120/10680/2478 3104/10679/2478 3101/10678/2478 3119/10677/2478
f 3120/10690/2479 3118/10689/2479 3116/10688/2479 3114/10687/2479 3112/10686/2479 3110/10685/2479 3108/10684/2479 3106/10683/2479 3103/10682/2479 3104/10681/2479
f 3101/10700/2480 3102/10699/2480 3105/10698/2480 3107/10697/2480 3109/10696/2480 3111/10695/2480 3113/10694/2480 3115/10693/2480 3117/10692/2480 3119/10691/2480
f 3124/10704/2481 3123/10703/2481 3122/10702/2481 3121/10701/2481
f 3123/10708/2482 3126/10707/2482 3125/10706/2482 3122/10705/2482
f 3126/10712/2483 3128/10711/2483 3127/10710/2483 3125/10709/2483
f 3128/10716/2484 3130/10715/2484 3129/10714/2484 3127/10713/2484
f 3130/10720/2485 3132/10719/2485 3131/10718/2485 3129/10717/2485
f 3132/10724/2486 3134/10723/2486 3133/10722/2486 3131/10721/2486
f 3134/10728/2487 3136/10727/2487 3135/10726/2487 3133/10725/2487
f 3136/10732/2488 3138/10731/2488 3137/10730/2488 3135/10729/2488
f 3138/10736/2489 3140/10735/2489 3139/10734/2489 3137/10733/2489
f 3140/10740/2490 3124/10739/2490 3121/10738/2490 3139/10737/2490
f 3121/10750/2491 3122/10749/2491 3125/10748/2491 3127/10747/2491 3129/10746/2491 3131/10745/2491 3133/10744/2491 3135/10743/2491 3137/10742/2491 3139/10741/2491
f 3140/10760/2492 3138/10759/2492 3136/10758/2492 3134/10757/2492 3132/10756/2492 3130/10755/2492 3128/10754/2492 3126/10753/2492 3123/10752/2492 3124/10751/2492
f 3144/10764/2493 3143/10763/2493 3142/10762/2493 3141/10761/2493
f 3143/10768/2494 3146/10767/2494 3145/10766/2494 3142/10765/2494
f 3146/10772/2495 3148/10771/2495 3147/10770/2495 3145/10769/2495
f 3148/10776/2496 3150/10775/2496 3149/10774/2496 3147/10773/2496
f 3150/10780/2497 3152/10779/2497 3151/10778/2497 3149/10777/2497
f 3152/10784/2498 3154/10783/2498 3153/10782/2498 3151/10781/2498
f 3154/10788/2499 3156/10787/2499 3155/10786/2499 3153/10785/2499
f 3156/10792/2500 3158/10791/2500 3157/10790/2500 3155/10789/2500
f 3158/10796/2501 3160/10795/2501 3159/10794/2501 3157/10793/2501
f 3160/10800/2502 3144/10799/2502 3141/10798/2502 3159/10797/2502
f 3160/10810/2503 3158/10809/2503 3156/10808/2503 3154/10807/2503 3152/10806/2503 3150/10805/2503 3148/10804/2503 3146/10803/2503 3143/10802/2503 3144/10801/2503
f 3141/10820/2504 3142/10819/2504 3145/10818/2504 3147/10817/2504 3149/10816/2504 3151/10815/2504 3153/10814/2504 3155/10813/2504 3157/10812/2504 3159/10811/2504
f 3164/10824/2505 3163/10823/2505 3162/10822/2505 3161/10821/2505
f 3163/10828/2506 3166/10827/2506 3165/10826/2506 3162/10825/2506
f 3166/10832/2507 3168/10831/2507 3167/10830/2507 3165/10829/2507
f 3168/10836/2508 3170/10835/2508 3169/10834/2508 3167/10833/2508
f 3170/10840/2509 3172/10839/2509 3171/10838/2509 3169/10837/2509
f 3172/10844/2510 3174/10843/2510 3173/10842/2510 3171/10841/2510
f 3174/10848/2511 3176/10847/2511 3175/10846/2511 3173/10845/2511
f 3176/10852/2512 3178/10851/2512 3177/10850/2512 3175/10849/2512
f 3178/10856/2513 3180/10855/2513 3179/10854/2513 3177/10853/2513
f 3180/10860/2514 3164/10859/2514 3161/10858/2514 3179/10857/2514
f 3161/10870/2515 3162/10869/2515 3165/10868/2515 3167/10867/2515 3169/10866/2515 3171/10865/2515 3173/10864/2515 3175/10863/2515 3177/10862/2515 3179/10861/2515
f 3180/10880/2516 3178/10879/2516 3176/10878/2516 3174/10877/2516 3172/10876/2516 3170/10875/2516 3168/10874/2516 3166/10873/2516 3163/10872/2516 3164/10871/2516
f 3184/10884/2517 3183/10883/2517 3182/10882/2517 3181/10881/2517
f 3183/10888/2518 3186/10887/2518 3185/10886/2518 3182/10885/2518
f 3186/10892/2519 3188/10891/2519 3187/10890/2519 3185/10889/2519
f 3188/10896/2520 3190/10895/2520 3189/10894/2520 3187/10893/2520
f 3190/10900/2521 3192/10899/2521 3191/10898/2521 3189/10897/2521
f 3192/10904/2522 3194/10903/2522 3193/10902/2522 3191/10901/2522
f 3194/10908/2523 3196/10907/2523 3195/10906/2523 3193/10905/2523
f 3196/10912/2524 3198/10911/2524 3197/10910/2524 3195/10909/2524
f 3198/10916/2525 3200/10915/2525 3199/10914/2525 3197/10913/2525
f 3200/10920/2526 3184/10919/2526 3181/10918/2526 3199/10917/2526
f 3181/10930/2527 3182/10929/2527 3185/10928/2527 3187/10927/2527 3189/10926/2527 3191/10925/2527 3193/10924/2527 3195/10923/2527 3197/10922/2527 3199/10921/2527
f 3200/10940/2528 3198/10939/2528 3196/10938/2528 3194/10937/2528 3192/10936/2528 3190/10935/2528 3188/10934/2528 3186/10933/2528 3183/10932/2528 3184/10931/2528
f 3204/10944/2529 3203/10943/2529 3202/10942/2529 3201/10941/2529
f 3203/10948/2530 3206/10947/2530 3205/10946/2530 3202/10945/2530
f 3206/10952/2531 3208/10951/2531 3207/10950/2531 3205/10949/2531
f 3208/10956/2532 3210/10955/2532 3209/10954/2532 3207/10953/2532
f 3210/10960/2533 3212/10959/2533 3211/10958/2533 3209/10957/2533
f 3212/10964/2534 3214/10963/2534 3213/10962/2534 3211/10961/2534
f 3214/10968/2535 3216/10967/2535 3215/10966/2535 3213/10965/2535
f 3216/10972/2536 3218/10971/2536 3217/10970/2536 3215/10969/2536
f 3218/10976/2537 3220/10975/2537 3219/10974/2537 3217/10973/2537
f 3220/10980/2538 3204/10979/2538 3201/10978/2538 3219/10977/2538
f 3220/10990/2539 3218/10989/2539 3216/10988/2539 3214/10987/2539 3212/10986/2539 3210/10985/2539 3208/10984/2539 3206/10983/2539 3203/10982/2539 3204/10981/2539
f 3201/11000/2540 3202/10999/2540 3205/10998/2540 3207/10997/2540 3209/10996/2540 3211/10995/2540 3213/10994/2540 3215/10993/2540 3217/10992/2540 3219/10991/2540
